{"type":"FeatureCollection","features":[{"type":"Feature","geometry":{"type":"Polygon","coordinates":[[[-118.19738,49.00041],[-118.19483,48.99693],[-118.19746,48.99383],[-118.19971,48.9936],[-118.20381,48.9947],[-118.20771,48.99704],[-118.20993,48.99746],[-118.21516,48.99776],[-118.21995,48.99741],[-118.21903,48.99496],[-118.21612,48.99371],[-118.21113,48.99027],[-118.207,48.98971],[-118.20605,48.98873],[-118.2059,48.98743],[-118.21003,48.98563],[-118.21459,48.98602],[-118.21617,48.98424],[-118.21673,48.98108],[-118.2159,48.97754],[-118.21779,48.97347],[-118.22166,48.9705],[-118.21988,48.96835],[-118.2169,48.96767],[-118.21417,48.96841],[-118.21122,48.96699],[-118.20724,48.96308],[-118.20836,48.96122],[-118.20999,48.96077],[-118.2113,48.95926],[-118.21049,48.9576],[-118.21122,48.95639],[-118.21463,48.95328],[-118.21581,48.95111],[-118.21909,48.94255],[-118.22083,48.94078],[-118.2206,48.9391],[-118.22167,48.9371],[-118.21999,48.93403],[-118.21783,48.92875],[-118.21527,48.9256],[-118.21178,48.92238],[-118.20572,48.91868],[-118.20476,48.91688],[-118.20117,48.91482],[-118.19906,48.91506],[-118.19693,48.91445],[-118.19595,48.91326],[-118.19764,48.91176],[-118.20014,48.90762],[-118.20083,48.90422],[-118.20316,48.90153],[-118.20949,48.89983],[-118.21026,48.89846],[-118.20931,48.89791],[-118.20932,48.89521],[-118.21201,48.8906],[-118.21448,48.88816],[-118.21412,48.88673],[-118.21249,48.8856],[-118.21287,48.88187],[-118.2138,48.88018],[-118.21364,48.87797],[-118.21275,48.87608],[-118.21021,48.87368],[-118.21011,48.87229],[-118.20699,48.87035],[-118.20588,48.87054],[-118.20285,48.86956],[-118.19848,48.86727],[-118.20114,48.86063],[-118.20144,48.85759],[-118.1988,48.85504],[-118.19658,48.85411],[-118.19421,48.85154],[-118.19381,48.84878],[-118.19607,48.84255],[-118.19551,48.84073],[-118.18988,48.83873],[-118.18663,48.8381],[-118.18214,48.83833],[-118.17932,48.83764],[-118.17856,48.8352],[-118.17753,48.83422],[-118.17646,48.83168],[-118.17476,48.83004],[-118.17106,48.82803],[-118.17052,48.82555],[-118.16798,48.81811],[-118.16625,48.8146],[-118.16245,48.81124],[-118.16092,48.80896],[-118.16063,48.8057],[-118.15976,48.80471],[-118.15986,48.80125],[-118.15878,48.80001],[-118.16085,48.79486],[-118.16022,48.79332],[-118.1574,48.79097],[-118.15437,48.78984],[-118.14806,48.78814],[-118.14615,48.78596],[-118.14525,48.78087],[-118.14321,48.77929],[-118.14192,48.77905],[-118.13853,48.77977],[-118.13579,48.783],[-118.13408,48.78379],[-118.1297,48.78489],[-118.12683,48.78619],[-118.12572,48.78541],[-118.12463,48.78318],[-118.122,48.77926],[-118.12235,48.7763],[-118.12363,48.77447],[-118.12481,48.77467],[-118.12752,48.77694],[-118.131,48.77765],[-118.13277,48.77693],[-118.13462,48.77408],[-118.13399,48.7716],[-118.13387,48.7682],[-118.13325,48.76636],[-118.13068,48.76493],[-118.12704,48.76514],[-118.12538,48.76393],[-118.12535,48.76161],[-118.12674,48.76074],[-118.13135,48.76048],[-118.13303,48.75968],[-118.13364,48.75741],[-118.1323,48.75627],[-118.12937,48.75507],[-118.1261,48.75372],[-118.12356,48.7517],[-118.12231,48.7499],[-118.12267,48.74581],[-118.12427,48.74521],[-118.12856,48.74537],[-118.12997,48.74467],[-118.12875,48.73993],[-118.12484,48.73671],[-118.11845,48.73764],[-118.118,48.73723],[-118.11785,48.73445],[-118.12096,48.73149],[-118.1261,48.72775],[-118.12582,48.72468],[-118.12252,48.72125],[-118.12008,48.71997],[-118.11934,48.71887],[-118.11976,48.71577],[-118.12065,48.71297],[-118.12039,48.71139],[-118.1182,48.70834],[-118.12019,48.70519],[-118.12096,48.70227],[-118.11941,48.69616],[-118.11695,48.69262],[-118.11426,48.6839],[-118.11547,48.68035],[-118.1185,48.67933],[-118.11733,48.67714],[-118.11736,48.67474],[-118.11639,48.674],[-118.11181,48.67404],[-118.1102,48.67133],[-118.11001,48.66825],[-118.10913,48.66702],[-118.10872,48.66227],[-118.10615,48.65764],[-118.10496,48.6535],[-118.10452,48.64602],[-118.10515,48.6437],[-118.10713,48.64093],[-118.11453,48.63865],[-118.11614,48.63659],[-118.11638,48.63151],[-118.11708,48.63064],[-118.11984,48.63065],[-118.12007,48.62933],[-118.11892,48.62836],[-118.11812,48.62596],[-118.11787,48.62341],[-118.12053,48.61976],[-118.12306,48.61857],[-118.12545,48.61598],[-118.1261,48.61376],[-118.12701,48.61299],[-118.12722,48.61181],[-118.1261,48.60996],[-118.12765,48.60946],[-118.12844,48.60482],[-118.12722,48.60068],[-118.12744,48.59755],[-118.12703,48.59332],[-118.12755,48.59048],[-118.12553,48.58573],[-118.12545,48.58452],[-118.12862,48.57988],[-118.1335,48.57474],[-118.13488,48.57288],[-118.13648,48.5697],[-118.13792,48.56553],[-118.13862,48.56167],[-118.13848,48.5586],[-118.13979,48.55419],[-118.14025,48.55129],[-118.1431,48.54823],[-118.14344,48.54618],[-118.14203,48.54081],[-118.1423,48.53691],[-118.14191,48.53521],[-118.13993,48.53143],[-118.14192,48.52669],[-118.14705,48.52166],[-118.14971,48.52057],[-118.15385,48.52032],[-118.15672,48.52058],[-118.16339,48.52236],[-118.16915,48.52322],[-118.17071,48.52309],[-118.17487,48.52132],[-118.17731,48.51797],[-118.17912,48.5168],[-118.17875,48.51486],[-118.17964,48.51249],[-118.18127,48.50643],[-118.18112,48.50407],[-118.1817,48.4999],[-118.18331,48.4953],[-118.18916,48.48169],[-118.18921,48.4816],[-118.19521,48.478],[-118.19711,48.4765],[-118.20331,48.4728],[-118.20651,48.4703],[-118.21051,48.464],[-118.21221,48.4577],[-118.21261,48.4529],[-118.21181,48.45],[-118.21201,48.45],[-118.20481,48.4449],[-118.20291,48.4422],[-118.20271,48.4388],[-118.20351,48.4339],[-118.20141,48.4298],[-118.20041,48.4263],[-118.20071,48.4233],[-118.20244,48.41872],[-118.20313,48.41541],[-118.20351,48.40969],[-118.2026,48.40679],[-118.2005,48.40339],[-118.1961,48.39879],[-118.19286,48.39502],[-118.1897,48.39149],[-118.1876,48.38739],[-118.1869,48.38199],[-118.1858,48.37819],[-118.1832,48.37519],[-118.1819,48.37289],[-118.1812,48.36689],[-118.1802,48.36369],[-118.1802,48.35829],[-118.1796,48.35289],[-118.1801,48.34799],[-118.1794,48.34259],[-118.18,48.34079],[-118.1802,48.33569],[-118.1794,48.33329],[-118.17597,48.32636],[-118.1756,48.31949],[-118.17285,48.31618],[-118.1689,48.31239],[-118.1649,48.30449],[-118.1587,48.30099],[-118.1563,48.29869],[-118.1545,48.29589],[-118.15228,48.28985],[-118.15181,48.28576],[-118.15075,48.28225],[-118.14833,48.27776],[-118.14413,48.27513],[-118.14062,48.26975],[-118.13979,48.26731],[-118.14039,48.26577],[-118.14148,48.26016],[-118.1441,48.25545],[-118.14459,48.2534],[-118.1464,48.24989],[-118.148,48.24539],[-118.14931,48.24342],[-118.1516,48.24069],[-118.1545,48.23789],[-118.1583,48.23509],[-118.1653,48.23039],[-118.1742,48.22539],[-118.1803,48.22149],[-118.1881,48.21749],[-118.1907,48.21589],[-118.1949,48.21249],[-118.1949,48.21189],[-118.1918,48.21039],[-118.1895,48.20759],[-118.1894,48.20519],[-118.1881,48.20159],[-118.1876,48.19909],[-118.1879,48.19709],[-118.1892,48.19619],[-118.1932,48.19479],[-118.1962,48.19149],[-118.1966,48.19059],[-118.196,48.17909],[-118.1923,48.16709],[-118.1913,48.15859],[-118.194,48.14919],[-118.1965,48.14529],[-118.2005,48.14119],[-118.2057,48.13859],[-118.2075,48.13829],[-118.2212,48.13809],[-118.2253,48.13719],[-118.2301,48.13519],[-118.2333,48.13469],[-118.2426,48.13548],[-118.24761,48.13466],[-118.2511,48.13275],[-118.25439,48.12853],[-118.25358,48.12284],[-118.25368,48.12005],[-118.25468,48.11736],[-118.25359,48.11298],[-118.2511,48.11079],[-118.2477,48.10949],[-118.2432,48.10829],[-118.2394,48.10629],[-118.2375,48.10479],[-118.2357,48.10109],[-118.2351,48.09799],[-118.2322,48.09199],[-118.2311,48.08829],[-118.2313,48.08479],[-118.2341,48.08119],[-118.235,48.07909],[-118.2353,48.07549],[-118.2336,48.07038],[-118.2332,48.06529],[-118.2344,48.06179],[-118.2382,48.05818],[-118.2427,48.05548],[-118.2452,48.05468],[-118.2501,48.05508],[-118.25604,48.05932],[-118.25789,48.05978],[-118.26128,48.05933],[-118.26447,48.05828],[-118.26665,48.05673],[-118.26565,48.05128],[-118.2672,48.04706],[-118.2704,48.0429],[-118.27548,48.04057],[-118.28332,48.04073],[-118.29976,48.04153],[-118.3107,48.04117],[-118.3161,48.04165],[-118.31956,48.04267],[-118.3324,48.04746],[-118.33947,48.04976],[-118.34708,48.05049],[-118.35442,48.05012],[-118.3589,48.04943],[-118.36629,48.0444],[-118.36946,48.04262],[-118.37611,48.04072],[-118.37971,48.03938],[-118.38401,48.03708],[-118.38941,48.03528],[-118.39661,48.03168],[-118.40081,48.02868],[-118.40241,48.02638],[-118.40241,48.02498],[-118.40111,48.02288],[-118.39891,48.02128],[-118.39591,48.01818],[-118.38871,48.01168],[-118.38151,48.00618],[-118.3785,48.00348],[-118.37535,47.99988],[-118.3739,47.99621],[-118.37064,47.98557],[-118.35214,47.97476],[-118.34874,47.97178],[-118.34962,47.96562],[-118.35238,47.95359],[-118.35609,47.92932],[-118.35018,47.91629],[-118.34,47.90018],[-118.34094,47.89432],[-118.33449,47.89379],[-118.33256,47.89419],[-118.32672,47.89635],[-118.32171,47.89629],[-118.32002,47.89732],[-118.32113,47.90077],[-118.3192,47.90435],[-118.31716,47.90878],[-118.31564,47.90998],[-118.31376,47.91021],[-118.30581,47.91373],[-118.30332,47.91546],[-118.29926,47.91674],[-118.29378,47.91896],[-118.28994,47.92132],[-118.28576,47.92333],[-118.2779,47.9267],[-118.27407,47.92892],[-118.27255,47.93051],[-118.27186,47.93269],[-118.27,47.93372],[-118.26716,47.93402],[-118.26269,47.93361],[-118.26087,47.93417],[-118.25998,47.93478],[-118.25924,47.93759],[-118.25538,47.94101],[-118.25109,47.94288],[-118.2461,47.9436],[-118.24287,47.94321],[-118.24045,47.9412],[-118.23783,47.94012],[-118.23285,47.93998],[-118.22955,47.94023],[-118.22395,47.94168],[-118.22142,47.94271],[-118.21803,47.94472],[-118.21554,47.94529],[-118.21061,47.94523],[-118.20895,47.94455],[-118.20624,47.94225],[-118.20225,47.93543],[-118.20111,47.93089],[-118.20003,47.92838],[-118.19851,47.928],[-118.19369,47.92784],[-118.19024,47.92627],[-118.18946,47.92474],[-118.18844,47.91983],[-118.18479,47.91629],[-118.18177,47.91487],[-118.17731,47.91177],[-118.17661,47.91046],[-118.17869,47.90426],[-118.17851,47.90199],[-118.17736,47.9014],[-118.16835,47.90311],[-118.16682,47.90277],[-118.1634,47.90018],[-118.1624,47.8987],[-118.16021,47.89721],[-118.15962,47.89518],[-118.16181,47.89293],[-118.16246,47.88983],[-118.16155,47.88673],[-118.16059,47.8851],[-118.1584,47.8839],[-118.15619,47.88429],[-118.15438,47.88659],[-118.15249,47.88718],[-118.14859,47.88667],[-118.14377,47.88471],[-118.14148,47.88213],[-118.13796,47.87537],[-118.1339,47.86973],[-118.13038,47.86557],[-118.12612,47.8619],[-118.12289,47.85727],[-118.12295,47.8564],[-118.12062,47.85188],[-118.11894,47.84637],[-118.11856,47.84349],[-118.12004,47.83966],[-118.1189,47.83681],[-118.11956,47.83463],[-118.11924,47.83352],[-118.11781,47.83263],[-118.11284,47.83281],[-118.10778,47.83251],[-118.10548,47.83039],[-118.09713,47.82845],[-118.09706,47.82715],[-118.0992,47.82493],[-118.09926,47.82362],[-118.09623,47.82119],[-118.09005,47.81485],[-118.08362,47.80955],[-118.08159,47.80576],[-118.08106,47.80374],[-118.07818,47.80006],[-118.07547,47.79945],[-118.06978,47.80018],[-118.06763,47.79942],[-118.06348,47.79729],[-118.06011,47.79742],[-118.05624,47.79925],[-118.05376,47.79881],[-118.05259,47.79794],[-118.04815,47.7923],[-118.04634,47.79288],[-118.04619,47.79517],[-118.04431,47.79687],[-118.04038,47.79941],[-118.0387,47.80103],[-118.03595,47.80272],[-118.03153,47.80384],[-118.02426,47.80213],[-118.01621,47.80453],[-118.0134,47.80558],[-118.01189,47.80684],[-118.01027,47.8097],[-118.0098,47.81348],[-118.00815,47.81732],[-118.00421,47.82325],[-117.99469,47.83219],[-117.99007,47.8344],[-117.98906,47.83468],[-117.98361,47.83437],[-117.97966,47.83443],[-117.97347,47.83329],[-117.97056,47.83312],[-117.96609,47.83223],[-117.96273,47.83011],[-117.95686,47.82808],[-117.95183,47.8277],[-117.94828,47.82713],[-117.94209,47.82548],[-117.93874,47.82524],[-117.93553,47.82322],[-117.93225,47.82358],[-117.92624,47.82529],[-117.92086,47.82766],[-117.9205,47.82828],[-117.91871,47.82901],[-117.91724,47.8324],[-117.91709,47.83256],[-117.91443,47.83361],[-117.9129,47.83522],[-117.9072,47.83527],[-117.90519,47.83695],[-117.9016,47.83593],[-117.89922,47.8358],[-117.89521,47.83629],[-117.88631,47.83834],[-117.88492,47.83963],[-117.88384,47.8422],[-117.88408,47.84442],[-117.88324,47.84608],[-117.88045,47.84774],[-117.87619,47.84741],[-117.8702,47.8455],[-117.86678,47.84506],[-117.86424,47.84447],[-117.85906,47.84301],[-117.85232,47.83879],[-117.84587,47.83708],[-117.84152,47.83679],[-117.84117,47.83727],[-117.83996,47.83804],[-117.83853,47.83592],[-117.83087,47.83434],[-117.82831,47.83332],[-117.82095,47.82578],[-117.81802,47.8213],[-117.81162,47.8175],[-117.80906,47.814],[-117.806,47.81223],[-117.7989,47.81191],[-117.79235,47.81103],[-117.79046,47.81136],[-117.7889,47.81436],[-117.78585,47.81739],[-117.78485,47.8203],[-117.78273,47.82436],[-117.78116,47.82645],[-117.77754,47.82824],[-117.77341,47.82896],[-117.77133,47.8302],[-117.76711,47.83182],[-117.76546,47.83181],[-117.76117,47.83064],[-117.75847,47.82954],[-117.75593,47.82766],[-117.75301,47.82682],[-117.7463,47.82972],[-117.74266,47.8305],[-117.73892,47.8335],[-117.73617,47.83746],[-117.73267,47.83939],[-117.72004,47.84485],[-117.71505,47.84589],[-117.71272,47.8471],[-117.70995,47.84895],[-117.70751,47.85241],[-117.7037,47.85506],[-117.69974,47.8552],[-117.69777,47.85628],[-117.69797,47.8592],[-117.69854,47.86033],[-117.70152,47.86245],[-117.70179,47.86512],[-117.69936,47.86906],[-117.69752,47.8748],[-117.6978,47.87535],[-117.6944,47.881],[-117.69221,47.88342],[-117.68639,47.88606],[-117.67823,47.88884],[-117.67521,47.8891],[-117.67275,47.88867],[-117.67138,47.88747],[-117.66651,47.88044],[-117.66594,47.87789],[-117.66603,47.87458],[-117.66746,47.8702],[-117.66722,47.86577],[-117.66758,47.86375],[-117.66585,47.86177],[-117.66419,47.85859],[-117.66392,47.85687],[-117.66442,47.85436],[-117.66425,47.8502],[-117.66371,47.84858],[-117.66089,47.84363],[-117.65678,47.84094],[-117.65596,47.8389],[-117.65273,47.8367],[-117.65193,47.83526],[-117.65111,47.83472],[-117.64787,47.83488],[-117.6458,47.83553],[-117.64079,47.83601],[-117.63651,47.83584],[-117.63251,47.83512],[-117.63007,47.83423],[-117.62678,47.83058],[-117.62345,47.8286],[-117.62002,47.82831],[-117.61815,47.82625],[-117.61768,47.82345],[-117.61642,47.81947],[-117.61501,47.81778],[-117.61311,47.81667],[-117.61004,47.81383],[-117.60763,47.81052],[-117.60215,47.80593],[-117.60012,47.80302],[-117.59488,47.79912],[-117.58999,47.7965],[-117.58652,47.79486],[-117.57892,47.79343],[-117.5758,47.79352],[-117.5715,47.79463],[-117.57191,47.79614],[-117.56784,47.80066],[-117.56525,47.80132],[-117.56122,47.80122],[-117.55326,47.80173],[-117.55127,47.80147],[-117.54522,47.79936],[-117.53738,47.79713],[-117.53526,47.79446],[-117.53527,47.8179],[-117.53526,47.83063],[-117.53526,47.84891],[-117.53526,47.88937],[-117.53526,47.90288],[-117.53527,47.93169],[-117.53526,47.98636],[-117.53526,48.0332],[-117.53526,48.04778],[-117.50176,48.04753],[-117.43699,48.04721],[-117.43682,48.07655],[-117.43699,48.07736],[-117.43734,48.10179],[-117.43737,48.10451],[-117.43763,48.13469],[-117.50237,48.13471],[-117.50246,48.19471],[-117.50225,48.20383],[-117.50224,48.22336],[-117.50085,48.22337],[-117.50081,48.23049],[-117.50014,48.23812],[-117.50005,48.26204],[-117.50001,48.28852],[-117.5004,48.30888],[-117.49998,48.39485],[-117.50054,48.39485],[-117.5004,48.43293],[-117.50039,48.44295],[-117.50057,48.48404],[-117.50121,48.48404],[-117.501,48.57167],[-117.50079,48.57167],[-117.49995,48.65277],[-117.49997,48.65619],[-117.56393,48.6562],[-117.56765,48.65604],[-117.60721,48.65613],[-117.60879,48.65595],[-117.62924,48.65585],[-117.62942,48.74263],[-117.59591,48.7429],[-117.56381,48.74296],[-117.564,48.75589],[-117.56396,48.78612],[-117.56386,48.83667],[-117.4985,48.8369],[-117.49896,48.92316],[-117.43038,48.92317],[-117.42997,49.00036],[-117.60732,49.00084],[-117.63091,49.00082],[-117.8761,49.00055],[-117.8844,48.99991],[-118.00111,48.99991],[-118.00205,49.00044],[-118.03992,49.00043],[-118.19738,49.00041]]]},"properties":{"GEOID":"53065","NAME":"Stevens"}},{"type":"Feature","geometry":{"type":"Polygon","coordinates":[[[-119.87404,46.62828],[-119.87434,46.62837],[-119.87508,46.57728],[-119.87672,46.56273],[-119.87422,46.56276],[-119.8742,46.534],[-119.87448,46.51776],[-119.87359,46.31684],[-119.87364,46.3022],[-119.87369,46.30209],[-119.87359,46.273],[-119.87345,46.26388],[-119.87344,46.25104],[-119.87356,46.21461],[-119.86654,46.21458],[-119.86666,46.19537],[-119.86665,46.19473],[-119.8656,46.12715],[-119.86583,46.04086],[-119.86719,46.02578],[-119.86753,45.95262],[-119.86789,45.85105],[-119.86767,45.84417],[-119.86827,45.83594],[-119.86814,45.83596],[-119.80265,45.84753],[-119.77293,45.84558],[-119.72991,45.85029],[-119.6722,45.85661],[-119.66988,45.85687],[-119.62339,45.90564],[-119.60055,45.91958],[-119.57158,45.92546],[-119.53695,45.91302],[-119.52463,45.90861],[-119.48783,45.90631],[-119.45624,45.9156],[-119.45026,45.91735],[-119.43215,45.91825],[-119.3644,45.92161],[-119.35693,45.92367],[-119.32841,45.93155],[-119.32251,45.93318],[-119.31278,45.93419],[-119.26578,45.93904],[-119.25715,45.93993],[-119.22574,45.93273],[-119.20435,45.92929],[-119.19553,45.92787],[-119.1695,45.9276],[-119.14139,45.93101],[-119.12612,45.93286],[-119.09322,45.94274],[-119.06146,45.95853],[-119.02706,45.96913],[-119.00856,45.97927],[-118.9872,45.99979],[-118.98726,45.99986],[-118.98385,46.00247],[-118.98255,46.00355],[-118.9617,46.01933],[-118.95901,46.02077],[-118.95267,46.02329],[-118.94417,46.02566],[-118.94166,46.02698],[-118.94121,46.03002],[-118.9441,46.03863],[-118.94705,46.04363],[-118.94774,46.04754],[-118.94719,46.05144],[-118.94563,46.05577],[-118.94282,46.06263],[-118.94195,46.06533],[-118.9417,46.06807],[-118.9423,46.07442],[-118.94298,46.07639],[-118.9465,46.08288],[-118.95067,46.08936],[-118.95807,46.09894],[-118.96103,46.10403],[-118.96259,46.10788],[-118.96407,46.11037],[-118.96784,46.1156],[-118.96901,46.11882],[-118.96711,46.1228],[-118.96663,46.12508],[-118.9668,46.12754],[-118.96805,46.13083],[-118.97411,46.13879],[-118.97944,46.14444],[-118.98104,46.14656],[-118.98461,46.14914],[-118.99502,46.15943],[-119.00051,46.16405],[-119.00485,46.16716],[-119.00959,46.17123],[-119.01421,46.1762],[-119.01751,46.17861],[-119.02756,46.1851],[-119.0415,46.19267],[-119.04564,46.19529],[-119.05438,46.19867],[-119.06146,46.20077],[-119.06518,46.20217],[-119.07354,46.20575],[-119.07937,46.20788],[-119.089,46.21094],[-119.09656,46.21436],[-119.09758,46.21496],[-119.1012,46.21712],[-119.1045,46.21849],[-119.11324,46.22156],[-119.11982,46.2233],[-119.12575,46.22448],[-119.13543,46.2258],[-119.14859,46.22688],[-119.15905,46.22669],[-119.168,46.22741],[-119.1733,46.22856],[-119.18122,46.23101],[-119.18713,46.23281],[-119.1916,46.23343],[-119.19884,46.23427],[-119.20128,46.23482],[-119.20703,46.23682],[-119.2117,46.24019],[-119.21724,46.2448],[-119.22785,46.253],[-119.23679,46.26108],[-119.23823,46.26208],[-119.24251,46.26435],[-119.24335,46.26474],[-119.24375,46.2649],[-119.24472,46.26543],[-119.24514,46.26561],[-119.24704,46.26636],[-119.2568,46.26829],[-119.25998,46.26935],[-119.26585,46.27399],[-119.26629,46.27466],[-119.26698,46.27565],[-119.2676,46.27775],[-119.26751,46.28243],[-119.26689,46.28572],[-119.26626,46.28749],[-119.26374,46.29218],[-119.25723,46.29961],[-119.25486,46.30328],[-119.25249,46.30704],[-119.25143,46.30937],[-119.25023,46.31475],[-119.25068,46.31938],[-119.25175,46.32428],[-119.25365,46.33487],[-119.25693,46.34541],[-119.25944,46.34862],[-119.26259,46.35124],[-119.26267,46.35133],[-119.26381,46.35275],[-119.26477,46.35529],[-119.2662,46.36089],[-119.26947,46.37082],[-119.26945,46.37423],[-119.26644,46.37856],[-119.2656,46.38122],[-119.26499,46.39225],[-119.26552,46.39715],[-119.26664,46.40055],[-119.26686,46.40328],[-119.26548,46.41019],[-119.26331,46.41455],[-119.26266,46.41859],[-119.26056,46.42631],[-119.25907,46.43475],[-119.25955,46.43689],[-119.26148,46.4416],[-119.26333,46.45213],[-119.26334,46.45372],[-119.26133,46.46451],[-119.26111,46.46827],[-119.26143,46.47034],[-119.2634,46.47629],[-119.26406,46.4787],[-119.26389,46.48067],[-119.26004,46.48445],[-119.2588,46.48636],[-119.25847,46.48823],[-119.25855,46.4909],[-119.25985,46.49655],[-119.26977,46.52052],[-119.27139,46.52235],[-119.2752,46.52533],[-119.27755,46.52663],[-119.28699,46.53098],[-119.29165,46.53283],[-119.30043,46.53668],[-119.30458,46.53887],[-119.309,46.5441],[-119.3108,46.54686],[-119.31592,46.55317],[-119.32234,46.55964],[-119.32673,46.56325],[-119.32975,46.56528],[-119.33237,46.56648],[-119.34685,46.5715],[-119.35411,46.57481],[-119.36208,46.57908],[-119.36496,46.58094],[-119.36736,46.58266],[-119.36867,46.58427],[-119.37162,46.58645],[-119.37316,46.58837],[-119.37904,46.59384],[-119.39795,46.60834],[-119.40401,46.61408],[-119.40529,46.61604],[-119.40682,46.61968],[-119.40801,46.62677],[-119.40808,46.63094],[-119.40731,46.63544],[-119.40713,46.64043],[-119.40741,46.64247],[-119.40878,46.64688],[-119.41305,46.65263],[-119.41692,46.65562],[-119.41984,46.657],[-119.42494,46.65845],[-119.43326,46.66052],[-119.44293,46.66425],[-119.44793,46.66663],[-119.45599,46.67103],[-119.45746,46.6731],[-119.45699,46.67623],[-119.45319,46.67924],[-119.4505,46.68226],[-119.44973,46.68474],[-119.44993,46.68624],[-119.45229,46.6892],[-119.4586,46.69284],[-119.46487,46.69691],[-119.47682,46.70655],[-119.48148,46.71066],[-119.48576,46.71567],[-119.49153,46.71959],[-119.49507,46.72098],[-119.50112,46.72471],[-119.50502,46.72616],[-119.51139,46.72769],[-119.51658,46.72764],[-119.51846,46.72678],[-119.52613,46.72116],[-119.5293,46.71792],[-119.53468,46.70964],[-119.53947,46.70671],[-119.54576,46.70151],[-119.54993,46.69773],[-119.55428,46.69423],[-119.55844,46.69138],[-119.56243,46.68812],[-119.57122,46.67943],[-119.58168,46.66991],[-119.589,46.66487],[-119.5954,46.66111],[-119.60113,46.65731],[-119.60758,46.65391],[-119.61848,46.64758],[-119.62552,46.64467],[-119.63233,46.64297],[-119.63715,46.64236],[-119.64124,46.64133],[-119.64457,46.6411],[-119.6478,46.64036],[-119.65197,46.64006],[-119.65919,46.64033],[-119.66177,46.64067],[-119.66554,46.64142],[-119.67106,46.64295],[-119.67713,46.64537],[-119.68112,46.6465],[-119.69219,46.64822],[-119.69637,46.64857],[-119.70446,46.64893],[-119.71106,46.64882],[-119.71905,46.64745],[-119.72708,46.64476],[-119.73348,46.64231],[-119.74297,46.63794],[-119.75097,46.63566],[-119.76146,46.63542],[-119.76546,46.63517],[-119.77665,46.63374],[-119.7827,46.63343],[-119.78812,46.63233],[-119.79289,46.63179],[-119.80052,46.63055],[-119.80546,46.62989],[-119.8149,46.62767],[-119.82243,46.62608],[-119.8364,46.62546],[-119.85398,46.62594],[-119.85769,46.6263],[-119.86671,46.62662],[-119.87404,46.62828]]]},"properties":{"GEOID":"53005","NAME":"Benton"}},{"type":"Feature","geometry":{"type":"Polygon","coordinates":[[[-121.00166,48.29601],[-121.00069,48.29448],[-121.00065,48.29053],[-121.00298,48.28689],[-121.0025,48.28626],[-121.00438,48.28537],[-121.00832,48.28495],[-121.01155,48.2835],[-121.01209,48.27991],[-121.01126,48.27819],[-121.00897,48.27689],[-121.0061,48.27429],[-121.00449,48.2739],[-121.0057,48.27221],[-121.00466,48.27116],[-121.00564,48.27008],[-120.99992,48.26294],[-120.99514,48.26039],[-120.99041,48.25563],[-120.9859,48.25361],[-120.98249,48.25134],[-120.98124,48.24666],[-120.97823,48.24393],[-120.97773,48.24203],[-120.97436,48.23876],[-120.97314,48.2353],[-120.96796,48.23289],[-120.96501,48.23065],[-120.96273,48.23017],[-120.95985,48.22777],[-120.96033,48.22637],[-120.96208,48.225],[-120.96186,48.22372],[-120.96359,48.22009],[-120.96575,48.21779],[-120.96477,48.21133],[-120.96373,48.21071],[-120.96094,48.2099],[-120.95873,48.2103],[-120.95671,48.20961],[-120.95231,48.20911],[-120.95158,48.20731],[-120.94979,48.20593],[-120.94844,48.20234],[-120.94703,48.20105],[-120.94242,48.2002],[-120.93788,48.19855],[-120.93675,48.19866],[-120.93266,48.19714],[-120.9287,48.19362],[-120.92554,48.19178],[-120.92132,48.19153],[-120.91927,48.19039],[-120.92059,48.18731],[-120.91952,48.18556],[-120.91736,48.17976],[-120.91537,48.17846],[-120.91054,48.17359],[-120.90982,48.17015],[-120.9074,48.16563],[-120.90742,48.16318],[-120.91276,48.16174],[-120.91524,48.15968],[-120.91748,48.15966],[-120.92144,48.16077],[-120.92339,48.16041],[-120.92704,48.16114],[-120.93194,48.16162],[-120.93425,48.1595],[-120.93322,48.15677],[-120.93664,48.15602],[-120.93827,48.15507],[-120.94353,48.15547],[-120.94842,48.15503],[-120.95138,48.15365],[-120.95397,48.15309],[-120.95557,48.15198],[-120.95595,48.1477],[-120.96033,48.14552],[-120.96442,48.14298],[-120.96562,48.14033],[-120.96438,48.13807],[-120.96384,48.13563],[-120.96522,48.13396],[-120.96313,48.13141],[-120.95828,48.1292],[-120.95572,48.12521],[-120.95673,48.12264],[-120.95539,48.12026],[-120.95344,48.11901],[-120.95263,48.11722],[-120.94906,48.11568],[-120.94631,48.11518],[-120.9471,48.11333],[-120.94876,48.11209],[-120.95295,48.11128],[-120.95473,48.10868],[-120.95616,48.10807],[-120.96013,48.10843],[-120.96374,48.10972],[-120.96885,48.10883],[-120.97124,48.10919],[-120.97248,48.10853],[-120.9714,48.10616],[-120.97221,48.10405],[-120.97779,48.10113],[-120.9804,48.0981],[-120.98045,48.09519],[-120.98131,48.09438],[-120.98476,48.09327],[-120.98733,48.09386],[-120.993,48.08993],[-120.99553,48.08917],[-120.99936,48.08972],[-120.99882,48.08826],[-121.00247,48.08473],[-121.00467,48.08143],[-121.0067,48.08018],[-121.01116,48.07918],[-121.01594,48.07479],[-121.02516,48.07817],[-121.03012,48.07815],[-121.03411,48.07761],[-121.03622,48.07684],[-121.03772,48.07506],[-121.04125,48.0727],[-121.04246,48.07287],[-121.04863,48.07022],[-121.05411,48.07],[-121.0576,48.07044],[-121.06459,48.07015],[-121.07208,48.06768],[-121.07542,48.06528],[-121.08304,48.06156],[-121.08462,48.06193],[-121.09014,48.06494],[-121.09703,48.0644],[-121.1016,48.06267],[-121.10177,48.06176],[-121.1052,48.05777],[-121.10985,48.05668],[-121.11598,48.05796],[-121.11751,48.05697],[-121.12043,48.05229],[-121.12197,48.05097],[-121.12821,48.04813],[-121.13052,48.04518],[-121.13308,48.04418],[-121.13727,48.04432],[-121.14421,48.04233],[-121.15027,48.04202],[-121.15322,48.04074],[-121.15326,48.03969],[-121.15062,48.03671],[-121.14897,48.03416],[-121.14858,48.03057],[-121.14739,48.02947],[-121.13912,48.02528],[-121.13601,48.02396],[-121.13394,48.02184],[-121.1311,48.02162],[-121.12922,48.01983],[-121.12851,48.01384],[-121.12594,48.01237],[-121.12518,48.0103],[-121.12302,48.00869],[-121.11793,48.00628],[-121.11898,48.00314],[-121.11799,48.00154],[-121.11818,47.9971],[-121.12129,47.99628],[-121.12481,47.99372],[-121.12815,47.98999],[-121.13057,47.9868],[-121.13454,47.98538],[-121.13594,47.98283],[-121.14003,47.98342],[-121.14168,47.98333],[-121.14434,47.98198],[-121.14728,47.9814],[-121.14876,47.97825],[-121.14845,47.9707],[-121.15261,47.96727],[-121.15354,47.96394],[-121.15751,47.96087],[-121.15827,47.95951],[-121.16236,47.9584],[-121.16509,47.95621],[-121.16497,47.95451],[-121.16273,47.95069],[-121.16187,47.94829],[-121.16218,47.94408],[-121.16331,47.94294],[-121.16641,47.93816],[-121.17114,47.93642],[-121.17279,47.9337],[-121.17274,47.92967],[-121.17049,47.9244],[-121.17359,47.92325],[-121.17899,47.91954],[-121.17951,47.91878],[-121.17876,47.917],[-121.17368,47.91535],[-121.17175,47.9139],[-121.17137,47.91218],[-121.17326,47.90878],[-121.17735,47.90546],[-121.17723,47.90421],[-121.1808,47.89849],[-121.17949,47.89669],[-121.17666,47.89535],[-121.17696,47.89398],[-121.1763,47.89199],[-121.17618,47.88879],[-121.17535,47.88588],[-121.17157,47.88354],[-121.16954,47.88315],[-121.16795,47.88187],[-121.16761,47.88043],[-121.16585,47.87935],[-121.16294,47.87942],[-121.15882,47.88191],[-121.15698,47.88195],[-121.15801,47.8789],[-121.15826,47.87664],[-121.15701,47.87422],[-121.15232,47.86896],[-121.15206,47.86676],[-121.14992,47.86182],[-121.14754,47.85899],[-121.14723,47.85753],[-121.14848,47.85596],[-121.15206,47.85297],[-121.15323,47.85105],[-121.1539,47.84671],[-121.15351,47.84531],[-121.14982,47.844],[-121.1469,47.84346],[-121.13925,47.84293],[-121.13692,47.8434],[-121.13434,47.84304],[-121.13341,47.83975],[-121.13048,47.83889],[-121.12372,47.8384],[-121.12128,47.83663],[-121.12124,47.83272],[-121.11881,47.831],[-121.11189,47.82946],[-121.10693,47.82897],[-121.10091,47.83091],[-121.09807,47.83127],[-121.09581,47.83269],[-121.08574,47.83275],[-121.08022,47.83412],[-121.07803,47.83356],[-121.07668,47.83164],[-121.07316,47.83046],[-121.07087,47.83018],[-121.07069,47.82662],[-121.07336,47.82497],[-121.07451,47.82284],[-121.07896,47.81837],[-121.08174,47.81601],[-121.08275,47.8118],[-121.08418,47.8098],[-121.0847,47.80771],[-121.08922,47.80591],[-121.09238,47.80513],[-121.09257,47.80073],[-121.09465,47.79939],[-121.09759,47.79847],[-121.09988,47.79713],[-121.10516,47.79569],[-121.10935,47.79277],[-121.1094,47.78972],[-121.11171,47.78776],[-121.11642,47.78684],[-121.12031,47.78428],[-121.1207,47.7826],[-121.11918,47.77993],[-121.1187,47.77801],[-121.11948,47.77584],[-121.11428,47.77169],[-121.11391,47.77025],[-121.10921,47.76676],[-121.1077,47.76668],[-121.1105,47.7616],[-121.11086,47.75842],[-121.10941,47.7572],[-121.10646,47.75681],[-121.10096,47.75732],[-121.09918,47.75899],[-121.09402,47.75818],[-121.09291,47.75581],[-121.09264,47.75309],[-121.08971,47.7461],[-121.08633,47.74429],[-121.08282,47.7434],[-121.08163,47.74257],[-121.07899,47.73919],[-121.08077,47.73703],[-121.08185,47.73415],[-121.08494,47.7323],[-121.08478,47.72991],[-121.08737,47.7285],[-121.08631,47.72754],[-121.08363,47.72274],[-121.07826,47.72001],[-121.07312,47.71916],[-121.06964,47.71765],[-121.066,47.7136],[-121.06594,47.70928],[-121.06712,47.70627],[-121.06896,47.70625],[-121.07499,47.70378],[-121.07708,47.70366],[-121.07937,47.70196],[-121.08442,47.70223],[-121.0883,47.70314],[-121.09029,47.70283],[-121.09143,47.70132],[-121.09106,47.69875],[-121.09412,47.6954],[-121.09926,47.69265],[-121.10551,47.68882],[-121.10917,47.68883],[-121.11262,47.68663],[-121.11412,47.68699],[-121.11895,47.68532],[-121.12158,47.68521],[-121.12274,47.68391],[-121.12368,47.68021],[-121.1265,47.67831],[-121.12657,47.67737],[-121.12882,47.67618],[-121.12929,47.67326],[-121.1274,47.67121],[-121.12554,47.66673],[-121.12352,47.66459],[-121.12318,47.66333],[-121.12481,47.66134],[-121.12468,47.6592],[-121.12564,47.65716],[-121.12857,47.6557],[-121.13188,47.65566],[-121.131,47.65424],[-121.13159,47.65097],[-121.13273,47.6498],[-121.13252,47.64824],[-121.1337,47.64561],[-121.13132,47.64447],[-121.12869,47.63983],[-121.12659,47.63844],[-121.1268,47.63406],[-121.12784,47.63243],[-121.12677,47.63143],[-121.12461,47.62733],[-121.12014,47.62738],[-121.11876,47.62697],[-121.11751,47.62483],[-121.11602,47.62413],[-121.1137,47.62156],[-121.11312,47.61878],[-121.11374,47.618],[-121.11993,47.61575],[-121.1201,47.61159],[-121.11564,47.6042],[-121.1132,47.60348],[-121.11138,47.60162],[-121.1111,47.59978],[-121.11357,47.59729],[-121.11071,47.59474],[-121.11038,47.59257],[-121.108,47.59226],[-121.10507,47.58987],[-121.10353,47.58953],[-121.10025,47.59049],[-121.09621,47.5894],[-121.09419,47.58684],[-121.09211,47.58515],[-121.09225,47.58175],[-121.09068,47.58099],[-121.09107,47.57921],[-121.08966,47.57734],[-121.08823,47.57658],[-121.08737,47.5744],[-121.08588,47.57405],[-121.08924,47.57211],[-121.0901,47.56984],[-121.0878,47.56653],[-121.08176,47.56192],[-121.08164,47.56117],[-121.0787,47.55926],[-121.07771,47.55539],[-121.07642,47.55392],[-121.07523,47.5511],[-121.07093,47.55095],[-121.06568,47.54848],[-121.06475,47.54715],[-121.06116,47.54566],[-121.05996,47.54348],[-121.06063,47.54206],[-121.05895,47.54229],[-121.0541,47.53814],[-121.05318,47.53813],[-121.04857,47.53564],[-121.04709,47.53411],[-121.04566,47.53525],[-121.04271,47.53501],[-121.04038,47.5356],[-121.03711,47.53399],[-121.03082,47.53155],[-121.02951,47.53033],[-121.02582,47.52888],[-121.02513,47.52537],[-121.02346,47.52376],[-121.02139,47.52348],[-121.01924,47.52236],[-121.01399,47.52149],[-121.01039,47.5217],[-121.007,47.52118],[-121.0029,47.51967],[-120.99658,47.51855],[-120.99602,47.51581],[-120.99388,47.51455],[-120.99129,47.51111],[-120.99212,47.509],[-120.9946,47.50721],[-120.9949,47.50478],[-120.99192,47.50263],[-120.9914,47.50094],[-120.98974,47.49984],[-120.98316,47.49289],[-120.97889,47.49025],[-120.97604,47.48998],[-120.97267,47.48841],[-120.96846,47.48815],[-120.96127,47.48459],[-120.95906,47.48444],[-120.95822,47.48327],[-120.95904,47.48158],[-120.95697,47.48004],[-120.95477,47.47712],[-120.95048,47.47595],[-120.95016,47.47504],[-120.94649,47.47252],[-120.94898,47.47016],[-120.95148,47.46717],[-120.95208,47.46369],[-120.95283,47.46288],[-120.95204,47.46182],[-120.94819,47.46099],[-120.94262,47.46036],[-120.94104,47.45978],[-120.93351,47.45933],[-120.93063,47.45774],[-120.93074,47.45323],[-120.92945,47.45188],[-120.92577,47.44932],[-120.92287,47.44854],[-120.92476,47.44295],[-120.92382,47.44192],[-120.92446,47.43758],[-120.92418,47.43352],[-120.91944,47.43073],[-120.918,47.42942],[-120.91343,47.42813],[-120.90835,47.42537],[-120.90706,47.42525],[-120.90478,47.42642],[-120.9017,47.42698],[-120.89825,47.42619],[-120.89479,47.42607],[-120.89269,47.42668],[-120.89157,47.42775],[-120.88721,47.42529],[-120.88479,47.42248],[-120.87881,47.41999],[-120.8763,47.41765],[-120.87192,47.41529],[-120.86873,47.41591],[-120.86692,47.41699],[-120.86661,47.41815],[-120.86185,47.42058],[-120.85857,47.41937],[-120.85456,47.41618],[-120.85275,47.41557],[-120.8496,47.41365],[-120.84638,47.41285],[-120.84359,47.41165],[-120.84121,47.41249],[-120.83748,47.41498],[-120.83681,47.41811],[-120.83374,47.41986],[-120.8309,47.42252],[-120.82888,47.42377],[-120.82271,47.42216],[-120.81833,47.42063],[-120.81621,47.42058],[-120.81359,47.41969],[-120.8096,47.42011],[-120.80585,47.42128],[-120.80333,47.42305],[-120.80253,47.42263],[-120.79925,47.41725],[-120.79456,47.41414],[-120.7936,47.4085],[-120.7917,47.40664],[-120.78695,47.40464],[-120.78542,47.40155],[-120.78379,47.39994],[-120.78219,47.39941],[-120.77534,47.39997],[-120.77303,47.39902],[-120.7688,47.39968],[-120.76514,47.39834],[-120.76019,47.39755],[-120.75709,47.39771],[-120.75431,47.39549],[-120.74741,47.39376],[-120.74403,47.39413],[-120.74005,47.39328],[-120.73465,47.3938],[-120.73267,47.39278],[-120.73151,47.39099],[-120.72872,47.38967],[-120.7264,47.38739],[-120.72789,47.38447],[-120.72681,47.38371],[-120.72726,47.38083],[-120.72442,47.37733],[-120.72325,47.37469],[-120.7229,47.37245],[-120.72136,47.37043],[-120.71847,47.36887],[-120.71124,47.36756],[-120.71017,47.36594],[-120.70834,47.36529],[-120.7023,47.36564],[-120.7005,47.36531],[-120.69327,47.36135],[-120.69207,47.35977],[-120.69105,47.35713],[-120.68679,47.35518],[-120.68249,47.35238],[-120.68193,47.35041],[-120.6798,47.34956],[-120.67698,47.35144],[-120.67458,47.35016],[-120.67338,47.34816],[-120.66952,47.3456],[-120.66704,47.34508],[-120.66445,47.34334],[-120.6579,47.34421],[-120.65524,47.34221],[-120.64936,47.34187],[-120.6426,47.34361],[-120.63681,47.34346],[-120.63346,47.3419],[-120.63098,47.3418],[-120.62921,47.34253],[-120.62718,47.34214],[-120.62425,47.34364],[-120.62174,47.34358],[-120.61913,47.3454],[-120.61678,47.34528],[-120.61525,47.34437],[-120.60845,47.34216],[-120.60659,47.33937],[-120.60303,47.33909],[-120.59872,47.34092],[-120.59572,47.33959],[-120.59121,47.33992],[-120.58851,47.33933],[-120.58595,47.33808],[-120.58444,47.33827],[-120.57897,47.33738],[-120.57821,47.3367],[-120.57876,47.33218],[-120.5766,47.32903],[-120.57691,47.32626],[-120.57493,47.32548],[-120.57193,47.3235],[-120.56969,47.32122],[-120.56872,47.31859],[-120.56851,47.31573],[-120.5701,47.31459],[-120.57032,47.31084],[-120.56776,47.31003],[-120.56582,47.30879],[-120.56194,47.3075],[-120.55728,47.30657],[-120.55656,47.30689],[-120.55328,47.30875],[-120.54735,47.30754],[-120.54762,47.31186],[-120.54522,47.31263],[-120.53994,47.31351],[-120.5357,47.31481],[-120.53151,47.31537],[-120.52818,47.31666],[-120.52861,47.31864],[-120.53058,47.32119],[-120.53028,47.32574],[-120.53196,47.32916],[-120.53014,47.33264],[-120.5305,47.33433],[-120.5291,47.33389],[-120.52467,47.3333],[-120.52146,47.33193],[-120.52351,47.33069],[-120.51944,47.32767],[-120.51917,47.3258],[-120.5165,47.32172],[-120.51533,47.32015],[-120.51154,47.31937],[-120.50885,47.31793],[-120.50221,47.31771],[-120.50017,47.31696],[-120.49758,47.31758],[-120.49608,47.31604],[-120.49385,47.31554],[-120.48765,47.31108],[-120.48837,47.30779],[-120.48741,47.30722],[-120.4843,47.30723],[-120.48188,47.30568],[-120.48124,47.30468],[-120.48067,47.30556],[-120.47791,47.30727],[-120.47619,47.30714],[-120.47468,47.30601],[-120.47253,47.30542],[-120.4704,47.30397],[-120.46774,47.30338],[-120.4652,47.30107],[-120.46246,47.30012],[-120.4599,47.3003],[-120.4561,47.29813],[-120.45384,47.29712],[-120.44934,47.29415],[-120.44917,47.29219],[-120.44723,47.28872],[-120.44197,47.28586],[-120.44125,47.28483],[-120.43532,47.28146],[-120.43354,47.27879],[-120.42679,47.2744],[-120.42442,47.27439],[-120.42129,47.27515],[-120.41814,47.27519],[-120.41475,47.27415],[-120.40822,47.27392],[-120.40617,47.2741],[-120.40134,47.27099],[-120.39978,47.26951],[-120.39779,47.26884],[-120.39595,47.26715],[-120.39518,47.26541],[-120.39288,47.26331],[-120.3913,47.26295],[-120.3892,47.26094],[-120.25939,47.26183],[-120.09446,47.26216],[-120.09332,47.26437],[-120.0932,47.2689],[-120.09263,47.27479],[-120.08992,47.27712],[-120.08964,47.28485],[-120.08913,47.2905],[-120.08684,47.29724],[-120.08605,47.3003],[-120.08633,47.30247],[-120.08784,47.30859],[-120.08724,47.3122],[-120.08739,47.31464],[-120.08904,47.3166],[-120.0903,47.31924],[-120.09004,47.31998],[-120.08927,47.32215],[-120.08734,47.32384],[-120.08506,47.32918],[-120.08462,47.33191],[-120.08327,47.33369],[-120.08631,47.33894],[-120.08964,47.34135],[-120.09428,47.34235],[-120.09827,47.34235],[-120.10077,47.34295],[-120.10287,47.34445],[-120.10527,47.34815],[-120.11207,47.35405],[-120.11407,47.35645],[-120.11857,47.35975],[-120.12637,47.36395],[-120.12997,47.36625],[-120.13367,47.36665],[-120.13797,47.36655],[-120.14107,47.36705],[-120.14447,47.36705],[-120.14917,47.36625],[-120.15094,47.36674],[-120.15785,47.36746],[-120.16558,47.36771],[-120.17148,47.37075],[-120.17459,47.37167],[-120.1787,47.37151],[-120.18564,47.37301],[-120.19033,47.37411],[-120.19334,47.37446],[-120.19652,47.37544],[-120.20161,47.3765],[-120.20698,47.37708],[-120.21218,47.37703],[-120.2176,47.37764],[-120.22604,47.37938],[-120.23222,47.37877],[-120.23648,47.37875],[-120.23859,47.3792],[-120.24811,47.38104],[-120.24915,47.38125],[-120.25308,47.38164],[-120.26029,47.38389],[-120.26637,47.38603],[-120.26983,47.38745],[-120.27918,47.39016],[-120.28653,47.39311],[-120.28996,47.39753],[-120.29258,47.40017],[-120.29317,47.40077],[-120.29485,47.40509],[-120.2955,47.40983],[-120.2964,47.41314],[-120.29713,47.41442],[-120.3006,47.42037],[-120.30201,47.4244],[-120.30452,47.42761],[-120.30798,47.43165],[-120.30894,47.43327],[-120.30948,47.43515],[-120.31041,47.43904],[-120.31098,47.44055],[-120.31136,47.44233],[-120.31188,47.44525],[-120.31608,47.45085],[-120.31738,47.45535],[-120.31808,47.45775],[-120.31778,47.46275],[-120.31698,47.46695],[-120.31659,47.47127],[-120.31528,47.47485],[-120.31428,47.47605],[-120.31458,47.47985],[-120.31248,47.48365],[-120.30988,47.49065],[-120.30858,47.49635],[-120.30868,47.49785],[-120.30772,47.50411],[-120.30576,47.5067],[-120.30293,47.52006],[-120.30214,47.5219],[-120.30001,47.5237],[-120.29635,47.53018],[-120.29553,47.53124],[-120.29406,47.53412],[-120.29428,47.5356],[-120.29281,47.53817],[-120.2868,47.5436],[-120.28592,47.54465],[-120.27994,47.54867],[-120.27651,47.55061],[-120.27527,47.55181],[-120.27363,47.55225],[-120.26742,47.55483],[-120.25944,47.55849],[-120.25833,47.55965],[-120.25716,47.56341],[-120.25613,47.56539],[-120.25494,47.56955],[-120.2536,47.57257],[-120.25009,47.57563],[-120.2445,47.57915],[-120.24132,47.58164],[-120.23842,47.58631],[-120.23777,47.58906],[-120.23804,47.59047],[-120.23718,47.5933],[-120.23358,47.59763],[-120.23594,47.60316],[-120.23661,47.60933],[-120.23524,47.61449],[-120.23481,47.61979],[-120.23509,47.62119],[-120.23804,47.62485],[-120.23755,47.62796],[-120.23693,47.63178],[-120.23388,47.63798],[-120.2288,47.64571],[-120.22741,47.64728],[-120.22377,47.64801],[-120.22086,47.65029],[-120.22047,47.65331],[-120.22078,47.6551],[-120.22021,47.65811],[-120.21872,47.66028],[-120.21678,47.66368],[-120.21001,47.66759],[-120.20456,47.67158],[-120.20314,47.67361],[-120.20249,47.67677],[-120.19905,47.68228],[-120.19919,47.68594],[-120.19974,47.68805],[-120.20201,47.69241],[-120.20326,47.69883],[-120.20522,47.70206],[-120.20767,47.70411],[-120.21235,47.70846],[-120.21328,47.71042],[-120.21417,47.71185],[-120.21585,47.71485],[-120.2199,47.71768],[-120.22116,47.71902],[-120.22286,47.72331],[-120.22255,47.72599],[-120.22022,47.7333],[-120.21822,47.73707],[-120.21567,47.74091],[-120.2107,47.74611],[-120.20939,47.74836],[-120.20772,47.75006],[-120.19978,47.75522],[-120.19674,47.75655],[-120.19141,47.7595],[-120.18496,47.76154],[-120.17715,47.76384],[-120.16169,47.76787],[-120.15429,47.77016],[-120.1492,47.7722],[-120.14307,47.77419],[-120.13801,47.77498],[-120.13391,47.77612],[-120.13091,47.7766],[-120.12732,47.7766],[-120.12194,47.7756],[-120.11992,47.77496],[-120.1174,47.77494],[-120.11083,47.77158],[-120.10714,47.77102],[-120.10156,47.76845],[-120.09814,47.76647],[-120.09628,47.76452],[-120.09364,47.76352],[-120.08731,47.76321],[-120.0839,47.76378],[-120.08272,47.76443],[-120.07681,47.7653],[-120.0695,47.76665],[-120.06441,47.76877],[-120.05566,47.77073],[-120.05193,47.77179],[-120.04604,47.77288],[-120.04375,47.77424],[-120.03825,47.77595],[-120.03107,47.77698],[-120.02935,47.77782],[-120.02526,47.77867],[-120.02088,47.77931],[-120.01603,47.77878],[-120.01134,47.78018],[-120.00834,47.77958],[-120.00337,47.77911],[-120.00118,47.77926],[-119.99697,47.78035],[-119.99495,47.78135],[-119.99268,47.78315],[-119.99096,47.78561],[-119.98685,47.79254],[-119.98424,47.79386],[-119.98081,47.79753],[-119.97842,47.8007],[-119.9776,47.80239],[-119.9766,47.80821],[-119.97539,47.81179],[-119.9746,47.81275],[-119.97277,47.81414],[-119.96468,47.82619],[-119.96307,47.83101],[-119.96291,47.83389],[-119.96205,47.83969],[-119.96013,47.84581],[-119.95939,47.84655],[-119.95704,47.84782],[-119.95262,47.84887],[-119.94444,47.85148],[-119.93203,47.85483],[-119.92935,47.85606],[-119.92505,47.85919],[-119.91929,47.86232],[-119.91731,47.86443],[-119.91501,47.86769],[-119.91406,47.87027],[-119.9094,47.87713],[-119.90843,47.87941],[-119.90908,47.8838],[-119.91125,47.888],[-119.91254,47.88983],[-119.91472,47.89422],[-119.91568,47.89741],[-119.91578,47.89951],[-119.91506,47.90137],[-119.91257,47.90449],[-119.90457,47.91052],[-119.89577,47.91477],[-119.88931,47.91716],[-119.88703,47.91939],[-119.8825,47.92295],[-119.88159,47.92519],[-119.87617,47.92748],[-119.87201,47.93039],[-119.86339,47.93703],[-119.85973,47.94194],[-119.8615,47.94703],[-119.86588,47.95489],[-119.86756,47.95681],[-119.86809,47.9587],[-119.87059,47.96046],[-119.873,47.9606],[-119.87759,47.96047],[-119.90972,47.96044],[-119.9269,47.96047],[-120.01171,47.9605],[-120.04865,47.96063],[-120.05134,47.96201],[-120.05468,47.96202],[-120.05679,47.96374],[-120.06228,47.96675],[-120.06632,47.96638],[-120.07024,47.96885],[-120.06986,47.97103],[-120.06572,47.97504],[-120.06502,47.97711],[-120.06302,47.97887],[-120.06378,47.98147],[-120.06854,47.98345],[-120.07001,47.98512],[-120.08105,47.99303],[-120.07986,47.9967],[-120.08006,47.99859],[-120.07822,47.99929],[-120.07991,48.00347],[-120.08243,48.00499],[-120.08183,48.00622],[-120.08314,48.01088],[-120.08756,48.01392],[-120.08795,48.01551],[-120.09018,48.01801],[-120.09336,48.01945],[-120.09503,48.02052],[-120.09999,48.02146],[-120.10226,48.0214],[-120.10289,48.02201],[-120.10823,48.02306],[-120.1109,48.02462],[-120.11432,48.025],[-120.11633,48.02621],[-120.11953,48.02709],[-120.12179,48.03218],[-120.12474,48.03212],[-120.12698,48.03302],[-120.13264,48.03341],[-120.1344,48.03328],[-120.14044,48.03548],[-120.14331,48.03583],[-120.14639,48.03734],[-120.14715,48.04124],[-120.14674,48.04277],[-120.15011,48.0445],[-120.15011,48.04651],[-120.14738,48.04839],[-120.14739,48.0495],[-120.14911,48.0515],[-120.14901,48.05223],[-120.14736,48.05313],[-120.14036,48.05414],[-120.13721,48.05361],[-120.13464,48.05255],[-120.1317,48.05526],[-120.13284,48.05722],[-120.14039,48.06149],[-120.14308,48.06488],[-120.14393,48.06544],[-120.1466,48.06545],[-120.1484,48.06477],[-120.15002,48.06613],[-120.15506,48.06566],[-120.15632,48.06588],[-120.15836,48.06886],[-120.16177,48.06892],[-120.1624,48.06821],[-120.16449,48.06827],[-120.16593,48.0693],[-120.17026,48.06971],[-120.17863,48.07287],[-120.1831,48.07399],[-120.18358,48.07629],[-120.18507,48.07787],[-120.18769,48.07852],[-120.19093,48.07729],[-120.19709,48.07689],[-120.2029,48.07716],[-120.20763,48.07843],[-120.21306,48.07904],[-120.21629,48.08126],[-120.2185,48.08425],[-120.22026,48.08467],[-120.22261,48.08381],[-120.22511,48.08473],[-120.22946,48.08862],[-120.23419,48.0885],[-120.23538,48.08937],[-120.23498,48.09241],[-120.23574,48.0939],[-120.23712,48.095],[-120.24077,48.09663],[-120.24239,48.0981],[-120.24447,48.10102],[-120.24687,48.10227],[-120.25043,48.1031],[-120.25169,48.10468],[-120.25569,48.10661],[-120.25857,48.11043],[-120.26329,48.11032],[-120.26621,48.11109],[-120.26814,48.11331],[-120.27221,48.11557],[-120.27325,48.11847],[-120.27638,48.12065],[-120.27811,48.1212],[-120.2801,48.12345],[-120.28223,48.12396],[-120.28631,48.12408],[-120.28825,48.12511],[-120.29043,48.12914],[-120.29191,48.12982],[-120.29435,48.12934],[-120.29861,48.12973],[-120.30035,48.12772],[-120.30364,48.12678],[-120.30962,48.12699],[-120.31576,48.12472],[-120.31787,48.1243],[-120.31961,48.12442],[-120.32108,48.12566],[-120.32696,48.12904],[-120.32628,48.13141],[-120.33082,48.13524],[-120.33382,48.13884],[-120.3396,48.14214],[-120.3416,48.14294],[-120.34858,48.14428],[-120.35256,48.14832],[-120.35349,48.15114],[-120.35326,48.15395],[-120.35429,48.15535],[-120.35872,48.15624],[-120.36129,48.15757],[-120.36226,48.16475],[-120.3617,48.17021],[-120.361,48.17251],[-120.35672,48.17615],[-120.35632,48.17733],[-120.35692,48.17955],[-120.35561,48.18324],[-120.35318,48.18495],[-120.3519,48.18727],[-120.35078,48.1932],[-120.34719,48.19771],[-120.34628,48.19999],[-120.34651,48.20211],[-120.34792,48.20521],[-120.35092,48.20885],[-120.35271,48.21177],[-120.35421,48.21338],[-120.35396,48.21692],[-120.35554,48.21842],[-120.3574,48.21942],[-120.36007,48.21959],[-120.36225,48.21867],[-120.36718,48.21867],[-120.37349,48.2178],[-120.37869,48.2183],[-120.3829,48.21985],[-120.38496,48.222],[-120.38655,48.2253],[-120.39006,48.22622],[-120.39141,48.2288],[-120.38625,48.23181],[-120.38495,48.23317],[-120.3869,48.23805],[-120.38935,48.24079],[-120.39229,48.24269],[-120.40372,48.24474],[-120.41225,48.24827],[-120.42103,48.24952],[-120.42664,48.25181],[-120.42894,48.25297],[-120.42972,48.25492],[-120.4348,48.25645],[-120.43877,48.25802],[-120.4427,48.2602],[-120.4462,48.25994],[-120.45115,48.26099],[-120.45864,48.26521],[-120.46136,48.26651],[-120.46556,48.26701],[-120.46912,48.26898],[-120.46772,48.27059],[-120.46316,48.27254],[-120.46449,48.2749],[-120.47051,48.27687],[-120.47635,48.27836],[-120.48234,48.28401],[-120.48862,48.2874],[-120.49427,48.29282],[-120.49883,48.29507],[-120.50397,48.30238],[-120.50651,48.30793],[-120.50821,48.31034],[-120.51029,48.3113],[-120.5123,48.31205],[-120.51521,48.31221],[-120.5191,48.31135],[-120.52731,48.3066],[-120.53345,48.30669],[-120.53708,48.307],[-120.54271,48.30643],[-120.5472,48.30671],[-120.55288,48.31119],[-120.55694,48.31239],[-120.56052,48.31568],[-120.56525,48.31759],[-120.57173,48.3181],[-120.57494,48.31859],[-120.58317,48.31913],[-120.58682,48.32032],[-120.5876,48.3218],[-120.58848,48.32348],[-120.58466,48.32631],[-120.58398,48.32777],[-120.58599,48.33681],[-120.58567,48.33918],[-120.58256,48.34272],[-120.57872,48.34422],[-120.57745,48.34613],[-120.57534,48.34712],[-120.56972,48.34888],[-120.56774,48.35414],[-120.56766,48.35649],[-120.56637,48.35815],[-120.56178,48.35923],[-120.56021,48.36105],[-120.56227,48.36449],[-120.56319,48.37085],[-120.56635,48.37284],[-120.56733,48.37552],[-120.57027,48.3765],[-120.57893,48.37828],[-120.58422,48.38004],[-120.58871,48.38423],[-120.5966,48.38504],[-120.59951,48.3857],[-120.60417,48.3885],[-120.61046,48.39431],[-120.61312,48.39495],[-120.6211,48.39877],[-120.62521,48.39759],[-120.63386,48.39768],[-120.64006,48.39708],[-120.64317,48.39768],[-120.64993,48.39814],[-120.64991,48.39928],[-120.64789,48.40155],[-120.64503,48.4061],[-120.64275,48.40695],[-120.64111,48.40854],[-120.64165,48.41112],[-120.64387,48.41194],[-120.64778,48.41242],[-120.65025,48.41479],[-120.65197,48.42333],[-120.65264,48.42493],[-120.65474,48.42691],[-120.65524,48.43009],[-120.65152,48.43232],[-120.6509,48.43472],[-120.65277,48.43795],[-120.65503,48.43886],[-120.65898,48.44144],[-120.66288,48.44264],[-120.6646,48.44482],[-120.6666,48.44611],[-120.66882,48.44974],[-120.66659,48.45145],[-120.66191,48.4517],[-120.65477,48.45317],[-120.65398,48.45532],[-120.65083,48.46073],[-120.6481,48.46185],[-120.64427,48.46486],[-120.641,48.46662],[-120.63334,48.46812],[-120.63256,48.47001],[-120.63787,48.47352],[-120.6426,48.47435],[-120.65135,48.4777],[-120.65258,48.4787],[-120.6537,48.48181],[-120.65324,48.48523],[-120.65133,48.48554],[-120.65011,48.48848],[-120.64896,48.48957],[-120.64163,48.49256],[-120.6411,48.49404],[-120.63848,48.49631],[-120.63,48.49567],[-120.62841,48.49735],[-120.63001,48.4995],[-120.63213,48.49994],[-120.63656,48.50175],[-120.64059,48.50237],[-120.6416,48.50302],[-120.64768,48.50522],[-120.6572,48.50731],[-120.65726,48.50888],[-120.65575,48.51175],[-120.65783,48.51556],[-120.65662,48.51742],[-120.65664,48.5211],[-120.65434,48.52357],[-120.65037,48.52559],[-120.64901,48.52692],[-120.64899,48.53284],[-120.65077,48.53446],[-120.65228,48.53694],[-120.656,48.5371],[-120.65705,48.53566],[-120.66236,48.53423],[-120.66896,48.53286],[-120.67309,48.53273],[-120.67748,48.53096],[-120.68336,48.53045],[-120.68762,48.53053],[-120.69139,48.53211],[-120.69591,48.53252],[-120.70207,48.53159],[-120.70359,48.53033],[-120.70305,48.5278],[-120.70356,48.5264],[-120.70534,48.52619],[-120.70948,48.52334],[-120.7154,48.52327],[-120.71835,48.52273],[-120.72497,48.51983],[-120.73087,48.51786],[-120.73461,48.51773],[-120.74184,48.51811],[-120.74655,48.5174],[-120.75021,48.51554],[-120.75191,48.5129],[-120.7552,48.51159],[-120.75822,48.5114],[-120.76563,48.50887],[-120.77439,48.50799],[-120.77855,48.50831],[-120.78793,48.5071],[-120.79186,48.50754],[-120.80183,48.51045],[-120.80412,48.51222],[-120.81391,48.51751],[-120.81679,48.5196],[-120.8176,48.52215],[-120.81634,48.52343],[-120.8102,48.5276],[-120.80931,48.52863],[-120.8104,48.53058],[-120.81636,48.53522],[-120.81705,48.53774],[-120.82434,48.54021],[-120.82649,48.54199],[-120.82395,48.54503],[-120.82637,48.54652],[-120.83079,48.54771],[-120.83385,48.54803],[-120.8371,48.54916],[-120.83863,48.55084],[-120.84227,48.55009],[-120.84465,48.55055],[-120.84729,48.54915],[-120.8509,48.54842],[-120.85386,48.54907],[-120.85743,48.54768],[-120.86073,48.54421],[-120.86087,48.54206],[-120.85772,48.53741],[-120.85794,48.53567],[-120.86146,48.53353],[-120.86195,48.53088],[-120.86321,48.53007],[-120.87183,48.53105],[-120.87339,48.532],[-120.87475,48.53419],[-120.87673,48.5355],[-120.88167,48.5367],[-120.8854,48.53819],[-120.88999,48.53592],[-120.89432,48.53588],[-120.8981,48.5328],[-120.89968,48.53258],[-120.90211,48.53378],[-120.90396,48.5334],[-120.90429,48.53012],[-120.90258,48.52727],[-120.90313,48.52476],[-120.9046,48.52365],[-120.92275,48.52521],[-120.92696,48.52601],[-120.93532,48.52931],[-120.94069,48.53002],[-120.94906,48.53],[-120.9505,48.52958],[-120.95084,48.52645],[-120.95429,48.52237],[-120.95222,48.51812],[-120.95004,48.51528],[-120.95098,48.5137],[-120.95058,48.51196],[-120.94894,48.51022],[-120.94871,48.50821],[-120.94947,48.50613],[-120.94887,48.50511],[-120.95107,48.49964],[-120.95195,48.49921],[-120.95548,48.50027],[-120.95995,48.50002],[-120.96379,48.49857],[-120.96661,48.49888],[-120.96883,48.50011],[-120.9718,48.49953],[-120.97425,48.49995],[-120.97529,48.49929],[-120.97694,48.50007],[-120.97963,48.49897],[-120.9824,48.49951],[-120.98523,48.4978],[-120.99063,48.49895],[-120.99293,48.49904],[-120.99714,48.49704],[-120.99811,48.49504],[-121.00109,48.4942],[-121.01559,48.49431],[-121.02363,48.49544],[-121.03623,48.4953],[-121.03908,48.49189],[-121.04257,48.49059],[-121.04971,48.4854],[-121.05276,48.48201],[-121.05394,48.47939],[-121.05653,48.47637],[-121.05675,48.47141],[-121.06004,48.46719],[-121.06056,48.46267],[-121.06323,48.45979],[-121.06126,48.45821],[-121.06083,48.45516],[-121.05888,48.45243],[-121.05615,48.45157],[-121.05554,48.45017],[-121.04764,48.44718],[-121.04507,48.44794],[-121.04099,48.44574],[-121.04037,48.44206],[-121.03827,48.43808],[-121.03883,48.43533],[-121.03713,48.43303],[-121.03768,48.43208],[-121.04215,48.43077],[-121.04334,48.42664],[-121.04375,48.4237],[-121.04549,48.42113],[-121.04625,48.41889],[-121.04159,48.41127],[-121.04704,48.41045],[-121.05392,48.41255],[-121.05546,48.41264],[-121.06234,48.40528],[-121.06227,48.40163],[-121.06502,48.39925],[-121.06472,48.39645],[-121.06643,48.39354],[-121.06576,48.39179],[-121.06279,48.3894],[-121.05987,48.38786],[-121.05896,48.3857],[-121.05882,48.3824],[-121.06184,48.37965],[-121.06003,48.37797],[-121.05258,48.37364],[-121.04916,48.37026],[-121.04673,48.36636],[-121.0435,48.36399],[-121.04167,48.36032],[-121.04201,48.35882],[-121.04084,48.35641],[-121.04233,48.35372],[-121.0419,48.35086],[-121.04068,48.35011],[-121.04063,48.3479],[-121.04303,48.34573],[-121.04567,48.34596],[-121.05379,48.34503],[-121.05945,48.34668],[-121.06069,48.34648],[-121.06394,48.34358],[-121.06521,48.3407],[-121.06566,48.33824],[-121.06918,48.33904],[-121.07006,48.33369],[-121.07111,48.33232],[-121.07005,48.33041],[-121.06721,48.32995],[-121.06592,48.32806],[-121.06659,48.32458],[-121.06782,48.32431],[-121.06915,48.32142],[-121.06887,48.31998],[-121.07148,48.31796],[-121.06721,48.31513],[-121.0646,48.31519],[-121.05992,48.31648],[-121.05804,48.31617],[-121.05417,48.31442],[-121.05173,48.31212],[-121.04659,48.30918],[-121.04507,48.30887],[-121.0409,48.3096],[-121.03949,48.31074],[-121.03668,48.31155],[-121.03462,48.31148],[-121.03178,48.30917],[-121.02889,48.30762],[-121.02936,48.30605],[-121.02852,48.30388],[-121.02549,48.30227],[-121.02078,48.30283],[-121.01941,48.302],[-121.01085,48.30016],[-121.00728,48.30008],[-121.00375,48.29943],[-121.00166,48.29601]]]},"properties":{"GEOID":"53007","NAME":"Chelan"}},{"type":"Feature","geometry":{"type":"MultiPolygon","coordinates":[[[[-124.60221,48.38693],[-124.60167,48.38579],[-124.59983,48.38188],[-124.60126,48.38046],[-124.59936,48.37683],[-124.59842,48.37722],[-124.59674,48.37793],[-124.59522,48.37793],[-124.59432,48.37793],[-124.59294,48.37793],[-124.59508,48.38109],[-124.59936,48.38551],[-124.60034,48.386],[-124.60221,48.38693]]],[[[-124.65224,47.91003],[-124.65255,47.90877],[-124.65196,47.90649],[-124.65164,47.90528],[-124.64594,47.90419],[-124.6457,47.90737],[-124.64658,47.90811],[-124.64881,47.90997],[-124.65224,47.91003]]],[[[-122.92724,48.0653],[-122.92797,48.06665],[-122.92664,48.0741],[-122.9259,48.07592],[-122.92091,48.0882],[-122.91794,48.09154],[-122.91409,48.0944],[-122.91787,48.09581],[-122.92909,48.09624],[-122.93916,48.09634],[-122.94612,48.09855],[-122.97941,48.09594],[-123.00413,48.09052],[-123.01122,48.08761],[-123.01665,48.08538],[-123.0382,48.08124],[-123.03873,48.08114],[-123.03877,48.08124],[-123.03961,48.0833],[-123.0422,48.08964],[-123.04663,48.09727],[-123.04691,48.09775],[-123.05045,48.10283],[-123.05892,48.11398],[-123.06621,48.12047],[-123.0751,48.1236],[-123.08093,48.12565],[-123.08515,48.12714],[-123.08986,48.13039],[-123.10651,48.14189],[-123.11176,48.14838],[-123.11648,48.15021],[-123.12377,48.15306],[-123.12482,48.15347],[-123.12756,48.15317],[-123.13014,48.15288],[-123.13142,48.15274],[-123.13737,48.15514],[-123.14196,48.157],[-123.14214,48.15707],[-123.13926,48.16648],[-123.13882,48.16701],[-123.13242,48.1747],[-123.13183,48.17477],[-123.125,48.17559],[-123.12479,48.17562],[-123.11053,48.17989],[-123.10079,48.18243],[-123.09997,48.184],[-123.10088,48.18445],[-123.10189,48.18495],[-123.11685,48.18088],[-123.13479,48.176],[-123.14478,48.17594],[-123.14986,48.17334],[-123.15165,48.17243],[-123.15959,48.16836],[-123.1644,48.16589],[-123.17359,48.15841],[-123.18195,48.15161],[-123.19152,48.14382],[-123.19468,48.14178],[-123.21719,48.1272],[-123.22087,48.1257],[-123.23913,48.11822],[-123.24847,48.11578],[-123.24862,48.11575],[-123.2544,48.11722],[-123.25721,48.117],[-123.26892,48.11609],[-123.27047,48.11626],[-123.28018,48.11731],[-123.2862,48.12009],[-123.28774,48.12079],[-123.28826,48.12104],[-123.28963,48.12066],[-123.30158,48.11734],[-123.31458,48.11372],[-123.32205,48.11341],[-123.32772,48.11318],[-123.3327,48.11297],[-123.3389,48.11361],[-123.34465,48.11757],[-123.34573,48.1176],[-123.34739,48.11764],[-123.35381,48.1178],[-123.35417,48.1177],[-123.35548,48.11735],[-123.36092,48.11586],[-123.36322,48.11556],[-123.37435,48.11408],[-123.38088,48.11487],[-123.38358,48.11475],[-123.39505,48.11424],[-123.40018,48.11566],[-123.40526,48.11705],[-123.40538,48.11708],[-123.40745,48.11859],[-123.40959,48.11745],[-123.4116,48.11638],[-123.41566,48.1169],[-123.41811,48.11722],[-123.42467,48.11807],[-123.4301,48.12001],[-123.43676,48.1224],[-123.44197,48.12426],[-123.44469,48.12476],[-123.45117,48.12595],[-123.45136,48.12598],[-123.45158,48.12608],[-123.45595,48.12797],[-123.46016,48.12979],[-123.46088,48.13166],[-123.46123,48.13257],[-123.46206,48.13471],[-123.45683,48.13534],[-123.44637,48.13614],[-123.43686,48.13947],[-123.40153,48.13775],[-123.40087,48.13854],[-123.39981,48.13982],[-123.40206,48.1408],[-123.40335,48.14137],[-123.40681,48.1415],[-123.42559,48.14222],[-123.43391,48.1421],[-123.44013,48.14201],[-123.4534,48.13975],[-123.45573,48.13936],[-123.46698,48.13552],[-123.46958,48.13493],[-123.47338,48.13408],[-123.48733,48.13258],[-123.48863,48.13244],[-123.4927,48.1323],[-123.50723,48.13181],[-123.51303,48.13269],[-123.5155,48.13306],[-123.52066,48.13494],[-123.52232,48.13554],[-123.53025,48.142],[-123.53374,48.14485],[-123.53488,48.14578],[-123.54099,48.14844],[-123.54668,48.15009],[-123.55069,48.15126],[-123.55113,48.15138],[-123.56022,48.14946],[-123.56431,48.1486],[-123.56467,48.14852],[-123.56518,48.14842],[-123.56854,48.14771],[-123.56888,48.1466],[-123.56967,48.144],[-123.57421,48.14076],[-123.58355,48.13643],[-123.5871,48.13571],[-123.58725,48.13568],[-123.59084,48.13495],[-123.59714,48.13567],[-123.59757,48.13572],[-123.59872,48.13585],[-123.60224,48.13693],[-123.60248,48.13693],[-123.60719,48.13688],[-123.61298,48.13899],[-123.62012,48.13788],[-123.62882,48.13928],[-123.6363,48.14244],[-123.64111,48.14613],[-123.6415,48.14723],[-123.63697,48.15032],[-123.64016,48.1524],[-123.6427,48.15406],[-123.64361,48.15436],[-123.65064,48.1567],[-123.65141,48.15695],[-123.65186,48.15708],[-123.65616,48.15825],[-123.65912,48.15906],[-123.67244,48.16272],[-123.68548,48.16385],[-123.70101,48.16649],[-123.70252,48.16675],[-123.70274,48.16678],[-123.70946,48.16758],[-123.70911,48.16713],[-123.70631,48.16352],[-123.70623,48.1634],[-123.71835,48.15871],[-123.72535,48.15919],[-123.72829,48.16086],[-123.72874,48.1628],[-123.7266,48.16357],[-123.72997,48.1651],[-123.73079,48.16497],[-123.73495,48.16432],[-123.73575,48.16186],[-123.73893,48.16026],[-123.74627,48.16138],[-123.74757,48.16158],[-123.75916,48.15961],[-123.77812,48.15547],[-123.7981,48.15582],[-123.80716,48.15476],[-123.81544,48.15544],[-123.81761,48.15705],[-123.82671,48.16113],[-123.82955,48.1603],[-123.83157,48.15794],[-123.84024,48.15591],[-123.85844,48.15431],[-123.85882,48.15427],[-123.86668,48.1548],[-123.87063,48.15707],[-123.8721,48.15878],[-123.88007,48.16062],[-123.88654,48.16101],[-123.89393,48.15956],[-123.90181,48.16048],[-123.91559,48.15935],[-123.93492,48.16084],[-123.93967,48.16191],[-123.93992,48.16447],[-123.94614,48.16645],[-123.9471,48.16604],[-123.94947,48.16502],[-123.95535,48.16545],[-123.97357,48.16435],[-123.98103,48.16476],[-123.98807,48.16712],[-123.99736,48.16869],[-123.99853,48.17209],[-124.00561,48.17238],[-124.01312,48.17074],[-124.01632,48.17145],[-124.02326,48.173],[-124.02449,48.17483],[-124.02512,48.17577],[-124.03212,48.17433],[-124.03822,48.17545],[-124.04896,48.17742],[-124.05073,48.17775],[-124.05503,48.18019],[-124.05945,48.1827],[-124.05982,48.18608],[-124.06138,48.18656],[-124.063,48.18706],[-124.06567,48.1864],[-124.06756,48.18742],[-124.07212,48.1899],[-124.07549,48.19087],[-124.08141,48.19258],[-124.08752,48.19434],[-124.09072,48.19646],[-124.09278,48.19691],[-124.09884,48.19824],[-124.10239,48.19902],[-124.10721,48.20008],[-124.10698,48.20389],[-124.10691,48.20491],[-124.10688,48.20541],[-124.10165,48.20857],[-124.10472,48.21123],[-124.10177,48.21688],[-124.11187,48.21998],[-124.11764,48.22081],[-124.12635,48.21967],[-124.13069,48.22065],[-124.14129,48.22741],[-124.14958,48.2299],[-124.15502,48.23198],[-124.16317,48.23508],[-124.16762,48.23677],[-124.17571,48.2391],[-124.18485,48.24298],[-124.19269,48.24632],[-124.19883,48.24759],[-124.1993,48.24769],[-124.21167,48.25142],[-124.21787,48.25329],[-124.22194,48.2551],[-124.22244,48.25532],[-124.22285,48.25676],[-124.22753,48.25724],[-124.23191,48.25839],[-124.23858,48.26247],[-124.24331,48.26249],[-124.25088,48.26477],[-124.25108,48.26424],[-124.25143,48.26328],[-124.25227,48.261],[-124.25511,48.25897],[-124.25963,48.25665],[-124.26582,48.25484],[-124.27202,48.25432],[-124.27342,48.2542],[-124.27889,48.25496],[-124.28182,48.25769],[-124.28427,48.25797],[-124.28658,48.25765],[-124.29569,48.25928],[-124.29764,48.26068],[-124.30086,48.26385],[-124.29906,48.26543],[-124.29915,48.26824],[-124.30341,48.26917],[-124.31409,48.27151],[-124.3161,48.2719],[-124.32477,48.2736],[-124.33148,48.27492],[-124.33463,48.27536],[-124.33904,48.27597],[-124.34241,48.2777],[-124.34383,48.27926],[-124.34504,48.28059],[-124.35075,48.28396],[-124.35854,48.28735],[-124.36135,48.28758],[-124.36182,48.28747],[-124.36262,48.28727],[-124.37069,48.28529],[-124.38087,48.2847],[-124.38692,48.28569],[-124.39401,48.28821],[-124.39559,48.28877],[-124.40585,48.2956],[-124.40707,48.29642],[-124.40867,48.29745],[-124.41401,48.30089],[-124.42751,48.30594],[-124.42787,48.30607],[-124.43433,48.30657],[-124.43583,48.30668],[-124.44415,48.31222],[-124.44629,48.31585],[-124.44894,48.31698],[-124.45051,48.31765],[-124.45575,48.31873],[-124.45721,48.31903],[-124.46714,48.32389],[-124.4756,48.32802],[-124.47689,48.32858],[-124.48476,48.33201],[-124.48581,48.33246],[-124.49036,48.33228],[-124.49506,48.33691],[-124.50088,48.33805],[-124.51058,48.34324],[-124.51456,48.34478],[-124.52114,48.34734],[-124.52545,48.34902],[-124.53882,48.34989],[-124.54626,48.35359],[-124.54681,48.35402],[-124.54787,48.35484],[-124.55531,48.36057],[-124.55627,48.36131],[-124.55648,48.36147],[-124.56484,48.36792],[-124.56518,48.36785],[-124.56545,48.36779],[-124.57286,48.36623],[-124.57682,48.36997],[-124.57801,48.37028],[-124.58402,48.37185],[-124.58417,48.37189],[-124.58645,48.37121],[-124.58929,48.3728],[-124.59073,48.3736],[-124.59089,48.37355],[-124.59605,48.3717],[-124.59936,48.37051],[-124.60083,48.37],[-124.60232,48.36948],[-124.60285,48.3693],[-124.61029,48.36672],[-124.6217,48.36783],[-124.62861,48.37197],[-124.62907,48.37225],[-124.63111,48.37652],[-124.63347,48.37909],[-124.63408,48.37976],[-124.63903,48.38513],[-124.63939,48.38552],[-124.63743,48.38695],[-124.63572,48.38819],[-124.64396,48.38937],[-124.65226,48.39055],[-124.65271,48.39061],[-124.65324,48.39069],[-124.65803,48.39084],[-124.65941,48.39089],[-124.66353,48.38835],[-124.66876,48.38846],[-124.67626,48.39137],[-124.68173,48.38981],[-124.68636,48.38952],[-124.69142,48.39016],[-124.69443,48.38756],[-124.69942,48.38805],[-124.70377,48.38708],[-124.70646,48.38608],[-124.71695,48.38978],[-124.72584,48.38601],[-124.72701,48.38507],[-124.72975,48.38284],[-124.73175,48.38122],[-124.73183,48.38116],[-124.73086,48.3762],[-124.72726,48.37465],[-124.72702,48.3711],[-124.72581,48.37066],[-124.71382,48.36631],[-124.71247,48.365],[-124.70661,48.35933],[-124.70748,48.35458],[-124.70374,48.35232],[-124.69916,48.35065],[-124.69899,48.35059],[-124.6967,48.34975],[-124.69599,48.34433],[-124.69455,48.34336],[-124.68768,48.33877],[-124.68349,48.33845],[-124.68112,48.34145],[-124.67636,48.34272],[-124.67548,48.34252],[-124.67007,48.34134],[-124.66853,48.33992],[-124.65996,48.332],[-124.65894,48.33106],[-124.65985,48.32503],[-124.66401,48.32028],[-124.66207,48.31045],[-124.66591,48.29932],[-124.66926,48.29635],[-124.67632,48.29514],[-124.67635,48.29516],[-124.6794,48.29683],[-124.68089,48.29765],[-124.68303,48.2947],[-124.68339,48.2942],[-124.68396,48.29244],[-124.68444,48.29096],[-124.68635,48.28739],[-124.68508,48.28507],[-124.68434,48.28371],[-124.68391,48.28293],[-124.68079,48.27723],[-124.6808,48.27666],[-124.68081,48.27517],[-124.68081,48.27488],[-124.68088,48.26535],[-124.68413,48.25667],[-124.68468,48.25523],[-124.69146,48.25031],[-124.69974,48.24725],[-124.69984,48.24391],[-124.70592,48.23989],[-124.70531,48.23913],[-124.70503,48.23877],[-124.70473,48.23843],[-124.69909,48.23203],[-124.6989,48.22803],[-124.69244,48.22392],[-124.69039,48.21975],[-124.6909,48.21262],[-124.69611,48.1986],[-124.70415,48.18442],[-124.70513,48.18391],[-124.70876,48.18201],[-124.70902,48.18188],[-124.70999,48.18137],[-124.71448,48.18111],[-124.71911,48.17813],[-124.71985,48.1774],[-124.72484,48.17245],[-124.73175,48.17],[-124.73276,48.16533],[-124.73317,48.16339],[-124.7317,48.1604],[-124.72927,48.15864],[-124.72261,48.15383],[-124.72172,48.15319],[-124.71949,48.14843],[-124.71737,48.14392],[-124.71677,48.14264],[-124.71537,48.141],[-124.71164,48.13662],[-124.70732,48.13156],[-124.7088,48.12714],[-124.71138,48.12558],[-124.70491,48.12327],[-124.6985,48.11979],[-124.69771,48.11866],[-124.69509,48.11488],[-124.69215,48.10892],[-124.69181,48.10821],[-124.69275,48.1047],[-124.69127,48.10025],[-124.68869,48.09926],[-124.6871,48.09866],[-124.68793,48.09526],[-124.68799,48.095],[-124.6886,48.09247],[-124.69099,48.0905],[-124.69511,48.0871],[-124.6953,48.08472],[-124.69621,48.07342],[-124.69654,48.06927],[-124.69389,48.06695],[-124.69225,48.06414],[-124.69453,48.06184],[-124.69368,48.0587],[-124.69112,48.05609],[-124.68836,48.05493],[-124.68679,48.05192],[-124.68539,48.04924],[-124.68426,48.0446],[-124.68326,48.04052],[-124.68216,48.03599],[-124.68244,48.03014],[-124.68255,48.02791],[-124.68054,48.02437],[-124.68234,48.02083],[-124.68097,48.0187],[-124.67902,48.0157],[-124.67765,48.01011],[-124.67744,48.00926],[-124.67969,48.00066],[-124.67747,47.99606],[-124.67798,47.99233],[-124.67351,47.98936],[-124.67083,47.98237],[-124.67136,47.97646],[-124.6746,47.97315],[-124.67137,47.96916],[-124.67174,47.96751],[-124.67618,47.96703],[-124.67243,47.96441],[-124.67179,47.96448],[-124.66781,47.96486],[-124.66496,47.96385],[-124.66377,47.96343],[-124.66333,47.95978],[-124.66752,47.95812],[-124.66187,47.95436],[-124.66197,47.9537],[-124.66233,47.95145],[-124.66163,47.94655],[-124.6608,47.94643],[-124.65647,47.94577],[-124.65197,47.94318],[-124.6479,47.93829],[-124.64544,47.93534],[-124.64008,47.92225],[-124.63915,47.92001],[-124.63881,47.91917],[-124.63918,47.91812],[-124.64125,47.91224],[-124.6415,47.91155],[-124.64149,47.91133],[-124.64143,47.90786],[-124.64143,47.90785],[-124.64104,47.90767],[-124.63311,47.90387],[-124.62971,47.89697],[-124.62972,47.89681],[-124.62983,47.89571],[-124.63015,47.89247],[-124.62551,47.88796],[-124.62009,47.88526],[-124.61076,47.88061],[-124.57922,47.8807],[-124.56558,47.88147],[-124.5447,47.88164],[-124.43846,47.88313],[-124.4165,47.88195],[-124.27273,47.88156],[-124.27029,47.88161],[-123.926,47.88137],[-123.79868,47.8815],[-123.69666,47.88108],[-123.50592,47.88108],[-123.50592,47.8669],[-123.46766,47.86692],[-123.29231,47.8669],[-123.1574,47.86688],[-123.15163,47.86688],[-123.03756,47.8669],[-122.97008,47.8669],[-122.96124,47.86668],[-122.94917,47.86682],[-122.94859,47.87538],[-122.94818,47.88139],[-122.94886,47.89529],[-122.95068,47.91042],[-122.95125,47.92514],[-122.95087,47.9543],[-122.95149,47.95429],[-122.94952,47.9693],[-122.94987,47.98369],[-122.94917,47.99264],[-122.94873,47.99807],[-122.9489,48.01248],[-122.94749,48.01966],[-122.94688,48.02675],[-122.94928,48.0429],[-122.94919,48.05029],[-122.94918,48.06515],[-122.92724,48.0653]]],[[[-124.74482,48.39324],[-124.74648,48.39135],[-124.74211,48.39102],[-124.7346,48.38914],[-124.73222,48.39088],[-124.73293,48.39293],[-124.73721,48.39561],[-124.73951,48.39383],[-124.74482,48.39324]]],[[[-124.7548,48.15885],[-124.7546,48.15834],[-124.75321,48.15823],[-124.75252,48.15791],[-124.75135,48.15736],[-124.74997,48.1558],[-124.74862,48.15488],[-124.74659,48.15457],[-124.74631,48.15497],[-124.74547,48.15554],[-124.7466,48.1565],[-124.749,48.15781],[-124.75018,48.1593],[-124.751,48.15981],[-124.75141,48.16056],[-124.75275,48.16084],[-124.75382,48.16118],[-124.7548,48.16046],[-124.75424,48.1595],[-124.7548,48.15885]]],[[[-124.76266,48.17724],[-124.76307,48.17628],[-124.76235,48.1756],[-124.75988,48.17546],[-124.75834,48.17495],[-124.75802,48.17453],[-124.75768,48.17409],[-124.75567,48.17376],[-124.75521,48.17419],[-124.755,48.17503],[-124.75567,48.17556],[-124.75727,48.17587],[-124.75865,48.17625],[-124.76081,48.17707],[-124.76266,48.17724]]]]},"properties":{"GEOID":"53009","NAME":"Clallam"}},{"type":"Feature","geometry":{"type":"Polygon","coordinates":[[[-123.21795,46.38562],[-123.21831,46.36974],[-123.21815,46.36307],[-123.21708,46.35586],[-123.21751,46.34155],[-123.21616,46.32617],[-123.2161,46.32412],[-123.21514,46.28352],[-123.21615,46.2697],[-123.21672,46.23141],[-123.21592,46.2134],[-123.21383,46.21344],[-123.21407,46.20625],[-123.21399,46.19901],[-123.21322,46.17298],[-123.21305,46.17254],[-123.16641,46.18897],[-123.11973,46.18555],[-123.1159,46.18527],[-123.10502,46.17768],[-123.07296,46.16337],[-123.05106,46.1536],[-123.0413,46.14635],[-123.03382,46.14434],[-123.02289,46.13944],[-123.02215,46.13911],[-123.00944,46.13604],[-123.00423,46.13382],[-122.96669,46.10762],[-122.96268,46.10482],[-122.93968,46.09654],[-122.93742,46.09572],[-122.93046,46.09322],[-122.90412,46.08373],[-122.90295,46.08234],[-122.88593,46.06202],[-122.88448,46.06028],[-122.88346,46.05567],[-122.88308,46.05391],[-122.88133,46.04597],[-122.87809,46.03128],[-122.87766,46.03095],[-122.85861,46.01635],[-122.85616,46.01447],[-122.83858,45.98253],[-122.83764,45.98082],[-122.83342,45.97728],[-122.814,45.96098],[-122.81222,45.95446],[-122.81184,45.95309],[-122.80619,45.93242],[-122.8112,45.91386],[-122.81151,45.91272],[-122.81006,45.90966],[-122.80835,45.90604],[-122.79893,45.8861],[-122.79809,45.88433],[-122.79682,45.88272],[-122.79468,45.87998],[-122.78503,45.8677],[-122.78512,45.86435],[-122.7853,45.8581],[-122.78551,45.85054],[-122.78044,45.8513],[-122.77739,45.85298],[-122.77491,45.85616],[-122.77325,45.85743],[-122.76578,45.8602],[-122.76152,45.86159],[-122.75433,45.86314],[-122.75096,45.86409],[-122.74874,45.86535],[-122.74704,45.86765],[-122.7432,45.87012],[-122.74139,45.87051],[-122.73586,45.87059],[-122.73229,45.86974],[-122.72296,45.86666],[-122.72073,45.86713],[-122.71977,45.8709],[-122.72195,45.87278],[-122.72868,45.87739],[-122.73183,45.88127],[-122.7342,45.88576],[-122.7344,45.88853],[-122.73241,45.89425],[-122.73314,45.89525],[-122.73471,45.89528],[-122.74033,45.89321],[-122.74452,45.89264],[-122.74706,45.89349],[-122.74945,45.89627],[-122.74905,45.89727],[-122.74846,45.89881],[-122.74781,45.89907],[-122.74805,45.89909],[-122.74716,45.89972],[-122.7463,45.90008],[-122.74443,45.90051],[-122.74343,45.90052],[-122.74235,45.90039],[-122.74013,45.90063],[-122.73957,45.90084],[-122.73766,45.90189],[-122.73729,45.90578],[-122.73738,45.90705],[-122.73953,45.9108],[-122.74034,45.91393],[-122.74013,45.91475],[-122.739,45.91529],[-122.73257,45.91403],[-122.73018,45.91431],[-122.72593,45.91573],[-122.7229,45.91933],[-122.72207,45.92099],[-122.71956,45.92335],[-122.71853,45.92615],[-122.72019,45.9293],[-122.72091,45.93189],[-122.71971,45.93326],[-122.71781,45.93373],[-122.71511,45.93229],[-122.7117,45.93117],[-122.70945,45.93088],[-122.70644,45.93048],[-122.70449,45.93081],[-122.69911,45.93098],[-122.69697,45.92916],[-122.69323,45.92803],[-122.69087,45.92817],[-122.68926,45.92911],[-122.688,45.93211],[-122.68862,45.93438],[-122.69289,45.93619],[-122.69488,45.93771],[-122.69485,45.94059],[-122.69324,45.94145],[-122.68933,45.94133],[-122.68396,45.93977],[-122.68148,45.93876],[-122.67694,45.93804],[-122.67491,45.93738],[-122.66926,45.93699],[-122.6609,45.93247],[-122.65946,45.9296],[-122.65763,45.92813],[-122.65638,45.92796],[-122.65486,45.92878],[-122.65343,45.93213],[-122.65112,45.93412],[-122.64749,45.93594],[-122.64619,45.93726],[-122.64382,45.93785],[-122.64249,45.9381],[-122.63892,45.93746],[-122.63041,45.93578],[-122.62717,45.93562],[-122.62004,45.93685],[-122.61538,45.93568],[-122.61307,45.93641],[-122.61026,45.93818],[-122.60602,45.93999],[-122.60452,45.94186],[-122.60103,45.94477],[-122.59028,45.94837],[-122.58545,45.95279],[-122.58026,45.95467],[-122.57803,45.9547],[-122.57205,45.95257],[-122.56957,45.95259],[-122.56458,45.95167],[-122.56221,45.95169],[-122.55842,45.95302],[-122.55742,45.95385],[-122.55604,45.9566],[-122.55458,45.95982],[-122.5498,45.96265],[-122.54687,45.96696],[-122.54288,45.96895],[-122.53828,45.97016],[-122.53606,45.97161],[-122.53275,45.97284],[-122.5318,45.97402],[-122.53484,45.97699],[-122.5345,45.97922],[-122.52725,45.98198],[-122.52301,45.98409],[-122.52186,45.98415],[-122.52089,45.98417],[-122.51791,45.98283],[-122.51552,45.98311],[-122.51366,45.98427],[-122.51067,45.98494],[-122.50893,45.98425],[-122.50828,45.98169],[-122.5064,45.98033],[-122.50121,45.98001],[-122.49696,45.98075],[-122.49656,45.98246],[-122.49826,45.98472],[-122.4984,45.98635],[-122.49748,45.98698],[-122.49387,45.98678],[-122.48962,45.9835],[-122.48592,45.98329],[-122.48466,45.98363],[-122.4833,45.98635],[-122.47875,45.98794],[-122.4771,45.98809],[-122.4745,45.98718],[-122.47013,45.98636],[-122.46849,45.987],[-122.46357,45.98666],[-122.4627,45.9864],[-122.45244,45.98496],[-122.44645,45.98318],[-122.44482,45.9812],[-122.44474,45.97777],[-122.44221,45.97585],[-122.4392,45.97637],[-122.43532,45.9751],[-122.43176,45.97568],[-122.42891,45.97688],[-122.42602,45.97739],[-122.42241,45.97739],[-122.41849,45.97672],[-122.41836,45.97401],[-122.41355,45.97363],[-122.41082,45.97392],[-122.40627,45.97327],[-122.40282,45.97214],[-122.39851,45.9725],[-122.39424,45.96991],[-122.38977,45.96666],[-122.38536,45.96591],[-122.38293,45.96484],[-122.37983,45.96165],[-122.37515,45.96013],[-122.37291,45.96076],[-122.3689,45.96131],[-122.36689,45.96272],[-122.36318,45.96271],[-122.36306,45.95978],[-122.36103,45.958],[-122.35777,45.95691],[-122.35631,45.95685],[-122.35213,45.95878],[-122.35039,45.95828],[-122.34732,45.95931],[-122.34348,45.95955],[-122.33971,45.96156],[-122.33642,45.96284],[-122.33266,45.96506],[-122.33083,45.9682],[-122.32862,45.97105],[-122.32664,45.97282],[-122.32438,45.97615],[-122.32572,45.97871],[-122.32529,45.98273],[-122.32384,45.98381],[-122.3192,45.98487],[-122.31836,45.98536],[-122.31748,45.98829],[-122.3148,45.99083],[-122.31506,45.9923],[-122.31663,45.99395],[-122.3225,45.99642],[-122.325,45.99983],[-122.32515,46.0039],[-122.32396,46.00581],[-122.32451,46.00715],[-122.32836,46.00946],[-122.32877,46.01081],[-122.32829,46.0115],[-122.32543,46.01256],[-122.32216,46.0126],[-122.31993,46.01179],[-122.3185,46.01199],[-122.31747,46.01266],[-122.31371,46.017],[-122.31373,46.01919],[-122.31519,46.02158],[-122.31226,46.0269],[-122.31171,46.02879],[-122.30589,46.02957],[-122.30317,46.0326],[-122.30157,46.03374],[-122.29717,46.0353],[-122.29471,46.03797],[-122.29475,46.04515],[-122.29522,46.04738],[-122.29444,46.04919],[-122.29256,46.04984],[-122.28862,46.04938],[-122.28735,46.0496],[-122.28343,46.05141],[-122.28149,46.05398],[-122.2802,46.05476],[-122.27653,46.05824],[-122.27297,46.0594],[-122.2692,46.05963],[-122.26432,46.05897],[-122.25915,46.05779],[-122.25536,46.05624],[-122.25152,46.05569],[-122.25147,46.05402],[-122.24868,46.05356],[-122.24586,46.05385],[-122.2458,46.06325],[-122.24604,46.12815],[-122.24621,46.1428],[-122.24668,46.20058],[-122.24546,46.21133],[-122.24201,46.21162],[-122.24117,46.31239],[-122.24119,46.31281],[-122.24038,46.35589],[-122.24041,46.35624],[-122.23948,46.38542],[-122.24097,46.38536],[-122.29068,46.38553],[-122.30223,46.38558],[-122.34567,46.38562],[-122.36365,46.38623],[-122.3637,46.38735],[-122.4273,46.38715],[-122.42984,46.38725],[-122.48952,46.38728],[-122.5739,46.38785],[-122.58007,46.38778],[-122.69805,46.38711],[-122.70246,46.38715],[-122.8786,46.38751],[-122.93223,46.38741],[-122.93257,46.38741],[-122.94371,46.38739],[-122.9551,46.38741],[-123.11423,46.38804],[-123.13443,46.38665],[-123.13945,46.38657],[-123.15517,46.38634],[-123.17651,46.38523],[-123.21795,46.38562]]]},"properties":{"GEOID":"53015","NAME":"Cowlitz"}},{"type":"Feature","geometry":{"type":"Polygon","coordinates":[[[-120.00707,47.22013],[-120.00394,47.21604],[-120.00263,47.21227],[-120.00244,47.20999],[-120.003,47.20753],[-120.00557,47.20272],[-120.00591,47.19734],[-120.00506,47.19152],[-120.00385,47.18693],[-120.00369,47.18438],[-120.00418,47.18266],[-120.00903,47.17503],[-120.01049,47.17227],[-120.01115,47.16745],[-120.01058,47.16128],[-120.00969,47.15855],[-120.00776,47.15539],[-120.00545,47.15301],[-120.00106,47.14548],[-120.00058,47.14362],[-119.99996,47.13673],[-120.00147,47.12755],[-120.00207,47.12615],[-120.00907,47.11725],[-120.01027,47.11355],[-120.01197,47.11185],[-120.01887,47.11035],[-120.02607,47.10685],[-120.02757,47.10525],[-120.03447,47.09355],[-120.03767,47.08745],[-120.03847,47.08515],[-120.04047,47.08125],[-120.04227,47.07625],[-120.04287,47.07345],[-120.04187,47.06705],[-120.03897,47.06085],[-120.03757,47.05885],[-120.03297,47.05425],[-120.02467,47.04865],[-120.02086,47.04635],[-120.01117,47.03935],[-120.00927,47.03725],[-120.00727,47.03365],[-120.00727,47.02855],[-120.00626,47.02495],[-120.00586,47.02115],[-120.00576,47.01625],[-120.00506,47.01455],[-120.00186,47.01015],[-120.00136,47.00815],[-120.00126,47.00535],[-120.00246,47.00115],[-120.00214,46.99732],[-120.00112,46.99364],[-119.99818,46.9897],[-119.99684,46.98697],[-119.99491,46.98503],[-119.99286,46.98052],[-119.99053,46.97728],[-119.98607,46.97099],[-119.98282,46.96616],[-119.97839,46.96106],[-119.97354,46.95405],[-119.96961,46.94746],[-119.9658,46.94328],[-119.96499,46.93679],[-119.96412,46.93498],[-119.96468,46.93113],[-119.96542,46.92938],[-119.96533,46.92744],[-119.96397,46.92431],[-119.96342,46.92116],[-119.96319,46.91882],[-119.96412,46.9131],[-119.9642,46.90744],[-119.96515,46.89652],[-119.9651,46.8932],[-119.9658,46.88929],[-119.96549,46.88105],[-119.96567,46.87704],[-119.96495,46.86891],[-119.96494,46.8588],[-119.96388,46.85562],[-119.96275,46.85406],[-119.95828,46.84952],[-119.95229,46.84267],[-119.94402,46.83552],[-119.93784,46.82858],[-119.93363,46.82471],[-119.92754,46.81709],[-119.92623,46.81418],[-119.9256,46.81143],[-119.92744,46.79845],[-119.92786,46.7975],[-119.92861,46.79632],[-119.93367,46.78844],[-119.93861,46.78184],[-119.94008,46.7787],[-119.94305,46.7747],[-119.94784,46.77024],[-119.95114,46.76778],[-119.95974,46.76322],[-119.96637,46.75862],[-119.96997,46.75497],[-119.9708,46.75274],[-119.97065,46.74729],[-119.97152,46.7427],[-119.97304,46.73713],[-119.97361,46.72945],[-119.97271,46.72324],[-119.9687,46.71443],[-119.96379,46.70602],[-119.96298,46.70482],[-119.95675,46.69352],[-119.95415,46.69024],[-119.95221,46.68683],[-119.94901,46.6822],[-119.94786,46.67886],[-119.94644,46.67594],[-119.94422,46.67324],[-119.93855,46.66933],[-119.93309,46.66456],[-119.93046,46.66255],[-119.92154,46.65871],[-119.91983,46.65763],[-119.9173,46.65542],[-119.91581,46.6535],[-119.91465,46.65016],[-119.91449,46.64973],[-119.91242,46.64691],[-119.9104,46.64467],[-119.90532,46.63934],[-119.90148,46.6356],[-119.89758,46.63327],[-119.89477,46.63233],[-119.88155,46.63063],[-119.87615,46.62934],[-119.87404,46.62828],[-119.86671,46.62662],[-119.85769,46.6263],[-119.85398,46.62594],[-119.8364,46.62546],[-119.82243,46.62608],[-119.8149,46.62767],[-119.80546,46.62989],[-119.80052,46.63055],[-119.79289,46.63179],[-119.78812,46.63233],[-119.7827,46.63343],[-119.77665,46.63374],[-119.76546,46.63517],[-119.76146,46.63542],[-119.75097,46.63566],[-119.74297,46.63794],[-119.73348,46.64231],[-119.72708,46.64476],[-119.71905,46.64745],[-119.71106,46.64882],[-119.70446,46.64893],[-119.69637,46.64857],[-119.69219,46.64822],[-119.68112,46.6465],[-119.67713,46.64537],[-119.67106,46.64295],[-119.66554,46.64142],[-119.66177,46.64067],[-119.65919,46.64033],[-119.65197,46.64006],[-119.6478,46.64036],[-119.64457,46.6411],[-119.64124,46.64133],[-119.63715,46.64236],[-119.63233,46.64297],[-119.62552,46.64467],[-119.61848,46.64758],[-119.60758,46.65391],[-119.60113,46.65731],[-119.5954,46.66111],[-119.589,46.66487],[-119.58168,46.66991],[-119.57122,46.67943],[-119.56243,46.68812],[-119.55844,46.69138],[-119.55428,46.69423],[-119.54993,46.69773],[-119.54576,46.70151],[-119.53947,46.70671],[-119.53468,46.70964],[-119.5293,46.71792],[-119.52613,46.72116],[-119.51846,46.72678],[-119.51658,46.72764],[-119.51139,46.72769],[-119.50502,46.72616],[-119.50112,46.72471],[-119.49507,46.72098],[-119.49153,46.71959],[-119.48576,46.71567],[-119.48148,46.71066],[-119.47682,46.70655],[-119.46487,46.69691],[-119.4586,46.69284],[-119.45229,46.6892],[-119.44993,46.68624],[-119.44973,46.68474],[-119.4505,46.68226],[-119.45319,46.67924],[-119.36916,46.67818],[-119.36943,46.73769],[-119.36938,46.79559],[-119.36922,46.80997],[-119.36914,46.82004],[-119.36857,46.86873],[-119.36892,46.87254],[-119.36866,46.91256],[-119.28092,46.91252],[-119.23735,46.91223],[-119.21716,46.91222],[-119.15349,46.91224],[-119.09394,46.91188],[-119.07901,46.9118],[-118.98265,46.91134],[-118.98211,46.95662],[-118.98152,47.04521],[-118.98146,47.04544],[-118.98152,47.04855],[-118.98127,47.07193],[-118.98122,47.08421],[-118.98078,47.17413],[-118.9799,47.2034],[-118.97993,47.23257],[-118.97978,47.26171],[-118.9788,47.36316],[-118.9792,47.3637],[-118.97928,47.36417],[-118.97923,47.3659],[-118.97882,47.40412],[-118.97872,47.41487],[-118.97787,47.46097],[-118.97792,47.46108],[-118.97765,47.50856],[-118.97769,47.50906],[-118.97767,47.55337],[-118.97692,47.64536],[-118.97676,47.64684],[-118.97611,47.68962],[-118.97585,47.71363],[-118.97581,47.72236],[-118.97569,47.7235],[-118.9751,47.83038],[-118.97495,47.83084],[-118.97456,47.86629],[-118.97415,47.90363],[-118.97405,47.91083],[-118.97395,47.93056],[-118.97396,47.9328],[-118.97282,47.941],[-118.9735,47.94341],[-118.9781,47.94528],[-118.98166,47.94798],[-118.98275,47.94978],[-118.98275,47.95301],[-118.98177,47.95799],[-118.98223,47.96203],[-118.98481,47.96206],[-118.98906,47.96211],[-118.9908,47.96213],[-119.01381,47.96208],[-119.10387,47.96176],[-119.10397,47.94669],[-119.12558,47.9468],[-119.1259,47.9173],[-119.1474,47.91739],[-119.1474,47.90265],[-119.19055,47.90247],[-119.19063,47.88781],[-119.21222,47.88771],[-119.21217,47.87308],[-119.21232,47.85838],[-119.21225,47.83579],[-119.21229,47.8092],[-119.21241,47.8007],[-119.2339,47.80066],[-119.23417,47.77198],[-119.25586,47.77169],[-119.25578,47.74251],[-119.27717,47.7426],[-119.27724,47.72824],[-119.29865,47.72833],[-119.29884,47.6704],[-119.32014,47.67023],[-119.3203,47.6268],[-119.34148,47.62675],[-119.34162,47.62142],[-119.34177,47.61239],[-119.4052,47.61264],[-119.40532,47.59901],[-119.42677,47.59906],[-119.42684,47.58478],[-119.4478,47.5849],[-119.44768,47.57046],[-119.4691,47.57076],[-119.46917,47.55661],[-119.4901,47.55654],[-119.49047,47.54202],[-119.51209,47.54204],[-119.51169,47.52763],[-119.53289,47.52776],[-119.53335,47.47001],[-119.53362,47.44121],[-119.55781,47.44114],[-119.56008,47.44128],[-119.5981,47.44111],[-119.60131,47.44108],[-119.61906,47.44138],[-119.63927,47.44095],[-119.64091,47.44063],[-119.74729,47.43931],[-119.74739,47.43931],[-119.8541,47.43738],[-119.87576,47.43749],[-119.87582,47.40831],[-119.89717,47.40797],[-119.89738,47.39347],[-119.91875,47.39345],[-119.91892,47.36448],[-119.94024,47.36436],[-119.94044,47.34944],[-119.96134,47.34878],[-119.96182,47.33495],[-119.98323,47.33462],[-119.98312,47.32043],[-120.0047,47.31999],[-120.00476,47.3093],[-120.00478,47.30582],[-120.0044,47.2623],[-120.00291,47.26232],[-120.00439,47.24596],[-120.00478,47.2306],[-120.0049,47.22108],[-120.00707,47.22013]]]},"properties":{"GEOID":"53025","NAME":"Grant"}},{"type":"Feature","geometry":{"type":"MultiPolygon","coordinates":[[[[-122.94347,48.12291],[-122.94855,48.11757],[-122.94237,48.12043],[-122.93334,48.12122],[-122.92643,48.1246],[-122.91816,48.12655],[-122.90864,48.1256],[-122.91013,48.12746],[-122.91671,48.12874],[-122.92949,48.13341],[-122.94347,48.12291]]],[[[-124.49115,47.67408],[-124.49246,47.67208],[-124.48901,47.67168],[-124.48378,47.67208],[-124.48093,47.67456],[-124.47986,47.67712],[-124.48065,47.6798],[-124.48509,47.67752],[-124.49115,47.67408]]],[[[-124.5093,47.79885],[-124.50928,47.79832],[-124.5089,47.79797],[-124.50819,47.79789],[-124.50817,47.79769],[-124.50805,47.79746],[-124.50725,47.79761],[-124.50681,47.79748],[-124.50598,47.79707],[-124.50436,47.79694],[-124.50434,47.79737],[-124.50479,47.7976],[-124.50556,47.79803],[-124.50638,47.79861],[-124.50715,47.79917],[-124.5077,47.79929],[-124.50873,47.79911],[-124.5093,47.79885]]],[[[-124.61076,47.88061],[-124.60954,47.88],[-124.60867,47.87524],[-124.61053,47.87167],[-124.60482,47.87279],[-124.60321,47.87135],[-124.59913,47.87511],[-124.59661,47.87861],[-124.58817,47.87788],[-124.57989,47.87456],[-124.57555,47.86899],[-124.57337,47.86667],[-124.56903,47.86567],[-124.56615,47.86763],[-124.56236,47.86622],[-124.55903,47.86309],[-124.55825,47.85598],[-124.558,47.85366],[-124.55277,47.85174],[-124.55084,47.84952],[-124.55005,47.84541],[-124.54469,47.8452],[-124.53956,47.84191],[-124.53993,47.83697],[-124.54101,47.83412],[-124.53287,47.83344],[-124.52259,47.83212],[-124.51939,47.82685],[-124.51278,47.82252],[-124.50668,47.82391],[-124.49799,47.82261],[-124.48974,47.81699],[-124.48456,47.80834],[-124.48215,47.79745],[-124.48144,47.78867],[-124.47903,47.78264],[-124.47434,47.77561],[-124.47187,47.77206],[-124.47358,47.77024],[-124.47657,47.76967],[-124.48,47.76903],[-124.48004,47.7673],[-124.47467,47.76656],[-124.47169,47.76691],[-124.46856,47.76825],[-124.46463,47.76661],[-124.46225,47.76468],[-124.45892,47.76494],[-124.45675,47.76618],[-124.45393,47.76533],[-124.45128,47.76318],[-124.45024,47.75847],[-124.44738,47.75545],[-124.44063,47.75176],[-124.43072,47.74634],[-124.43055,47.74625],[-124.43051,47.7462],[-124.42519,47.73843],[-124.42022,47.72529],[-124.41962,47.72278],[-124.41211,47.6912],[-124.39598,47.66553],[-124.38221,47.6323],[-124.37493,47.60389],[-124.37175,47.59957],[-124.36622,47.58244],[-124.36176,47.56271],[-124.35971,47.55363],[-124.35865,47.54893],[-124.35838,47.54773],[-124.35808,47.54651],[-124.35485,47.53354],[-124.35109,47.53353],[-124.33433,47.53362],[-124.32797,47.53359],[-124.31032,47.53368],[-124.30183,47.53324],[-124.17972,47.53362],[-124.17928,47.53361],[-124.11134,47.5339],[-124.0608,47.53371],[-124.0465,47.53367],[-124.04663,47.5258],[-124.04674,47.51853],[-123.95713,47.51797],[-123.73902,47.51782],[-123.63264,47.51772],[-123.53211,47.51772],[-123.50592,47.51772],[-123.50592,47.51959],[-123.50592,47.60462],[-123.49542,47.60462],[-123.37701,47.60462],[-123.37701,47.60691],[-123.36702,47.60746],[-122.99609,47.60683],[-122.9826,47.6067],[-122.98189,47.60669],[-122.98301,47.60858],[-122.98159,47.61307],[-122.97256,47.61403],[-122.96638,47.61884],[-122.95893,47.62244],[-122.95544,47.62412],[-122.9545,47.62698],[-122.95449,47.62701],[-122.94166,47.63165],[-122.94174,47.63233],[-122.94213,47.63582],[-122.93643,47.6379],[-122.93524,47.64324],[-122.935,47.6443],[-122.92764,47.64735],[-122.92741,47.65085],[-122.9274,47.65103],[-122.92674,47.65089],[-122.92179,47.64986],[-122.91837,47.64623],[-122.91334,47.646],[-122.90411,47.64558],[-122.90375,47.64636],[-122.9026,47.64883],[-122.90173,47.65071],[-122.90168,47.65118],[-122.90146,47.65307],[-122.90137,47.6539],[-122.90553,47.65887],[-122.90244,47.66127],[-122.90286,47.6624],[-122.90363,47.66448],[-122.90886,47.66496],[-122.90624,47.67104],[-122.90394,47.67217],[-122.90102,47.6736],[-122.89723,47.679],[-122.89698,47.67936],[-122.88522,47.68376],[-122.88081,47.68624],[-122.8782,47.69008],[-122.88723,47.70192],[-122.88961,47.70592],[-122.88714,47.70989],[-122.88438,47.71343],[-122.88366,47.72303],[-122.88271,47.73118],[-122.87939,47.73214],[-122.87828,47.73132],[-122.87701,47.73038],[-122.87368,47.73022],[-122.87359,47.73046],[-122.8728,47.73236],[-122.87249,47.7331],[-122.87234,47.73554],[-122.87202,47.74061],[-122.87131,47.74349],[-122.8675,47.74445],[-122.86156,47.74477],[-122.85705,47.73614],[-122.853,47.7363],[-122.85114,47.73855],[-122.85253,47.74573],[-122.85086,47.74972],[-122.84849,47.7518],[-122.84982,47.76075],[-122.85491,47.76315],[-122.86346,47.76858],[-122.86631,47.7772],[-122.86465,47.78024],[-122.86491,47.78058],[-122.86531,47.78113],[-122.86655,47.78279],[-122.86679,47.7887],[-122.86845,47.7911],[-122.86798,47.79892],[-122.86465,47.80467],[-122.85806,47.80438],[-122.85728,47.80435],[-122.85277,47.80419],[-122.8473,47.801],[-122.85063,47.79685],[-122.85182,47.78503],[-122.85514,47.78231],[-122.85348,47.78008],[-122.84683,47.77912],[-122.84181,47.77904],[-122.82764,47.78485],[-122.82187,47.78902],[-122.81503,47.80749],[-122.81564,47.8109],[-122.81925,47.81105],[-122.82353,47.81712],[-122.82377,47.81951],[-122.8252,47.82175],[-122.82068,47.82765],[-122.82068,47.83802],[-122.81664,47.84042],[-122.80975,47.84058],[-122.80645,47.83232],[-122.80285,47.82877],[-122.79762,47.8259],[-122.79739,47.81632],[-122.797,47.81324],[-122.79667,47.81058],[-122.79327,47.80864],[-122.78907,47.80627],[-122.78812,47.80419],[-122.78978,47.79094],[-122.79525,47.77736],[-122.79726,47.77318],[-122.79572,47.77065],[-122.79786,47.76522],[-122.79994,47.7621],[-122.8,47.75819],[-122.80967,47.74741],[-122.81074,47.74312],[-122.80761,47.7371],[-122.80808,47.73246],[-122.81503,47.726],[-122.81236,47.71983],[-122.81355,47.71567],[-122.81783,47.71375],[-122.82044,47.7128],[-122.82496,47.71088],[-122.8276,47.70523],[-122.8271,47.7],[-122.82924,47.69504],[-122.83328,47.69248],[-122.8299,47.68912],[-122.81925,47.68512],[-122.81141,47.68128],[-122.80567,47.68282],[-122.79834,47.68448],[-122.79039,47.68671],[-122.78455,47.68656],[-122.77362,47.69024],[-122.77068,47.69223],[-122.77219,47.69536],[-122.77909,47.70048],[-122.78313,47.70368],[-122.78221,47.7072],[-122.78099,47.71391],[-122.78289,47.71871],[-122.78004,47.72143],[-122.78051,47.72511],[-122.77631,47.72866],[-122.77542,47.73275],[-122.7729,47.73677],[-122.77005,47.74045],[-122.76562,47.74145],[-122.7585,47.74604],[-122.75556,47.75036],[-122.75627,47.75484],[-122.75788,47.75774],[-122.7527,47.76155],[-122.75318,47.76538],[-122.74842,47.76778],[-122.75056,47.77241],[-122.74985,47.77449],[-122.74486,47.77513],[-122.74676,47.77784],[-122.7489,47.78056],[-122.74747,47.78263],[-122.74842,47.78838],[-122.74417,47.79058],[-122.74296,47.79349],[-122.74806,47.80055],[-122.74581,47.80435],[-122.74531,47.80445],[-122.74147,47.80521],[-122.73773,47.80595],[-122.73607,47.8068],[-122.73155,47.80914],[-122.71776,47.81153],[-122.71325,47.81409],[-122.71087,47.81744],[-122.70137,47.82558],[-122.69376,47.82638],[-122.68734,47.831],[-122.68374,47.83877],[-122.68116,47.84377],[-122.6816,47.8504],[-122.6852,47.85254],[-122.68829,47.85987],[-122.69281,47.86466],[-122.69376,47.868],[-122.6845,47.86783],[-122.67617,47.86705],[-122.66571,47.86657],[-122.65008,47.86386],[-122.63814,47.86546],[-122.63388,47.8684],[-122.63186,47.87482],[-122.62863,47.87949],[-122.62511,47.87874],[-122.62269,47.8771],[-122.6196,47.87757],[-122.61775,47.88303],[-122.61034,47.88734],[-122.61887,47.89024],[-122.62863,47.88954],[-122.63742,47.88995],[-122.64439,47.89356],[-122.64777,47.89597],[-122.6475,47.89914],[-122.649,47.9006],[-122.65268,47.90224],[-122.65509,47.90506],[-122.65335,47.91008],[-122.65399,47.91589],[-122.65106,47.92098],[-122.65333,47.923],[-122.65599,47.92444],[-122.65771,47.93112],[-122.65772,47.93116],[-122.66025,47.93191],[-122.66238,47.9307],[-122.66584,47.92663],[-122.67036,47.922],[-122.67289,47.91884],[-122.67736,47.9163],[-122.68259,47.91502],[-122.68805,47.91518],[-122.68924,47.91774],[-122.6941,47.9182],[-122.69852,47.91734],[-122.6988,47.91788],[-122.69922,47.9187],[-122.69688,47.9194],[-122.6949,47.92097],[-122.69013,47.92263],[-122.68581,47.9216],[-122.68203,47.9214],[-122.68062,47.92659],[-122.68044,47.93155],[-122.68192,47.93642],[-122.68445,47.93959],[-122.68465,47.9434],[-122.68469,47.94405],[-122.67958,47.95119],[-122.67621,47.95874],[-122.6788,47.96793],[-122.68322,47.97223],[-122.69669,47.97379],[-122.70069,47.97338],[-122.71808,47.98774],[-122.71875,47.9981],[-122.72394,48.01147],[-122.72911,48.01974],[-122.72537,48.02371],[-122.72315,48.0237],[-122.71949,48.02369],[-122.70184,48.01611],[-122.69637,48.01258],[-122.69211,48.00977],[-122.69007,48.00842],[-122.6869,48.00831],[-122.66987,48.01722],[-122.6697,48.01993],[-122.66952,48.02279],[-122.66912,48.02922],[-122.66894,48.03203],[-122.67715,48.03635],[-122.68226,48.04272],[-122.68292,48.05445],[-122.68299,48.0557],[-122.68541,48.07201],[-122.68572,48.07407],[-122.69222,48.08708],[-122.69166,48.09635],[-122.69164,48.09673],[-122.68724,48.10166],[-122.69273,48.10331],[-122.69847,48.1031],[-122.71856,48.09757],[-122.73326,48.09123],[-122.73717,48.08627],[-122.73886,48.08103],[-122.74834,48.0721],[-122.74739,48.0708],[-122.74118,48.07096],[-122.73927,48.06915],[-122.74001,48.05412],[-122.74229,48.04932],[-122.73702,48.04342],[-122.73427,48.03495],[-122.7349,48.03453],[-122.73987,48.03118],[-122.74853,48.03014],[-122.75386,48.03598],[-122.75672,48.03715],[-122.75924,48.03818],[-122.76506,48.04056],[-122.76665,48.04429],[-122.7705,48.0479],[-122.77055,48.05283],[-122.77056,48.05343],[-122.76671,48.05645],[-122.7653,48.05756],[-122.77422,48.06033],[-122.78442,48.06867],[-122.78794,48.0778],[-122.78807,48.07813],[-122.79243,48.08121],[-122.79888,48.08453],[-122.8014,48.08756],[-122.79846,48.09245],[-122.79498,48.09238],[-122.79386,48.09426],[-122.79439,48.09591],[-122.79255,48.09709],[-122.78119,48.10439],[-122.77847,48.10613],[-122.77318,48.10686],[-122.75408,48.11486],[-122.74891,48.11703],[-122.75074,48.11943],[-122.75342,48.12297],[-122.75541,48.12477],[-122.75557,48.12492],[-122.76167,48.13046],[-122.76245,48.13117],[-122.76194,48.13252],[-122.7597,48.13836],[-122.75905,48.14006],[-122.75413,48.14232],[-122.75413,48.1447],[-122.76045,48.14324],[-122.78408,48.14297],[-122.79259,48.1412],[-122.81144,48.13728],[-122.81624,48.13664],[-122.8218,48.13591],[-122.83317,48.13441],[-122.83795,48.13648],[-122.84818,48.12692],[-122.87628,48.11088],[-122.88485,48.10694],[-122.88481,48.10368],[-122.88032,48.09886],[-122.87931,48.09268],[-122.88003,48.0888],[-122.89031,48.07687],[-122.87825,48.07607],[-122.85773,48.06577],[-122.85679,48.06104],[-122.85242,48.05846],[-122.8524,48.05595],[-122.84927,48.05381],[-122.8463,48.05246],[-122.84492,48.05184],[-122.83423,48.04962],[-122.82748,48.04677],[-122.82876,48.03357],[-122.83185,48.01942],[-122.83536,48.01528],[-122.83527,48.01446],[-122.8347,48.0094],[-122.83745,48.0069],[-122.83946,48.00177],[-122.85085,47.9959],[-122.87199,47.99349],[-122.87582,47.99604],[-122.87457,47.99899],[-122.86727,48.00288],[-122.86082,48.00759],[-122.86088,48.01385],[-122.85633,48.01703],[-122.86096,48.02133],[-122.86099,48.02529],[-122.86631,48.03849],[-122.87035,48.03849],[-122.87392,48.0439],[-122.87197,48.04758],[-122.87839,48.047],[-122.886,48.04913],[-122.9186,48.05824],[-122.92685,48.06459],[-122.92724,48.0653],[-122.94918,48.06515],[-122.94919,48.05029],[-122.94928,48.0429],[-122.94688,48.02675],[-122.94749,48.01966],[-122.9489,48.01248],[-122.94873,47.99807],[-122.94917,47.99264],[-122.94987,47.98369],[-122.94952,47.9693],[-122.95149,47.95429],[-122.95087,47.9543],[-122.95125,47.92514],[-122.95068,47.91042],[-122.94886,47.89529],[-122.94818,47.88139],[-122.94859,47.87538],[-122.94917,47.86682],[-122.96124,47.86668],[-122.97008,47.8669],[-123.03756,47.8669],[-123.15163,47.86688],[-123.1574,47.86688],[-123.29231,47.8669],[-123.46766,47.86692],[-123.50592,47.8669],[-123.50592,47.88108],[-123.69666,47.88108],[-123.79868,47.8815],[-123.926,47.88137],[-124.27029,47.88161],[-124.27273,47.88156],[-124.4165,47.88195],[-124.43846,47.88313],[-124.5447,47.88164],[-124.56558,47.88147],[-124.57922,47.8807],[-124.61076,47.88061]]]]},"properties":{"GEOID":"53031","NAME":"Jefferson"}},{"type":"Feature","geometry":{"type":"Polygon","coordinates":[[[-121.11357,47.59729],[-121.11582,47.59787],[-121.11688,47.59731],[-121.11853,47.59567],[-121.11926,47.59187],[-121.12013,47.59132],[-121.12334,47.59215],[-121.12614,47.59243],[-121.1297,47.59331],[-121.13431,47.59541],[-121.1372,47.59572],[-121.13898,47.59544],[-121.14108,47.59396],[-121.14163,47.59212],[-121.14396,47.59224],[-121.14552,47.59325],[-121.14833,47.59365],[-121.15101,47.59539],[-121.15473,47.59507],[-121.15573,47.5938],[-121.16058,47.59275],[-121.16392,47.59261],[-121.16713,47.59163],[-121.16848,47.59053],[-121.17225,47.59005],[-121.17075,47.58601],[-121.17178,47.58409],[-121.17298,47.58338],[-121.17216,47.58071],[-121.1699,47.5792],[-121.17084,47.57599],[-121.17239,47.57369],[-121.1751,47.57237],[-121.17694,47.56974],[-121.17658,47.56693],[-121.18014,47.56492],[-121.1822,47.56518],[-121.18422,47.56675],[-121.18606,47.56723],[-121.18831,47.56873],[-121.1946,47.56615],[-121.19836,47.56644],[-121.20418,47.56633],[-121.20863,47.56597],[-121.20995,47.56719],[-121.21295,47.56882],[-121.21465,47.56883],[-121.21704,47.56975],[-121.22134,47.56782],[-121.22462,47.56723],[-121.2289,47.5656],[-121.2301,47.56314],[-121.23191,47.56245],[-121.23306,47.56044],[-121.23212,47.5587],[-121.2325,47.55714],[-121.23394,47.55635],[-121.23419,47.55206],[-121.23336,47.55057],[-121.23556,47.54812],[-121.23433,47.54666],[-121.23539,47.54465],[-121.24065,47.54392],[-121.24334,47.54304],[-121.24304,47.54039],[-121.24153,47.53906],[-121.24293,47.53836],[-121.24287,47.53588],[-121.24553,47.53572],[-121.2516,47.53205],[-121.25479,47.5339],[-121.25719,47.53154],[-121.25707,47.5291],[-121.26066,47.52664],[-121.26061,47.52505],[-121.26179,47.52384],[-121.26336,47.52342],[-121.27016,47.52351],[-121.27251,47.52289],[-121.27891,47.52298],[-121.28105,47.52017],[-121.28369,47.51876],[-121.28553,47.51703],[-121.28528,47.51609],[-121.28332,47.51511],[-121.28536,47.5136],[-121.28742,47.51314],[-121.29195,47.51355],[-121.29131,47.51173],[-121.2891,47.51106],[-121.28858,47.50872],[-121.28992,47.50771],[-121.29064,47.50485],[-121.2922,47.50331],[-121.29254,47.50183],[-121.29657,47.49985],[-121.30036,47.49581],[-121.30156,47.49257],[-121.30113,47.4916],[-121.30256,47.48835],[-121.30313,47.48602],[-121.30666,47.485],[-121.30849,47.48333],[-121.3111,47.48298],[-121.31154,47.4796],[-121.31407,47.47794],[-121.31502,47.47801],[-121.31636,47.47975],[-121.31968,47.47885],[-121.32461,47.4794],[-121.32536,47.47797],[-121.32906,47.47597],[-121.33199,47.47369],[-121.33464,47.47446],[-121.33552,47.47544],[-121.33681,47.47525],[-121.33871,47.47638],[-121.3415,47.47472],[-121.34346,47.47037],[-121.34668,47.4675],[-121.34799,47.46532],[-121.35152,47.46451],[-121.35888,47.46543],[-121.36401,47.46473],[-121.3647,47.46352],[-121.37067,47.46042],[-121.37489,47.45641],[-121.37912,47.45441],[-121.37857,47.45226],[-121.37898,47.45072],[-121.3818,47.44777],[-121.3842,47.44622],[-121.38529,47.44491],[-121.38473,47.44286],[-121.38152,47.43865],[-121.38511,47.43449],[-121.38748,47.43362],[-121.38963,47.43417],[-121.39315,47.43361],[-121.39662,47.43195],[-121.4005,47.43218],[-121.40309,47.43125],[-121.40827,47.42809],[-121.41088,47.42454],[-121.41133,47.4231],[-121.41472,47.42183],[-121.42241,47.42233],[-121.42465,47.42191],[-121.42745,47.42062],[-121.42844,47.41636],[-121.42445,47.41587],[-121.4223,47.41271],[-121.42282,47.41102],[-121.42209,47.40878],[-121.4231,47.40557],[-121.42533,47.40443],[-121.42756,47.40254],[-121.42991,47.40335],[-121.43231,47.4013],[-121.43358,47.39902],[-121.4304,47.39785],[-121.42747,47.39586],[-121.42732,47.39296],[-121.4265,47.39239],[-121.42621,47.38959],[-121.42977,47.38712],[-121.43542,47.38671],[-121.44046,47.38583],[-121.4412,47.38441],[-121.44141,47.38032],[-121.44025,47.37788],[-121.44012,47.3749],[-121.43779,47.37197],[-121.44112,47.37194],[-121.44227,47.37326],[-121.44495,47.37378],[-121.44865,47.37319],[-121.45241,47.37187],[-121.45401,47.37184],[-121.45927,47.37307],[-121.46077,47.37264],[-121.46241,47.37071],[-121.46395,47.37058],[-121.46595,47.36798],[-121.46589,47.3666],[-121.46291,47.36235],[-121.46148,47.36171],[-121.46146,47.3591],[-121.46281,47.35749],[-121.46423,47.35442],[-121.4629,47.35306],[-121.46062,47.35289],[-121.45624,47.3497],[-121.45195,47.34801],[-121.44983,47.34796],[-121.44863,47.34632],[-121.44465,47.34376],[-121.4387,47.34377],[-121.43796,47.34234],[-121.43679,47.34096],[-121.433,47.33791],[-121.43037,47.33408],[-121.4317,47.32974],[-121.43594,47.3287],[-121.43725,47.32679],[-121.43731,47.32563],[-121.43893,47.32418],[-121.43996,47.32197],[-121.4395,47.31973],[-121.43844,47.31774],[-121.44087,47.31601],[-121.44187,47.31408],[-121.44498,47.31088],[-121.44533,47.30982],[-121.44436,47.30825],[-121.44072,47.30693],[-121.43586,47.3068],[-121.43489,47.30564],[-121.43299,47.30514],[-121.43195,47.29844],[-121.43067,47.2963],[-121.43284,47.29417],[-121.43225,47.29296],[-121.43022,47.29204],[-121.42749,47.28908],[-121.42558,47.28835],[-121.42214,47.28793],[-121.4201,47.28671],[-121.41921,47.28695],[-121.4192,47.29044],[-121.41711,47.29329],[-121.41496,47.2932],[-121.41171,47.28995],[-121.40918,47.28916],[-121.40744,47.28963],[-121.40353,47.28849],[-121.39784,47.28889],[-121.39385,47.2887],[-121.39268,47.28725],[-121.39075,47.28607],[-121.38729,47.28604],[-121.38484,47.28513],[-121.38277,47.28584],[-121.3787,47.28633],[-121.37321,47.285],[-121.37072,47.28519],[-121.36935,47.28656],[-121.37075,47.28826],[-121.36708,47.29087],[-121.36159,47.29191],[-121.3604,47.29093],[-121.3605,47.28629],[-121.35916,47.28532],[-121.354,47.28383],[-121.35133,47.2846],[-121.34954,47.28308],[-121.3437,47.28265],[-121.3412,47.28126],[-121.34105,47.2777],[-121.33837,47.27603],[-121.33921,47.27356],[-121.33817,47.27012],[-121.33873,47.26826],[-121.33792,47.26774],[-121.3371,47.26497],[-121.33534,47.2632],[-121.33585,47.26056],[-121.33209,47.25887],[-121.33196,47.25749],[-121.33416,47.25412],[-121.3366,47.25368],[-121.33777,47.25252],[-121.33821,47.25001],[-121.33977,47.2472],[-121.34542,47.24672],[-121.35013,47.24452],[-121.35189,47.24264],[-121.35948,47.24111],[-121.36075,47.24053],[-121.35924,47.23907],[-121.35838,47.23704],[-121.35837,47.23442],[-121.36015,47.23221],[-121.36371,47.2291],[-121.36565,47.22685],[-121.36514,47.22456],[-121.35993,47.22295],[-121.35577,47.22213],[-121.3534,47.22049],[-121.35085,47.22053],[-121.34624,47.21869],[-121.33789,47.21816],[-121.33523,47.21918],[-121.32499,47.21594],[-121.32108,47.21295],[-121.3176,47.21213],[-121.31299,47.20809],[-121.31126,47.2077],[-121.31139,47.20529],[-121.3097,47.20444],[-121.30914,47.20278],[-121.31162,47.19945],[-121.3083,47.196],[-121.30647,47.19276],[-121.30616,47.191],[-121.3063,47.18771],[-121.30818,47.18589],[-121.30996,47.18526],[-121.31012,47.18242],[-121.31258,47.17871],[-121.31492,47.17733],[-121.31781,47.17414],[-121.31777,47.17298],[-121.31431,47.16806],[-121.31338,47.16575],[-121.3119,47.16404],[-121.31027,47.16316],[-121.30601,47.162],[-121.3045,47.15946],[-121.30186,47.15615],[-121.30119,47.154],[-121.2992,47.15141],[-121.29914,47.14961],[-121.29782,47.14885],[-121.29992,47.14704],[-121.30144,47.1448],[-121.3022,47.14135],[-121.30335,47.13894],[-121.30829,47.13669],[-121.31154,47.13603],[-121.31553,47.13384],[-121.32058,47.1353],[-121.32527,47.13376],[-121.32739,47.13338],[-121.33239,47.1333],[-121.33491,47.1327],[-121.33793,47.13501],[-121.3399,47.1357],[-121.34329,47.13597],[-121.34476,47.13724],[-121.34801,47.13804],[-121.34961,47.13755],[-121.3539,47.14054],[-121.35779,47.14001],[-121.36251,47.1415],[-121.36468,47.14176],[-121.36739,47.13997],[-121.37349,47.13811],[-121.37824,47.13721],[-121.38132,47.13726],[-121.38439,47.13546],[-121.38858,47.13354],[-121.39397,47.13276],[-121.39487,47.12867],[-121.39816,47.12715],[-121.39969,47.12596],[-121.39972,47.12454],[-121.4027,47.12177],[-121.40544,47.12128],[-121.40808,47.1181],[-121.40718,47.117],[-121.4061,47.11203],[-121.40473,47.11053],[-121.40432,47.10864],[-121.40281,47.10644],[-121.39954,47.10515],[-121.39904,47.10397],[-121.39976,47.10172],[-121.4028,47.09945],[-121.40291,47.09858],[-121.39856,47.09592],[-121.39567,47.09485],[-121.39377,47.09243],[-121.39104,47.09212],[-121.3869,47.09434],[-121.38341,47.09508],[-121.38201,47.09275],[-121.3797,47.09037],[-121.37689,47.08988],[-121.37677,47.0887],[-121.37968,47.0875],[-121.37819,47.0837],[-121.37627,47.08147],[-121.36985,47.0788],[-121.36723,47.07703],[-121.3661,47.07539],[-121.36626,47.0737],[-121.36314,47.07121],[-121.35924,47.07074],[-121.35628,47.07197],[-121.35155,47.07638],[-121.34714,47.07874],[-121.34242,47.07896],[-121.34133,47.07935],[-121.33793,47.0777],[-121.33567,47.07584],[-121.3278,47.07517],[-121.32624,47.07638],[-121.3219,47.0757],[-121.31847,47.07556],[-121.31737,47.07606],[-121.31126,47.07692],[-121.30875,47.07865],[-121.30658,47.08223],[-121.30443,47.08314],[-121.30137,47.08519],[-121.29673,47.08611],[-121.29431,47.08575],[-121.29079,47.08609],[-121.28429,47.08825],[-121.28072,47.08873],[-121.27629,47.08687],[-121.27406,47.08528],[-121.27205,47.08456],[-121.26831,47.08461],[-121.26406,47.08281],[-121.26101,47.0827],[-121.25926,47.08208],[-121.25652,47.08201],[-121.25638,47.07953],[-121.25511,47.0791],[-121.25183,47.07634],[-121.24828,47.07543],[-121.24481,47.07351],[-121.24036,47.07336],[-121.23773,47.07226],[-121.23391,47.06953],[-121.23203,47.06888],[-121.23038,47.06717],[-121.22881,47.06649],[-121.22448,47.06576],[-121.22241,47.06685],[-121.21812,47.06496],[-121.21815,47.06193],[-121.21497,47.06031],[-121.215,47.05834],[-121.21256,47.05557],[-121.21095,47.05521],[-121.21016,47.0535],[-121.20723,47.05276],[-121.20537,47.05095],[-121.2003,47.05081],[-121.19904,47.05019],[-121.20064,47.04919],[-121.19823,47.04751],[-121.19624,47.04685],[-121.19464,47.04562],[-121.19435,47.044],[-121.19086,47.0426],[-121.18928,47.04252],[-121.18549,47.04457],[-121.18173,47.04437],[-121.18113,47.0429],[-121.17885,47.04163],[-121.17898,47.04005],[-121.17381,47.03809],[-121.17219,47.03782],[-121.16851,47.03567],[-121.16557,47.0355],[-121.16359,47.0332],[-121.16048,47.03148],[-121.15925,47.0291],[-121.15345,47.02651],[-121.15186,47.02687],[-121.14792,47.0249],[-121.14754,47.02339],[-121.14322,47.02199],[-121.14228,47.02001],[-121.1405,47.0187],[-121.13884,47.01868],[-121.13576,47.01723],[-121.13403,47.01533],[-121.13319,47.01192],[-121.1311,47.00964],[-121.12892,47.00917],[-121.127,47.00691],[-121.12689,47.00505],[-121.12284,47.00324],[-121.12241,47.00175],[-121.12371,47.00006],[-121.12348,46.99897],[-121.122,46.99922],[-121.12082,46.99821],[-121.11461,46.99729],[-121.11186,46.99515],[-121.10596,46.99573],[-121.10441,46.99521],[-121.10155,46.99272],[-121.10122,46.99114],[-121.09005,46.99101],[-121.08996,46.9693],[-121.0847,46.96926],[-121.08475,46.96572],[-121.0794,46.96563],[-121.07941,46.96207],[-121.07416,46.96202],[-121.07411,46.95843],[-121.06885,46.95847],[-121.06878,46.9513],[-121.06881,46.94758],[-121.06354,46.94753],[-121.06354,46.94396],[-121.05826,46.9439],[-121.05826,46.93669],[-121.05297,46.93667],[-121.05299,46.93303],[-121.04246,46.93302],[-121.04244,46.92214],[-121.03717,46.92215],[-121.03716,46.91857],[-121.03186,46.91853],[-121.03187,46.91489],[-121.02659,46.91493],[-121.02662,46.91131],[-121.00789,46.91127],[-120.81429,46.91097],[-120.80505,46.91129],[-120.79732,46.91133],[-120.65561,46.91175],[-120.63456,46.91213],[-120.63337,46.90553],[-120.63389,46.86934],[-120.63398,46.82578],[-120.62515,46.82579],[-120.61839,46.82581],[-120.50861,46.82486],[-120.5086,46.78095],[-120.51,46.73795],[-120.45045,46.73759],[-120.44894,46.73758],[-120.38564,46.73754],[-120.38217,46.73753],[-120.00152,46.73752],[-119.98006,46.73703],[-119.97304,46.73713],[-119.97152,46.7427],[-119.97065,46.74729],[-119.9708,46.75274],[-119.96997,46.75497],[-119.96637,46.75862],[-119.95974,46.76322],[-119.95114,46.76778],[-119.94784,46.77024],[-119.94305,46.7747],[-119.94008,46.7787],[-119.93861,46.78184],[-119.93367,46.78844],[-119.92861,46.79632],[-119.92786,46.7975],[-119.92744,46.79845],[-119.9256,46.81143],[-119.92623,46.81418],[-119.92754,46.81709],[-119.93363,46.82471],[-119.93784,46.82858],[-119.94402,46.83552],[-119.95229,46.84267],[-119.95828,46.84952],[-119.96275,46.85406],[-119.96388,46.85562],[-119.96494,46.8588],[-119.96495,46.86891],[-119.96567,46.87704],[-119.96549,46.88105],[-119.9658,46.88929],[-119.9651,46.8932],[-119.96515,46.89652],[-119.9642,46.90744],[-119.96412,46.9131],[-119.96319,46.91882],[-119.96342,46.92116],[-119.96397,46.92431],[-119.96533,46.92744],[-119.96542,46.92938],[-119.96468,46.93113],[-119.96412,46.93498],[-119.96499,46.93679],[-119.9658,46.94328],[-119.96961,46.94746],[-119.97354,46.95405],[-119.97839,46.96106],[-119.98282,46.96616],[-119.98607,46.97099],[-119.99053,46.97728],[-119.99286,46.98052],[-119.99491,46.98503],[-119.99684,46.98697],[-119.99818,46.9897],[-120.00112,46.99364],[-120.00214,46.99732],[-120.00246,47.00115],[-120.00126,47.00535],[-120.00136,47.00815],[-120.00186,47.01015],[-120.00506,47.01455],[-120.00576,47.01625],[-120.00586,47.02115],[-120.00626,47.02495],[-120.00727,47.02855],[-120.00727,47.03365],[-120.00927,47.03725],[-120.01117,47.03935],[-120.02086,47.04635],[-120.02467,47.04865],[-120.03297,47.05425],[-120.03757,47.05885],[-120.03897,47.06085],[-120.04187,47.06705],[-120.04287,47.07345],[-120.04227,47.07625],[-120.04047,47.08125],[-120.03847,47.08515],[-120.03767,47.08745],[-120.03447,47.09355],[-120.02757,47.10525],[-120.02607,47.10685],[-120.01887,47.11035],[-120.01197,47.11185],[-120.01027,47.11355],[-120.00907,47.11725],[-120.00207,47.12615],[-120.00147,47.12755],[-119.99996,47.13673],[-120.00058,47.14362],[-120.00106,47.14548],[-120.00545,47.15301],[-120.00776,47.15539],[-120.00969,47.15855],[-120.01058,47.16128],[-120.01115,47.16745],[-120.01049,47.17227],[-120.00903,47.17503],[-120.00418,47.18266],[-120.00369,47.18438],[-120.00385,47.18693],[-120.00506,47.19152],[-120.00591,47.19734],[-120.00557,47.20272],[-120.003,47.20753],[-120.00244,47.20999],[-120.00263,47.21227],[-120.00394,47.21604],[-120.00707,47.22013],[-120.01191,47.22406],[-120.01599,47.22614],[-120.01909,47.22665],[-120.03159,47.22659],[-120.0397,47.22563],[-120.04382,47.22587],[-120.04715,47.22552],[-120.05184,47.22445],[-120.05592,47.22405],[-120.06142,47.22388],[-120.0681,47.22406],[-120.07286,47.22478],[-120.07597,47.2259],[-120.07759,47.22698],[-120.08003,47.23017],[-120.08401,47.23394],[-120.08852,47.23724],[-120.09029,47.23924],[-120.09221,47.24233],[-120.09358,47.2466],[-120.09579,47.25192],[-120.09632,47.25461],[-120.09506,47.2584],[-120.09446,47.26216],[-120.25939,47.26183],[-120.3892,47.26094],[-120.3913,47.26295],[-120.39288,47.26331],[-120.39518,47.26541],[-120.39595,47.26715],[-120.39779,47.26884],[-120.39978,47.26951],[-120.40134,47.27099],[-120.40617,47.2741],[-120.40822,47.27392],[-120.41475,47.27415],[-120.41814,47.27519],[-120.42129,47.27515],[-120.42442,47.27439],[-120.42679,47.2744],[-120.43354,47.27879],[-120.43532,47.28146],[-120.44125,47.28483],[-120.44197,47.28586],[-120.44723,47.28872],[-120.44917,47.29219],[-120.44934,47.29415],[-120.45384,47.29712],[-120.4561,47.29813],[-120.4599,47.3003],[-120.46246,47.30012],[-120.4652,47.30107],[-120.46774,47.30338],[-120.4704,47.30397],[-120.47253,47.30542],[-120.47468,47.30601],[-120.47619,47.30714],[-120.47791,47.30727],[-120.48067,47.30556],[-120.48124,47.30468],[-120.48188,47.30568],[-120.4843,47.30723],[-120.48741,47.30722],[-120.48837,47.30779],[-120.48765,47.31108],[-120.49385,47.31554],[-120.49608,47.31604],[-120.49758,47.31758],[-120.50017,47.31696],[-120.50221,47.31771],[-120.50885,47.31793],[-120.51154,47.31937],[-120.51533,47.32015],[-120.5165,47.32172],[-120.51917,47.3258],[-120.51944,47.32767],[-120.52351,47.33069],[-120.52146,47.33193],[-120.52467,47.3333],[-120.5291,47.33389],[-120.5305,47.33433],[-120.53014,47.33264],[-120.53196,47.32916],[-120.53028,47.32574],[-120.53058,47.32119],[-120.52861,47.31864],[-120.52818,47.31666],[-120.53151,47.31537],[-120.5357,47.31481],[-120.53994,47.31351],[-120.54522,47.31263],[-120.54762,47.31186],[-120.54735,47.30754],[-120.55328,47.30875],[-120.55656,47.30689],[-120.55728,47.30657],[-120.56194,47.3075],[-120.56582,47.30879],[-120.56776,47.31003],[-120.57032,47.31084],[-120.5701,47.31459],[-120.56851,47.31573],[-120.56872,47.31859],[-120.56969,47.32122],[-120.57193,47.3235],[-120.57493,47.32548],[-120.57691,47.32626],[-120.5766,47.32903],[-120.57876,47.33218],[-120.57821,47.3367],[-120.57897,47.33738],[-120.58444,47.33827],[-120.58595,47.33808],[-120.58851,47.33933],[-120.59121,47.33992],[-120.59572,47.33959],[-120.59872,47.34092],[-120.60303,47.33909],[-120.60659,47.33937],[-120.60845,47.34216],[-120.61525,47.34437],[-120.61678,47.34528],[-120.61913,47.3454],[-120.62174,47.34358],[-120.62425,47.34364],[-120.62718,47.34214],[-120.62921,47.34253],[-120.63098,47.3418],[-120.63346,47.3419],[-120.63681,47.34346],[-120.6426,47.34361],[-120.64936,47.34187],[-120.65524,47.34221],[-120.6579,47.34421],[-120.66445,47.34334],[-120.66704,47.34508],[-120.66952,47.3456],[-120.67338,47.34816],[-120.67458,47.35016],[-120.67698,47.35144],[-120.6798,47.34956],[-120.68193,47.35041],[-120.68249,47.35238],[-120.68679,47.35518],[-120.69105,47.35713],[-120.69207,47.35977],[-120.69327,47.36135],[-120.7005,47.36531],[-120.7023,47.36564],[-120.70834,47.36529],[-120.71017,47.36594],[-120.71124,47.36756],[-120.71847,47.36887],[-120.72136,47.37043],[-120.7229,47.37245],[-120.72325,47.37469],[-120.72442,47.37733],[-120.72726,47.38083],[-120.72681,47.38371],[-120.72789,47.38447],[-120.7264,47.38739],[-120.72872,47.38967],[-120.73151,47.39099],[-120.73267,47.39278],[-120.73465,47.3938],[-120.74005,47.39328],[-120.74403,47.39413],[-120.74741,47.39376],[-120.75431,47.39549],[-120.75709,47.39771],[-120.76019,47.39755],[-120.76514,47.39834],[-120.7688,47.39968],[-120.77303,47.39902],[-120.77534,47.39997],[-120.78219,47.39941],[-120.78379,47.39994],[-120.78542,47.40155],[-120.78695,47.40464],[-120.7917,47.40664],[-120.7936,47.4085],[-120.79456,47.41414],[-120.79925,47.41725],[-120.80253,47.42263],[-120.80333,47.42305],[-120.80585,47.42128],[-120.8096,47.42011],[-120.81359,47.41969],[-120.81621,47.42058],[-120.81833,47.42063],[-120.82271,47.42216],[-120.82888,47.42377],[-120.8309,47.42252],[-120.83374,47.41986],[-120.83681,47.41811],[-120.83748,47.41498],[-120.84121,47.41249],[-120.84359,47.41165],[-120.84638,47.41285],[-120.8496,47.41365],[-120.85275,47.41557],[-120.85456,47.41618],[-120.85857,47.41937],[-120.86185,47.42058],[-120.86661,47.41815],[-120.86692,47.41699],[-120.86873,47.41591],[-120.87192,47.41529],[-120.8763,47.41765],[-120.87881,47.41999],[-120.88479,47.42248],[-120.88721,47.42529],[-120.89157,47.42775],[-120.89269,47.42668],[-120.89479,47.42607],[-120.89825,47.42619],[-120.9017,47.42698],[-120.90478,47.42642],[-120.90706,47.42525],[-120.90835,47.42537],[-120.91343,47.42813],[-120.918,47.42942],[-120.91944,47.43073],[-120.92418,47.43352],[-120.92446,47.43758],[-120.92382,47.44192],[-120.92476,47.44295],[-120.92287,47.44854],[-120.92577,47.44932],[-120.92945,47.45188],[-120.93074,47.45323],[-120.93063,47.45774],[-120.93351,47.45933],[-120.94104,47.45978],[-120.94262,47.46036],[-120.94819,47.46099],[-120.95204,47.46182],[-120.95283,47.46288],[-120.95208,47.46369],[-120.95148,47.46717],[-120.94898,47.47016],[-120.94649,47.47252],[-120.95016,47.47504],[-120.95048,47.47595],[-120.95477,47.47712],[-120.95697,47.48004],[-120.95904,47.48158],[-120.95822,47.48327],[-120.95906,47.48444],[-120.96127,47.48459],[-120.96846,47.48815],[-120.97267,47.48841],[-120.97604,47.48998],[-120.97889,47.49025],[-120.98316,47.49289],[-120.98974,47.49984],[-120.9914,47.50094],[-120.99192,47.50263],[-120.9949,47.50478],[-120.9946,47.50721],[-120.99212,47.509],[-120.99129,47.51111],[-120.99388,47.51455],[-120.99602,47.51581],[-120.99658,47.51855],[-121.0029,47.51967],[-121.007,47.52118],[-121.01039,47.5217],[-121.01399,47.52149],[-121.01924,47.52236],[-121.02139,47.52348],[-121.02346,47.52376],[-121.02513,47.52537],[-121.02582,47.52888],[-121.02951,47.53033],[-121.03082,47.53155],[-121.03711,47.53399],[-121.04038,47.5356],[-121.04271,47.53501],[-121.04566,47.53525],[-121.04709,47.53411],[-121.04857,47.53564],[-121.05318,47.53813],[-121.0541,47.53814],[-121.05895,47.54229],[-121.06063,47.54206],[-121.05996,47.54348],[-121.06116,47.54566],[-121.06475,47.54715],[-121.06568,47.54848],[-121.07093,47.55095],[-121.07523,47.5511],[-121.07642,47.55392],[-121.07771,47.55539],[-121.0787,47.55926],[-121.08164,47.56117],[-121.08176,47.56192],[-121.0878,47.56653],[-121.0901,47.56984],[-121.08924,47.57211],[-121.08588,47.57405],[-121.08737,47.5744],[-121.08823,47.57658],[-121.08966,47.57734],[-121.09107,47.57921],[-121.09068,47.58099],[-121.09225,47.58175],[-121.09211,47.58515],[-121.09419,47.58684],[-121.09621,47.5894],[-121.10025,47.59049],[-121.10353,47.58953],[-121.10507,47.58987],[-121.108,47.59226],[-121.11038,47.59257],[-121.11071,47.59474],[-121.11357,47.59729]]]},"properties":{"GEOID":"53037","NAME":"Kittitas"}},{"type":"Feature","geometry":{"type":"Polygon","coordinates":[[[-118.9735,47.94341],[-118.97282,47.941],[-118.97396,47.9328],[-118.97395,47.93056],[-118.97405,47.91083],[-118.97415,47.90363],[-118.97456,47.86629],[-118.97495,47.83084],[-118.9751,47.83038],[-118.97569,47.7235],[-118.97581,47.72236],[-118.97585,47.71363],[-118.97611,47.68962],[-118.97676,47.64684],[-118.97692,47.64536],[-118.97767,47.55337],[-118.97769,47.50906],[-118.97765,47.50856],[-118.97792,47.46108],[-118.97787,47.46097],[-118.97872,47.41487],[-118.97882,47.40412],[-118.97923,47.3659],[-118.97928,47.36417],[-118.9792,47.3637],[-118.9788,47.36316],[-118.97978,47.26171],[-118.55729,47.2611],[-118.44474,47.26084],[-118.32152,47.26088],[-118.32026,47.26079],[-118.29487,47.26119],[-118.27331,47.2612],[-118.25195,47.26122],[-118.23036,47.26115],[-118.2088,47.26118],[-118.14422,47.26117],[-118.14191,47.26106],[-118.10743,47.26096],[-118.0863,47.26065],[-118.07932,47.26026],[-118.07054,47.26017],[-117.96093,47.26057],[-117.83725,47.26024],[-117.83706,47.26019],[-117.83262,47.26012],[-117.82363,47.26022],[-117.82296,47.40943],[-117.82285,47.42056],[-117.82212,47.55133],[-117.82192,47.57986],[-117.82177,47.61459],[-117.81941,47.6146],[-117.8195,47.62882],[-117.81962,47.63022],[-117.81971,47.65746],[-117.81982,47.67257],[-117.81972,47.67881],[-117.82018,47.68709],[-117.82031,47.74307],[-117.82017,47.74394],[-117.82022,47.74492],[-117.82095,47.82578],[-117.82831,47.83332],[-117.83087,47.83434],[-117.83853,47.83592],[-117.83996,47.83804],[-117.84117,47.83727],[-117.84152,47.83679],[-117.84587,47.83708],[-117.85232,47.83879],[-117.85906,47.84301],[-117.86424,47.84447],[-117.86678,47.84506],[-117.8702,47.8455],[-117.87619,47.84741],[-117.88045,47.84774],[-117.88324,47.84608],[-117.88408,47.84442],[-117.88384,47.8422],[-117.88492,47.83963],[-117.88631,47.83834],[-117.89521,47.83629],[-117.89922,47.8358],[-117.9016,47.83593],[-117.90519,47.83695],[-117.9072,47.83527],[-117.9129,47.83522],[-117.91443,47.83361],[-117.91709,47.83256],[-117.91724,47.8324],[-117.91871,47.82901],[-117.9205,47.82828],[-117.92086,47.82766],[-117.92624,47.82529],[-117.93225,47.82358],[-117.93553,47.82322],[-117.93874,47.82524],[-117.94209,47.82548],[-117.94828,47.82713],[-117.95183,47.8277],[-117.95686,47.82808],[-117.96273,47.83011],[-117.96609,47.83223],[-117.97056,47.83312],[-117.97347,47.83329],[-117.97966,47.83443],[-117.98361,47.83437],[-117.98906,47.83468],[-117.99007,47.8344],[-117.99469,47.83219],[-118.00421,47.82325],[-118.00815,47.81732],[-118.0098,47.81348],[-118.01027,47.8097],[-118.01189,47.80684],[-118.0134,47.80558],[-118.01621,47.80453],[-118.02426,47.80213],[-118.03153,47.80384],[-118.03595,47.80272],[-118.0387,47.80103],[-118.04038,47.79941],[-118.04431,47.79687],[-118.04619,47.79517],[-118.04634,47.79288],[-118.04815,47.7923],[-118.05259,47.79794],[-118.05376,47.79881],[-118.05624,47.79925],[-118.06011,47.79742],[-118.06348,47.79729],[-118.06763,47.79942],[-118.06978,47.80018],[-118.07547,47.79945],[-118.07818,47.80006],[-118.08106,47.80374],[-118.08159,47.80576],[-118.08362,47.80955],[-118.09005,47.81485],[-118.09623,47.82119],[-118.09926,47.82362],[-118.0992,47.82493],[-118.09706,47.82715],[-118.09713,47.82845],[-118.10548,47.83039],[-118.10778,47.83251],[-118.11284,47.83281],[-118.11781,47.83263],[-118.11924,47.83352],[-118.11956,47.83463],[-118.1189,47.83681],[-118.12004,47.83966],[-118.11856,47.84349],[-118.11894,47.84637],[-118.12062,47.85188],[-118.12295,47.8564],[-118.12289,47.85727],[-118.12612,47.8619],[-118.13038,47.86557],[-118.1339,47.86973],[-118.13796,47.87537],[-118.14148,47.88213],[-118.14377,47.88471],[-118.14859,47.88667],[-118.15249,47.88718],[-118.15438,47.88659],[-118.15619,47.88429],[-118.1584,47.8839],[-118.16059,47.8851],[-118.16155,47.88673],[-118.16246,47.88983],[-118.16181,47.89293],[-118.15962,47.89518],[-118.16021,47.89721],[-118.1624,47.8987],[-118.1634,47.90018],[-118.16682,47.90277],[-118.16835,47.90311],[-118.17736,47.9014],[-118.17851,47.90199],[-118.17869,47.90426],[-118.17661,47.91046],[-118.17731,47.91177],[-118.18177,47.91487],[-118.18479,47.91629],[-118.18844,47.91983],[-118.18946,47.92474],[-118.19024,47.92627],[-118.19369,47.92784],[-118.19851,47.928],[-118.20003,47.92838],[-118.20111,47.93089],[-118.20225,47.93543],[-118.20624,47.94225],[-118.20895,47.94455],[-118.21061,47.94523],[-118.21554,47.94529],[-118.21803,47.94472],[-118.22142,47.94271],[-118.22395,47.94168],[-118.22955,47.94023],[-118.23285,47.93998],[-118.23783,47.94012],[-118.24045,47.9412],[-118.24287,47.94321],[-118.2461,47.9436],[-118.25109,47.94288],[-118.25538,47.94101],[-118.25924,47.93759],[-118.25998,47.93478],[-118.26087,47.93417],[-118.26269,47.93361],[-118.26716,47.93402],[-118.27,47.93372],[-118.27186,47.93269],[-118.27255,47.93051],[-118.27407,47.92892],[-118.2779,47.9267],[-118.28576,47.92333],[-118.28994,47.92132],[-118.29378,47.91896],[-118.29926,47.91674],[-118.30332,47.91546],[-118.30581,47.91373],[-118.31376,47.91021],[-118.31564,47.90998],[-118.31716,47.90878],[-118.3192,47.90435],[-118.32113,47.90077],[-118.32002,47.89732],[-118.32171,47.89629],[-118.32672,47.89635],[-118.33256,47.89419],[-118.33449,47.89379],[-118.34094,47.89432],[-118.34124,47.89243],[-118.34745,47.88701],[-118.34991,47.88257],[-118.34954,47.88021],[-118.34806,47.87705],[-118.34817,47.87488],[-118.34905,47.87393],[-118.35407,47.86493],[-118.35567,47.85981],[-118.35498,47.85858],[-118.35645,47.85178],[-118.35691,47.84766],[-118.35623,47.84418],[-118.35707,47.8416],[-118.36038,47.83839],[-118.36815,47.833],[-118.3717,47.83234],[-118.37484,47.83306],[-118.37746,47.83241],[-118.38044,47.83106],[-118.38345,47.83036],[-118.39266,47.83068],[-118.39877,47.83188],[-118.40174,47.83289],[-118.40539,47.83314],[-118.41213,47.8346],[-118.41649,47.83502],[-118.41883,47.83569],[-118.42411,47.8385],[-118.43344,47.83983],[-118.43716,47.84175],[-118.44582,47.8455],[-118.45014,47.84849],[-118.45295,47.85084],[-118.45617,47.85447],[-118.4578,47.85953],[-118.45696,47.86427],[-118.45706,47.86974],[-118.45666,47.87136],[-118.45698,47.87488],[-118.4581,47.87741],[-118.45961,47.87842],[-118.46091,47.88033],[-118.46424,47.8819],[-118.46579,47.88218],[-118.46698,47.88239],[-118.47574,47.87715],[-118.47851,47.87667],[-118.4841,47.87633],[-118.48523,47.8759],[-118.4901,47.87567],[-118.49664,47.874],[-118.49924,47.87385],[-118.50111,47.87385],[-118.50789,47.87526],[-118.5313,47.87488],[-118.53686,47.87683],[-118.53922,47.87765],[-118.54258,47.88057],[-118.54409,47.88397],[-118.54398,47.88858],[-118.54217,47.89263],[-118.53459,47.90121],[-118.53291,47.90657],[-118.53211,47.9105],[-118.5335,47.91488],[-118.53666,47.91793],[-118.54104,47.92041],[-118.54857,47.92279],[-118.55337,47.9241],[-118.55605,47.92596],[-118.56079,47.92724],[-118.56344,47.92763],[-118.5704,47.93232],[-118.573,47.93274],[-118.57786,47.93251],[-118.58458,47.93255],[-118.59318,47.93009],[-118.59805,47.92919],[-118.60704,47.93123],[-118.60827,47.92973],[-118.61064,47.92847],[-118.61379,47.92889],[-118.62478,47.92755],[-118.63428,47.92989],[-118.63749,47.92929],[-118.6392,47.9273],[-118.64145,47.92605],[-118.64459,47.92554],[-118.64986,47.92598],[-118.65199,47.92711],[-118.65712,47.93292],[-118.66035,47.93629],[-118.66195,47.93741],[-118.66635,47.93814],[-118.67304,47.93962],[-118.67789,47.94102],[-118.68839,47.94272],[-118.69078,47.9424],[-118.6926,47.94215],[-118.69746,47.94052],[-118.7038,47.93655],[-118.70763,47.93358],[-118.70925,47.92946],[-118.71111,47.91921],[-118.71004,47.90976],[-118.7104,47.90595],[-118.71168,47.90335],[-118.71493,47.90204],[-118.73032,47.90017],[-118.73548,47.90046],[-118.74064,47.90153],[-118.74538,47.90322],[-118.75112,47.90565],[-118.75568,47.90855],[-118.76174,47.9106],[-118.76989,47.9129],[-118.78322,47.91572],[-118.79526,47.91688],[-118.80213,47.91787],[-118.8083,47.91922],[-118.81188,47.92029],[-118.81981,47.92421],[-118.82314,47.92623],[-118.82605,47.92902],[-118.8294,47.93314],[-118.83038,47.93564],[-118.8306,47.93837],[-118.83304,47.95047],[-118.83486,47.95321],[-118.83763,47.95493],[-118.84171,47.95643],[-118.84669,47.9577],[-118.85196,47.95791],[-118.8693,47.95655],[-118.87791,47.95482],[-118.8857,47.95209],[-118.89423,47.94938],[-118.90063,47.94794],[-118.90996,47.94678],[-118.91334,47.94659],[-118.92388,47.94552],[-118.9411,47.94311],[-118.95071,47.9413],[-118.95705,47.94086],[-118.96543,47.94168],[-118.9735,47.94341]]]},"properties":{"GEOID":"53043","NAME":"Lincoln"}},{"type":"Feature","geometry":{"type":"Polygon","coordinates":[[[-120.85156,49.00028],[-120.85525,48.99772],[-120.85285,48.9947],[-120.85122,48.99383],[-120.85426,48.99014],[-120.85826,48.98637],[-120.86136,48.98464],[-120.86226,48.98223],[-120.86566,48.97983],[-120.87374,48.97865],[-120.87756,48.9787],[-120.87849,48.97815],[-120.88206,48.97795],[-120.88564,48.97521],[-120.88194,48.97368],[-120.88067,48.97166],[-120.88258,48.96852],[-120.88075,48.96666],[-120.87338,48.96273],[-120.87094,48.96181],[-120.86778,48.96167],[-120.86159,48.96022],[-120.8599,48.958],[-120.85686,48.95669],[-120.85182,48.95583],[-120.84898,48.95591],[-120.84348,48.95142],[-120.8402,48.94998],[-120.83969,48.94777],[-120.83544,48.93931],[-120.83178,48.93828],[-120.8297,48.93815],[-120.82617,48.93892],[-120.82009,48.94114],[-120.81905,48.94432],[-120.81418,48.94596],[-120.81381,48.9472],[-120.8151,48.95064],[-120.81139,48.95068],[-120.80769,48.95181],[-120.80478,48.9521],[-120.80105,48.95363],[-120.80041,48.95596],[-120.8011,48.95872],[-120.79926,48.95933],[-120.79207,48.95941],[-120.78718,48.95773],[-120.78306,48.9572],[-120.77968,48.9574],[-120.77489,48.95679],[-120.76995,48.95533],[-120.76851,48.95449],[-120.76308,48.94847],[-120.75742,48.94432],[-120.75559,48.94184],[-120.75484,48.93959],[-120.75405,48.93626],[-120.75526,48.93224],[-120.75895,48.92967],[-120.7632,48.92856],[-120.77036,48.9274],[-120.77205,48.92651],[-120.77238,48.9242],[-120.7713,48.92015],[-120.77195,48.91668],[-120.77041,48.91436],[-120.76883,48.91329],[-120.76788,48.91143],[-120.77142,48.90833],[-120.77213,48.9067],[-120.77097,48.90429],[-120.76524,48.89983],[-120.7627,48.89952],[-120.76362,48.89705],[-120.76621,48.89316],[-120.76423,48.88934],[-120.76312,48.88854],[-120.76373,48.88779],[-120.769,48.88425],[-120.77022,48.88183],[-120.76695,48.87641],[-120.76424,48.87544],[-120.76234,48.87301],[-120.75856,48.872],[-120.75268,48.86941],[-120.74826,48.86685],[-120.74351,48.86635],[-120.73985,48.8647],[-120.73528,48.86437],[-120.73523,48.86244],[-120.73624,48.85953],[-120.73605,48.85817],[-120.73135,48.85501],[-120.73175,48.85328],[-120.73666,48.84447],[-120.73972,48.84391],[-120.7398,48.84138],[-120.73581,48.83484],[-120.73528,48.83144],[-120.73764,48.82836],[-120.73738,48.82567],[-120.7424,48.82207],[-120.74201,48.81781],[-120.74272,48.81593],[-120.74205,48.8113],[-120.73902,48.80828],[-120.73845,48.8066],[-120.73534,48.80376],[-120.73619,48.8015],[-120.73583,48.79907],[-120.73702,48.79773],[-120.73724,48.79583],[-120.73403,48.79249],[-120.73543,48.78649],[-120.73363,48.78312],[-120.73087,48.77953],[-120.72552,48.77339],[-120.72278,48.77256],[-120.71947,48.77289],[-120.7122,48.77231],[-120.70992,48.77181],[-120.70877,48.7691],[-120.70598,48.76569],[-120.70336,48.76362],[-120.70285,48.76151],[-120.69947,48.75729],[-120.69502,48.75623],[-120.69289,48.75639],[-120.69173,48.75505],[-120.6906,48.752],[-120.69173,48.74984],[-120.69148,48.74792],[-120.68873,48.7452],[-120.68303,48.74301],[-120.6804,48.74145],[-120.67865,48.7392],[-120.67786,48.7364],[-120.67816,48.73505],[-120.67663,48.73408],[-120.67338,48.73322],[-120.66792,48.73362],[-120.66428,48.73139],[-120.66244,48.72966],[-120.66122,48.72734],[-120.65598,48.7249],[-120.65586,48.72434],[-120.65777,48.72131],[-120.65977,48.7196],[-120.66458,48.72089],[-120.67072,48.72059],[-120.6771,48.71863],[-120.6782,48.71783],[-120.68116,48.71248],[-120.68159,48.71065],[-120.68022,48.70812],[-120.68005,48.70395],[-120.67779,48.7014],[-120.67809,48.6962],[-120.67997,48.6943],[-120.68418,48.69421],[-120.68885,48.69499],[-120.69546,48.69665],[-120.70123,48.69738],[-120.70339,48.69692],[-120.70842,48.69128],[-120.71199,48.68787],[-120.71316,48.68481],[-120.71325,48.6823],[-120.71637,48.67674],[-120.71866,48.67449],[-120.71864,48.67159],[-120.71766,48.67005],[-120.71733,48.66453],[-120.72078,48.6639],[-120.72564,48.66442],[-120.73059,48.66604],[-120.73308,48.66619],[-120.73819,48.66268],[-120.74438,48.66096],[-120.74503,48.65996],[-120.74978,48.65927],[-120.7519,48.657],[-120.75062,48.65372],[-120.75261,48.6523],[-120.75289,48.64938],[-120.75426,48.64752],[-120.75761,48.64456],[-120.75947,48.6441],[-120.7664,48.64436],[-120.77169,48.64263],[-120.7733,48.641],[-120.77408,48.63756],[-120.77748,48.63532],[-120.7806,48.63029],[-120.7823,48.6286],[-120.78715,48.62626],[-120.78831,48.62512],[-120.78752,48.62247],[-120.78244,48.61394],[-120.78211,48.61273],[-120.78396,48.61113],[-120.78531,48.60829],[-120.78531,48.60516],[-120.78366,48.60186],[-120.77956,48.5986],[-120.77858,48.59737],[-120.77404,48.59443],[-120.77383,48.59308],[-120.76914,48.58993],[-120.76586,48.58901],[-120.76466,48.58626],[-120.76046,48.58276],[-120.75386,48.58056],[-120.74548,48.57952],[-120.74413,48.57884],[-120.74158,48.57888],[-120.73523,48.58069],[-120.73066,48.5823],[-120.72931,48.58523],[-120.72752,48.58572],[-120.72438,48.58895],[-120.72258,48.59614],[-120.71921,48.59643],[-120.7172,48.59507],[-120.71499,48.59456],[-120.71547,48.59366],[-120.71224,48.59142],[-120.70648,48.59076],[-120.70399,48.58915],[-120.7019,48.58692],[-120.70012,48.58378],[-120.69741,48.58119],[-120.69506,48.57976],[-120.6928,48.57751],[-120.68852,48.57571],[-120.68873,48.57285],[-120.68673,48.57089],[-120.6861,48.5665],[-120.6881,48.56295],[-120.69293,48.5607],[-120.69637,48.55952],[-120.69919,48.55969],[-120.7005,48.55902],[-120.70099,48.55662],[-120.70033,48.55576],[-120.70198,48.55107],[-120.70454,48.54917],[-120.70546,48.54773],[-120.70524,48.54609],[-120.70868,48.5418],[-120.70741,48.53809],[-120.70746,48.53684],[-120.70508,48.53598],[-120.70389,48.53366],[-120.70207,48.53159],[-120.69591,48.53252],[-120.69139,48.53211],[-120.68762,48.53053],[-120.68336,48.53045],[-120.67748,48.53096],[-120.67309,48.53273],[-120.66896,48.53286],[-120.66236,48.53423],[-120.65705,48.53566],[-120.656,48.5371],[-120.65228,48.53694],[-120.65077,48.53446],[-120.64899,48.53284],[-120.64901,48.52692],[-120.65037,48.52559],[-120.65434,48.52357],[-120.65664,48.5211],[-120.65662,48.51742],[-120.65783,48.51556],[-120.65575,48.51175],[-120.65726,48.50888],[-120.6572,48.50731],[-120.64768,48.50522],[-120.6416,48.50302],[-120.64059,48.50237],[-120.63656,48.50175],[-120.63213,48.49994],[-120.63001,48.4995],[-120.62841,48.49735],[-120.63,48.49567],[-120.63848,48.49631],[-120.6411,48.49404],[-120.64163,48.49256],[-120.64896,48.48957],[-120.65011,48.48848],[-120.65133,48.48554],[-120.65324,48.48523],[-120.6537,48.48181],[-120.65258,48.4787],[-120.65135,48.4777],[-120.6426,48.47435],[-120.63787,48.47352],[-120.63256,48.47001],[-120.63334,48.46812],[-120.641,48.46662],[-120.64427,48.46486],[-120.6481,48.46185],[-120.65083,48.46073],[-120.65398,48.45532],[-120.65477,48.45317],[-120.66191,48.4517],[-120.66659,48.45145],[-120.66882,48.44974],[-120.6666,48.44611],[-120.6646,48.44482],[-120.66288,48.44264],[-120.65898,48.44144],[-120.65503,48.43886],[-120.65277,48.43795],[-120.6509,48.43472],[-120.65152,48.43232],[-120.65524,48.43009],[-120.65474,48.42691],[-120.65264,48.42493],[-120.65197,48.42333],[-120.65025,48.41479],[-120.64778,48.41242],[-120.64387,48.41194],[-120.64165,48.41112],[-120.64111,48.40854],[-120.64275,48.40695],[-120.64503,48.4061],[-120.64789,48.40155],[-120.64991,48.39928],[-120.64993,48.39814],[-120.64317,48.39768],[-120.64006,48.39708],[-120.63386,48.39768],[-120.62521,48.39759],[-120.6211,48.39877],[-120.61312,48.39495],[-120.61046,48.39431],[-120.60417,48.3885],[-120.59951,48.3857],[-120.5966,48.38504],[-120.58871,48.38423],[-120.58422,48.38004],[-120.57893,48.37828],[-120.57027,48.3765],[-120.56733,48.37552],[-120.56635,48.37284],[-120.56319,48.37085],[-120.56227,48.36449],[-120.56021,48.36105],[-120.56178,48.35923],[-120.56637,48.35815],[-120.56766,48.35649],[-120.56774,48.35414],[-120.56972,48.34888],[-120.57534,48.34712],[-120.57745,48.34613],[-120.57872,48.34422],[-120.58256,48.34272],[-120.58567,48.33918],[-120.58599,48.33681],[-120.58398,48.32777],[-120.58466,48.32631],[-120.58848,48.32348],[-120.5876,48.3218],[-120.58682,48.32032],[-120.58317,48.31913],[-120.57494,48.31859],[-120.57173,48.3181],[-120.56525,48.31759],[-120.56052,48.31568],[-120.55694,48.31239],[-120.55288,48.31119],[-120.5472,48.30671],[-120.54271,48.30643],[-120.53708,48.307],[-120.53345,48.30669],[-120.52731,48.3066],[-120.5191,48.31135],[-120.51521,48.31221],[-120.5123,48.31205],[-120.51029,48.3113],[-120.50821,48.31034],[-120.50651,48.30793],[-120.50397,48.30238],[-120.49883,48.29507],[-120.49427,48.29282],[-120.48862,48.2874],[-120.48234,48.28401],[-120.47635,48.27836],[-120.47051,48.27687],[-120.46449,48.2749],[-120.46316,48.27254],[-120.46772,48.27059],[-120.46912,48.26898],[-120.46556,48.26701],[-120.46136,48.26651],[-120.45864,48.26521],[-120.45115,48.26099],[-120.4462,48.25994],[-120.4427,48.2602],[-120.43877,48.25802],[-120.4348,48.25645],[-120.42972,48.25492],[-120.42894,48.25297],[-120.42664,48.25181],[-120.42103,48.24952],[-120.41225,48.24827],[-120.40372,48.24474],[-120.39229,48.24269],[-120.38935,48.24079],[-120.3869,48.23805],[-120.38495,48.23317],[-120.38625,48.23181],[-120.39141,48.2288],[-120.39006,48.22622],[-120.38655,48.2253],[-120.38496,48.222],[-120.3829,48.21985],[-120.37869,48.2183],[-120.37349,48.2178],[-120.36718,48.21867],[-120.36225,48.21867],[-120.36007,48.21959],[-120.3574,48.21942],[-120.35554,48.21842],[-120.35396,48.21692],[-120.35421,48.21338],[-120.35271,48.21177],[-120.35092,48.20885],[-120.34792,48.20521],[-120.34651,48.20211],[-120.34628,48.19999],[-120.34719,48.19771],[-120.35078,48.1932],[-120.3519,48.18727],[-120.35318,48.18495],[-120.35561,48.18324],[-120.35692,48.17955],[-120.35632,48.17733],[-120.35672,48.17615],[-120.361,48.17251],[-120.3617,48.17021],[-120.36226,48.16475],[-120.36129,48.15757],[-120.35872,48.15624],[-120.35429,48.15535],[-120.35326,48.15395],[-120.35349,48.15114],[-120.35256,48.14832],[-120.34858,48.14428],[-120.3416,48.14294],[-120.3396,48.14214],[-120.33382,48.13884],[-120.33082,48.13524],[-120.32628,48.13141],[-120.32696,48.12904],[-120.32108,48.12566],[-120.31961,48.12442],[-120.31787,48.1243],[-120.31576,48.12472],[-120.30962,48.12699],[-120.30364,48.12678],[-120.30035,48.12772],[-120.29861,48.12973],[-120.29435,48.12934],[-120.29191,48.12982],[-120.29043,48.12914],[-120.28825,48.12511],[-120.28631,48.12408],[-120.28223,48.12396],[-120.2801,48.12345],[-120.27811,48.1212],[-120.27638,48.12065],[-120.27325,48.11847],[-120.27221,48.11557],[-120.26814,48.11331],[-120.26621,48.11109],[-120.26329,48.11032],[-120.25857,48.11043],[-120.25569,48.10661],[-120.25169,48.10468],[-120.25043,48.1031],[-120.24687,48.10227],[-120.24447,48.10102],[-120.24239,48.0981],[-120.24077,48.09663],[-120.23712,48.095],[-120.23574,48.0939],[-120.23498,48.09241],[-120.23538,48.08937],[-120.23419,48.0885],[-120.22946,48.08862],[-120.22511,48.08473],[-120.22261,48.08381],[-120.22026,48.08467],[-120.2185,48.08425],[-120.21629,48.08126],[-120.21306,48.07904],[-120.20763,48.07843],[-120.2029,48.07716],[-120.19709,48.07689],[-120.19093,48.07729],[-120.18769,48.07852],[-120.18507,48.07787],[-120.18358,48.07629],[-120.1831,48.07399],[-120.17863,48.07287],[-120.17026,48.06971],[-120.16593,48.0693],[-120.16449,48.06827],[-120.1624,48.06821],[-120.16177,48.06892],[-120.15836,48.06886],[-120.15632,48.06588],[-120.15506,48.06566],[-120.15002,48.06613],[-120.1484,48.06477],[-120.1466,48.06545],[-120.14393,48.06544],[-120.14308,48.06488],[-120.14039,48.06149],[-120.13284,48.05722],[-120.1317,48.05526],[-120.13464,48.05255],[-120.13721,48.05361],[-120.14036,48.05414],[-120.14736,48.05313],[-120.14901,48.05223],[-120.14911,48.0515],[-120.14739,48.0495],[-120.14738,48.04839],[-120.15011,48.04651],[-120.15011,48.0445],[-120.14674,48.04277],[-120.14715,48.04124],[-120.14639,48.03734],[-120.14331,48.03583],[-120.14044,48.03548],[-120.1344,48.03328],[-120.13264,48.03341],[-120.12698,48.03302],[-120.12474,48.03212],[-120.12179,48.03218],[-120.11953,48.02709],[-120.11633,48.02621],[-120.11432,48.025],[-120.1109,48.02462],[-120.10823,48.02306],[-120.10289,48.02201],[-120.10226,48.0214],[-120.09999,48.02146],[-120.09503,48.02052],[-120.09336,48.01945],[-120.09018,48.01801],[-120.08795,48.01551],[-120.08756,48.01392],[-120.08314,48.01088],[-120.08183,48.00622],[-120.08243,48.00499],[-120.07991,48.00347],[-120.07822,47.99929],[-120.08006,47.99859],[-120.07986,47.9967],[-120.08105,47.99303],[-120.07001,47.98512],[-120.06854,47.98345],[-120.06378,47.98147],[-120.06302,47.97887],[-120.06502,47.97711],[-120.06572,47.97504],[-120.06986,47.97103],[-120.07024,47.96885],[-120.06632,47.96638],[-120.06228,47.96675],[-120.05679,47.96374],[-120.05468,47.96202],[-120.05134,47.96201],[-120.04865,47.96063],[-120.01171,47.9605],[-119.9269,47.96047],[-119.90972,47.96044],[-119.87759,47.96047],[-119.873,47.9606],[-119.87059,47.96046],[-119.87704,47.96537],[-119.88211,47.96987],[-119.88393,47.97296],[-119.88391,47.97449],[-119.8824,47.97889],[-119.88198,47.98316],[-119.88044,47.98663],[-119.87779,47.98952],[-119.87245,47.99314],[-119.87081,47.99593],[-119.86876,48.00036],[-119.86821,48.00484],[-119.86708,48.00705],[-119.86738,48.00975],[-119.8692,48.01832],[-119.87042,48.01978],[-119.87512,48.02351],[-119.88322,48.03162],[-119.88515,48.03499],[-119.89323,48.0446],[-119.89501,48.04809],[-119.89535,48.05004],[-119.89442,48.05122],[-119.89343,48.05142],[-119.89251,48.05414],[-119.88856,48.05699],[-119.885,48.05867],[-119.87043,48.06356],[-119.8637,48.0661],[-119.86115,48.06746],[-119.85236,48.07361],[-119.84983,48.0748],[-119.84394,48.07684],[-119.84121,48.07762],[-119.83526,48.07879],[-119.83198,48.07879],[-119.82815,48.07926],[-119.82316,48.08096],[-119.81598,48.08524],[-119.81213,48.08655],[-119.80844,48.08686],[-119.80271,48.08627],[-119.78988,48.08572],[-119.78338,48.08638],[-119.78083,48.08696],[-119.7768,48.08901],[-119.7746,48.09196],[-119.77404,48.09425],[-119.77642,48.10144],[-119.77595,48.10337],[-119.77459,48.10421],[-119.77026,48.10475],[-119.76657,48.10475],[-119.76188,48.10431],[-119.75501,48.10312],[-119.75215,48.10329],[-119.74684,48.10257],[-119.7425,48.10124],[-119.73801,48.09889],[-119.7363,48.09762],[-119.73438,48.09569],[-119.7324,48.09179],[-119.7289,48.08726],[-119.72507,48.08376],[-119.72193,48.08248],[-119.71618,48.08187],[-119.70742,48.08244],[-119.70484,48.0828],[-119.70088,48.08402],[-119.69542,48.08706],[-119.68874,48.09162],[-119.68529,48.09322],[-119.68372,48.09303],[-119.68072,48.09028],[-119.67266,48.08105],[-119.67052,48.07786],[-119.66971,48.07523],[-119.6697,48.0718],[-119.67047,48.06792],[-119.67215,48.06474],[-119.67416,48.0621],[-119.67639,48.05877],[-119.6783,48.0551],[-119.68082,48.04892],[-119.68282,48.04566],[-119.69048,48.03724],[-119.69371,48.03206],[-119.69307,48.02852],[-119.6908,48.02494],[-119.68868,48.02273],[-119.68456,48.01978],[-119.67417,48.01421],[-119.66886,48.01081],[-119.66467,48.00828],[-119.6584,48.00257],[-119.65482,48.00105],[-119.64757,47.99897],[-119.64096,47.99751],[-119.63402,47.99647],[-119.62838,47.99631],[-119.62406,47.99677],[-119.62072,47.99678],[-119.61552,47.99903],[-119.61445,48.00009],[-119.61138,48.00474],[-119.61032,48.00682],[-119.60755,48.0107],[-119.60422,48.0139],[-119.60166,48.01556],[-119.59909,48.01788],[-119.5951,48.02086],[-119.59084,48.02342],[-119.58322,48.02701],[-119.57843,48.0288],[-119.57092,48.03198],[-119.5644,48.03547],[-119.55962,48.03906],[-119.5547,48.04437],[-119.55087,48.04662],[-119.54984,48.04683],[-119.54581,48.04974],[-119.53903,48.05279],[-119.53039,48.05402],[-119.52413,48.05704],[-119.52003,48.06026],[-119.51757,48.06262],[-119.51652,48.06684],[-119.5166,48.06961],[-119.51591,48.07173],[-119.51611,48.07478],[-119.51336,48.07676],[-119.50937,48.07901],[-119.50723,48.07961],[-119.50099,48.08243],[-119.49931,48.0827],[-119.49529,48.08252],[-119.49279,48.082],[-119.48647,48.07933],[-119.48417,48.0787],[-119.47285,48.0782],[-119.4703,48.07863],[-119.4669,48.08029],[-119.46073,48.08008],[-119.45696,48.07891],[-119.44988,48.07814],[-119.44515,48.0792],[-119.44073,48.07867],[-119.43626,48.07669],[-119.43394,48.07487],[-119.43053,48.07084],[-119.42982,48.07045],[-119.42756,48.06689],[-119.42325,48.06256],[-119.41797,48.05916],[-119.41239,48.05622],[-119.40881,48.05474],[-119.40636,48.05312],[-119.40586,48.05203],[-119.40223,48.05042],[-119.39621,48.04982],[-119.39192,48.05006],[-119.38583,48.05114],[-119.379,48.05164],[-119.37048,48.05267],[-119.36669,48.0528],[-119.36001,48.0523],[-119.35579,48.05167],[-119.34823,48.05002],[-119.34352,48.04943],[-119.34123,48.04985],[-119.33858,48.05092],[-119.33514,48.05334],[-119.33311,48.05604],[-119.33043,48.06239],[-119.33024,48.06396],[-119.32793,48.07027],[-119.32808,48.07532],[-119.3288,48.07936],[-119.32973,48.08071],[-119.32961,48.0842],[-119.32829,48.09066],[-119.32752,48.09666],[-119.32469,48.10013],[-119.31713,48.10602],[-119.31103,48.10957],[-119.30729,48.11178],[-119.30319,48.11334],[-119.29859,48.11549],[-119.29207,48.11497],[-119.28856,48.11399],[-119.26942,48.10456],[-119.26669,48.10408],[-119.26299,48.10261],[-119.26016,48.10211],[-119.25439,48.10223],[-119.25255,48.10259],[-119.24689,48.10469],[-119.23757,48.10939],[-119.23468,48.11235],[-119.23301,48.11329],[-119.22189,48.1165],[-119.22003,48.11648],[-119.2153,48.11531],[-119.21384,48.11546],[-119.21166,48.11622],[-119.20837,48.11812],[-119.20019,48.1252],[-119.1959,48.12672],[-119.19232,48.12856],[-119.18919,48.12936],[-119.1871,48.12931],[-119.18249,48.12817],[-119.17935,48.12789],[-119.17702,48.12829],[-119.17282,48.13055],[-119.17025,48.13251],[-119.16543,48.13724],[-119.16011,48.14085],[-119.15577,48.14325],[-119.15373,48.14497],[-119.15098,48.14607],[-119.14401,48.14715],[-119.14128,48.14786],[-119.13531,48.15075],[-119.13096,48.15119],[-119.12652,48.15056],[-119.12377,48.14971],[-119.11968,48.1479],[-119.11431,48.14497],[-119.11034,48.14222],[-119.10508,48.13945],[-119.10167,48.13835],[-119.09833,48.13767],[-119.08998,48.13721],[-119.08685,48.13752],[-119.07886,48.13967],[-119.075,48.14026],[-119.07008,48.1404],[-119.05841,48.13749],[-119.05585,48.13647],[-119.05242,48.13386],[-119.04966,48.13042],[-119.04523,48.12686],[-119.03948,48.12187],[-119.03463,48.11886],[-119.03189,48.11683],[-119.02954,48.11419],[-119.02642,48.1079],[-119.02464,48.10312],[-119.02395,48.09903],[-119.02246,48.09314],[-119.02231,48.0894],[-119.02287,48.08448],[-119.02212,48.08023],[-119.01994,48.0746],[-119.01879,48.06978],[-119.01773,48.0677],[-119.01522,48.0651],[-119.01413,48.06292],[-119.01216,48.05646],[-119.01013,48.05163],[-119.00869,48.04915],[-119.00472,48.04428],[-119.00319,48.04326],[-118.99865,48.04144],[-118.99316,48.03975],[-118.97886,48.03687],[-118.97579,48.03539],[-118.97169,48.03214],[-118.96725,48.02938],[-118.95726,48.02452],[-118.95209,48.02058],[-118.95078,48.01888],[-118.95101,48.01469],[-118.952,48.01198],[-118.95232,48.00856],[-118.95486,48.00423],[-118.95621,48.0026],[-118.96004,47.99958],[-118.961,47.99814],[-118.96109,47.99196],[-118.96392,47.98592],[-118.96532,47.98375],[-118.96894,47.98006],[-118.97182,47.97759],[-118.97855,47.97302],[-118.98177,47.96969],[-118.98243,47.96912],[-118.98224,47.96227],[-118.98223,47.96203],[-118.98177,47.95799],[-118.98275,47.95301],[-118.98275,47.94978],[-118.98166,47.94798],[-118.9781,47.94528],[-118.9735,47.94341],[-118.96543,47.94168],[-118.95705,47.94086],[-118.95071,47.9413],[-118.9411,47.94311],[-118.92388,47.94552],[-118.91334,47.94659],[-118.90996,47.94678],[-118.90063,47.94794],[-118.89423,47.94938],[-118.8857,47.95209],[-118.87791,47.95482],[-118.8693,47.95655],[-118.85196,47.95791],[-118.85167,47.96343],[-118.84578,47.96348],[-118.84584,47.98502],[-118.84561,48.05007],[-118.84559,48.18392],[-118.8458,48.30991],[-118.84504,48.30994],[-118.84454,48.39649],[-118.84389,48.48168],[-118.86952,48.48163],[-118.86964,48.64078],[-118.86963,48.65383],[-118.83701,48.65387],[-118.83701,48.68273],[-118.83693,48.79937],[-118.837,48.81271],[-118.83701,48.81353],[-118.83694,48.82711],[-118.83683,48.93309],[-118.83661,49.00031],[-118.90278,49.0003],[-119.1321,49.00026],[-119.13727,49.0003],[-119.18073,49.00029],[-119.42868,49.00025],[-119.44209,49.00026],[-119.4577,49.00026],[-119.70122,49.00026],[-119.7017,49.00026],[-119.70202,49.00027],[-119.87619,49.00045],[-119.91926,49.00009],[-120.0012,48.99942],[-120.03551,48.99954],[-120.37622,49.00071],[-120.7166,49.00019],[-120.85156,49.00028]]]},"properties":{"GEOID":"53047","NAME":"Okanogan"}},{"type":"Feature","geometry":{"type":"Polygon","coordinates":[[[-124.09834,46.79407],[-124.09665,46.78437],[-124.09504,46.75681],[-124.09651,46.7462],[-124.09218,46.74162],[-124.08098,46.735],[-124.06312,46.73366],[-124.05614,46.72911],[-124.04736,46.72531],[-124.04347,46.72414],[-124.03781,46.72234],[-124.03728,46.72205],[-124.02913,46.71774],[-124.01708,46.71927],[-124.01641,46.71893],[-124.01379,46.71759],[-124.00655,46.7139],[-124.00484,46.71232],[-124.00576,46.71034],[-124.00234,46.70745],[-123.99885,46.70596],[-123.99424,46.70793],[-123.98752,46.70751],[-123.97366,46.70335],[-123.96689,46.70518],[-123.96851,46.70691],[-123.97516,46.71397],[-123.97865,46.72227],[-123.97965,46.72466],[-123.97499,46.73339],[-123.96856,46.73611],[-123.94868,46.72537],[-123.92907,46.72528],[-123.92141,46.7262],[-123.9209,46.72626],[-123.91687,46.72674],[-123.91351,46.72668],[-123.91211,46.7282],[-123.91285,46.73065],[-123.91513,46.73324],[-123.91767,46.73464],[-123.91881,46.73883],[-123.91637,46.74132],[-123.91072,46.74671],[-123.89864,46.75021],[-123.89305,46.7502],[-123.88876,46.75038],[-123.88747,46.74972],[-123.8853,46.74861],[-123.88714,46.74564],[-123.8797,46.73498],[-123.87668,46.73066],[-123.87078,46.72833],[-123.86215,46.72775],[-123.85485,46.72535],[-123.84872,46.7199],[-123.84709,46.71856],[-123.84025,46.7182],[-123.83347,46.71832],[-123.82936,46.71336],[-123.82924,46.70899],[-123.82912,46.70477],[-123.83301,46.70247],[-123.83656,46.70195],[-123.83961,46.70151],[-123.85136,46.70256],[-123.8649,46.69869],[-123.8956,46.68367],[-123.90424,46.67908],[-123.9156,46.67865],[-123.92327,46.67271],[-123.92066,46.66814],[-123.92092,46.65358],[-123.92191,46.65026],[-123.93316,46.64599],[-123.94062,46.64086],[-123.93635,46.63306],[-123.93611,46.62703],[-123.94419,46.62703],[-123.95085,46.63176],[-123.95275,46.63633],[-123.9569,46.6372],[-123.95855,46.63683],[-123.96064,46.63636],[-123.95891,46.62793],[-123.95892,46.62743],[-123.95911,46.61696],[-123.95917,46.61358],[-123.95445,46.6063],[-123.9537,46.60515],[-123.93914,46.59633],[-123.92886,46.58887],[-123.92233,46.57706],[-123.92257,46.57018],[-123.92025,46.56734],[-123.9169,46.56263],[-123.90812,46.55331],[-123.90332,46.55191],[-123.89618,46.55025],[-123.89458,46.54727],[-123.8957,46.54257],[-123.89329,46.53961],[-123.89425,46.53703],[-123.89813,46.53488],[-123.89766,46.53151],[-123.89724,46.52848],[-123.8967,46.52267],[-123.89514,46.5185],[-123.89554,46.51411],[-123.89554,46.51407],[-123.89983,46.51052],[-123.9074,46.50766],[-123.91028,46.50928],[-123.91222,46.51417],[-123.91343,46.51444],[-123.91727,46.51199],[-123.91812,46.51144],[-123.92428,46.51117],[-123.92119,46.50773],[-123.92305,46.50145],[-123.92699,46.49681],[-123.92669,46.49432],[-123.93198,46.49323],[-123.94258,46.48783],[-123.94367,46.4772],[-123.94063,46.47092],[-123.93944,46.46716],[-123.94253,46.46519],[-123.94776,46.46732],[-123.95679,46.46912],[-123.96804,46.4735],[-123.97083,46.47537],[-123.97176,46.47992],[-123.972,46.48614],[-123.97706,46.48746],[-123.97921,46.48995],[-123.97905,46.49738],[-123.98369,46.49854],[-123.98839,46.49701],[-123.99268,46.48862],[-123.99418,46.46887],[-123.99087,46.46574],[-123.99061,46.46302],[-123.99173,46.44882],[-123.9884,46.44505],[-123.9701,46.43915],[-123.96535,46.43326],[-123.9701,46.42441],[-123.96701,46.41573],[-123.96677,46.41016],[-123.96535,46.40868],[-123.95774,46.40917],[-123.9499,46.41032],[-123.95204,46.40262],[-123.95156,46.39016],[-123.95227,46.3818],[-123.9537,46.37885],[-123.95805,46.37794],[-123.96392,46.37671],[-123.97652,46.37967],[-123.98483,46.37868],[-123.99506,46.37393],[-124.00718,46.37147],[-124.01526,46.37868],[-124.01609,46.39242],[-124.01621,46.39442],[-124.01716,46.41638],[-124.02534,46.45937],[-124.02603,46.46298],[-124.03001,46.48624],[-124.03096,46.49182],[-124.03174,46.49638],[-124.02835,46.5051],[-124.02776,46.50829],[-124.02748,46.50977],[-124.02368,46.51211],[-124.02382,46.51329],[-124.02602,46.53159],[-124.02315,46.56411],[-124.02357,46.58256],[-124.0288,46.59104],[-124.03229,46.59522],[-124.03833,46.5986],[-124.04086,46.60624],[-124.04711,46.61543],[-124.04853,46.61886],[-124.04996,46.62327],[-124.04553,46.62438],[-124.04291,46.62795],[-124.03784,46.628],[-124.03546,46.62882],[-124.03587,46.63082],[-124.0376,46.63535],[-124.04592,46.64041],[-124.05139,46.64318],[-124.05281,46.64889],[-124.05471,46.65281],[-124.05638,46.65477],[-124.05943,46.65551],[-124.0647,46.65379],[-124.06645,46.65116],[-124.06905,46.64726],[-124.06922,46.64207],[-124.06958,46.63065],[-124.06842,46.6014],[-124.06195,46.55617],[-124.05855,46.51274],[-124.05753,46.49982],[-124.05702,46.49334],[-124.05703,46.49134],[-124.05712,46.47302],[-124.05716,46.46485],[-124.05742,46.40932],[-124.05799,46.39528],[-124.05835,46.3865],[-124.05949,46.37567],[-124.06032,46.3678],[-124.06333,46.33923],[-124.06337,46.33882],[-124.06426,46.33037],[-124.06462,46.3269],[-124.06767,46.31727],[-124.06901,46.31301],[-124.07138,46.3055],[-124.07991,46.29959],[-124.07626,46.2965],[-124.07801,46.27594],[-124.07777,46.27232],[-124.07515,46.2715],[-124.06096,46.27876],[-124.05528,46.27781],[-124.05235,46.2755],[-124.04203,46.27605],[-124.04126,46.27844],[-124.04158,46.28579],[-124.04312,46.28911],[-124.05164,46.2915],[-124.04933,46.2958],[-124.04427,46.29996],[-124.03556,46.30216],[-124.0355,46.30217],[-124.03298,46.3033],[-124.03293,46.30332],[-124.03059,46.3072],[-124.03031,46.30767],[-124.02992,46.30831],[-124.02169,46.31483],[-124.02055,46.31574],[-124.02041,46.31572],[-124.00126,46.31326],[-124.00049,46.31306],[-123.9852,46.30904],[-123.97451,46.30306],[-123.97035,46.29935],[-123.97091,46.29387],[-123.96943,46.2914],[-123.95893,46.28596],[-123.95781,46.28208],[-123.95761,46.2814],[-123.9575,46.28103],[-123.95435,46.277],[-123.94914,46.27162],[-123.94871,46.27117],[-123.94103,46.26716],[-123.93011,46.26005],[-123.92625,46.25754],[-123.92309,46.25178],[-123.91958,46.25122],[-123.90931,46.24549],[-123.87552,46.23979],[-123.87454,46.24018],[-123.87099,46.24159],[-123.86582,46.24895],[-123.86278,46.24916],[-123.85953,46.24937],[-123.85555,46.25272],[-123.85078,46.25671],[-123.85238,46.25867],[-123.8505,46.25968],[-123.84975,46.26008],[-123.84895,46.26051],[-123.8389,46.26214],[-123.83378,46.26849],[-123.82904,46.26967],[-123.8244,46.26943],[-123.81876,46.2697],[-123.81816,46.27008],[-123.81692,46.27087],[-123.8165,46.27114],[-123.81546,46.27389],[-123.81451,46.27638],[-123.81174,46.28036],[-123.80614,46.28359],[-123.79556,46.2845],[-123.78265,46.28023],[-123.77505,46.2746],[-123.76668,46.2735],[-123.75956,46.27507],[-123.75956,46.27919],[-123.75357,46.2812],[-123.75025,46.29204],[-123.7456,46.29238],[-123.74148,46.29027],[-123.72858,46.28873],[-123.7279,46.28969],[-123.7278,46.30755],[-123.72736,46.31465],[-123.72656,46.38487],[-123.65734,46.38446],[-123.52289,46.38395],[-123.51471,46.38382],[-123.51035,46.38376],[-123.49077,46.38358],[-123.35833,46.38403],[-123.3579,46.42735],[-123.3582,46.44127],[-123.35765,46.48475],[-123.35844,46.4916],[-123.3581,46.49923],[-123.35847,46.51275],[-123.35838,46.54141],[-123.35892,46.55207],[-123.35951,46.56264],[-123.36502,46.56295],[-123.36558,46.57713],[-123.36462,46.59092],[-123.36541,46.62007],[-123.36483,46.62767],[-123.36497,46.63168],[-123.36785,46.69222],[-123.36897,46.71128],[-123.37045,46.73472],[-123.37271,46.73469],[-123.37095,46.79213],[-123.4537,46.79276],[-123.48293,46.79288],[-123.53228,46.79403],[-123.5882,46.79369],[-123.611,46.79317],[-123.63205,46.79356],[-123.65282,46.79322],[-123.69504,46.79339],[-123.70547,46.79306],[-123.71571,46.79323],[-123.73473,46.79268],[-123.73958,46.79276],[-123.79839,46.79258],[-123.8522,46.79166],[-123.85651,46.79157],[-123.85649,46.79092],[-123.87701,46.79186],[-123.88662,46.79289],[-123.89705,46.79249],[-123.91518,46.79264],[-123.96534,46.79301],[-123.9974,46.79327],[-124.01815,46.79278],[-124.07766,46.79416],[-124.07934,46.79415],[-124.08165,46.79424],[-124.09834,46.79407]]]},"properties":{"GEOID":"53049","NAME":"Pacific"}},{"type":"Feature","geometry":{"type":"MultiPolygon","coordinates":[[[[-122.64064,47.14941],[-122.6403,47.14872],[-122.63912,47.1463],[-122.63643,47.14765],[-122.63517,47.15006],[-122.63039,47.15354],[-122.62891,47.15775],[-122.62885,47.15794],[-122.62923,47.16218],[-122.63018,47.16574],[-122.63061,47.16661],[-122.63087,47.16714],[-122.63113,47.16768],[-122.63477,47.16483],[-122.63588,47.16396],[-122.63865,47.15534],[-122.64064,47.14941]]],[[[-122.67005,47.27479],[-122.67035,47.27357],[-122.66857,47.27045],[-122.66768,47.26984],[-122.66476,47.26784],[-122.65754,47.2629],[-122.65727,47.26271],[-122.64658,47.25357],[-122.64327,47.24937],[-122.64111,47.24663],[-122.6347,47.24341],[-122.633,47.24003],[-122.63218,47.23927],[-122.62991,47.23714],[-122.62519,47.23469],[-122.62218,47.22901],[-122.61861,47.22524],[-122.61424,47.22087],[-122.60831,47.21758],[-122.60254,47.21751],[-122.59833,47.22259],[-122.59049,47.22775],[-122.58977,47.23356],[-122.58943,47.23491],[-122.58886,47.23714],[-122.59898,47.24175],[-122.60008,47.24225],[-122.6019,47.24308],[-122.6041,47.24575],[-122.6073,47.24963],[-122.613,47.25319],[-122.62157,47.25855],[-122.62709,47.26051],[-122.62812,47.26748],[-122.6311,47.26802],[-122.63446,47.26696],[-122.63483,47.26713],[-122.63997,47.26949],[-122.64183,47.27035],[-122.64231,47.27065],[-122.64833,47.27444],[-122.64954,47.27521],[-122.65704,47.27518],[-122.66381,47.27759],[-122.66702,47.2776],[-122.66964,47.27647],[-122.67005,47.27479]]],[[[-122.69382,47.10389],[-122.69313,47.10225],[-122.69218,47.09921],[-122.69298,47.09641],[-122.69696,47.09426],[-122.69744,47.09194],[-122.69716,47.08961],[-122.69882,47.08826],[-122.70249,47.08755],[-122.70701,47.08601],[-122.70754,47.08533],[-122.70576,47.08274],[-122.70608,47.08073],[-122.70788,47.07886],[-122.70811,47.07761],[-122.70548,47.07481],[-122.70405,47.07187],[-122.70389,47.07169],[-122.70064,47.06783],[-122.70329,47.06501],[-122.70135,47.06329],[-122.69611,47.06177],[-122.69589,47.05966],[-122.69134,47.05802],[-122.6899,47.05741],[-122.69321,47.05329],[-122.68566,47.05157],[-122.68438,47.05071],[-122.67995,47.04556],[-122.67732,47.04328],[-122.67553,47.03827],[-122.67549,47.0372],[-122.67703,47.03514],[-122.67952,47.03276],[-122.68036,47.03055],[-122.67986,47.02819],[-122.67806,47.02694],[-122.6755,47.02611],[-122.67317,47.02468],[-122.67256,47.02363],[-122.67442,47.02061],[-122.67442,47.01909],[-122.6724,47.01542],[-122.67161,47.01485],[-122.66664,47.01362],[-122.66485,47.01177],[-122.66069,47.01046],[-122.65877,47.00952],[-122.65702,47.00614],[-122.65939,47.00434],[-122.65986,47.00323],[-122.65702,47.00297],[-122.65358,47.00506],[-122.65203,47.00737],[-122.6487,47.00655],[-122.64645,47.00394],[-122.64223,47.00294],[-122.63924,47.00144],[-122.64059,46.99988],[-122.63812,46.99821],[-122.63604,46.99827],[-122.63283,46.99919],[-122.6303,46.99834],[-122.63048,46.99594],[-122.63074,46.9903],[-122.63152,46.98808],[-122.63669,46.98311],[-122.63855,46.97909],[-122.63703,46.97684],[-122.63124,46.9732],[-122.62912,46.97146],[-122.62443,46.9706],[-122.61986,46.97054],[-122.6185,46.97021],[-122.6116,46.96721],[-122.61045,46.97149],[-122.61135,46.97476],[-122.61105,46.9767],[-122.60441,46.97655],[-122.60122,46.97614],[-122.59847,46.97464],[-122.59599,46.97404],[-122.59009,46.97396],[-122.58452,46.97429],[-122.58271,46.97556],[-122.5816,46.97717],[-122.58005,46.9775],[-122.57697,46.97495],[-122.57541,46.97226],[-122.57585,46.97071],[-122.57831,46.97054],[-122.58002,46.97104],[-122.58462,46.97147],[-122.58697,46.97059],[-122.58787,46.96861],[-122.58718,46.96685],[-122.58502,46.96605],[-122.58243,46.96817],[-122.57959,46.96844],[-122.57536,46.96704],[-122.57318,46.96441],[-122.56602,46.96678],[-122.56516,46.96657],[-122.56282,46.96531],[-122.56495,46.9634],[-122.56983,46.9625],[-122.57188,46.96105],[-122.57165,46.95821],[-122.56968,46.95386],[-122.56878,46.94964],[-122.56684,46.94758],[-122.56613,46.94425],[-122.56574,46.94315],[-122.5662,46.93983],[-122.56353,46.93562],[-122.56044,46.93346],[-122.55688,46.93196],[-122.55034,46.93071],[-122.54661,46.93081],[-122.54307,46.92944],[-122.53593,46.92725],[-122.53287,46.92659],[-122.52787,46.92498],[-122.5273,46.92351],[-122.52573,46.92007],[-122.5244,46.91843],[-122.52062,46.91561],[-122.51881,46.91531],[-122.51492,46.91559],[-122.51179,46.91533],[-122.50611,46.91339],[-122.50474,46.91228],[-122.4978,46.90884],[-122.49412,46.90522],[-122.49597,46.90375],[-122.49726,46.89938],[-122.49725,46.89715],[-122.49591,46.89384],[-122.49422,46.89246],[-122.49282,46.88901],[-122.49114,46.88811],[-122.49107,46.88506],[-122.4921,46.88235],[-122.49359,46.88004],[-122.49111,46.88024],[-122.48809,46.8792],[-122.4888,46.877],[-122.49072,46.87614],[-122.49141,46.87505],[-122.49162,46.87159],[-122.49108,46.86797],[-122.48784,46.86672],[-122.48436,46.86816],[-122.47934,46.86609],[-122.47541,46.86543],[-122.47529,46.86336],[-122.47384,46.86197],[-122.47149,46.86246],[-122.46887,46.8654],[-122.46662,46.86599],[-122.45839,46.86385],[-122.45803,46.86297],[-122.45902,46.86123],[-122.45885,46.85913],[-122.4557,46.85677],[-122.45174,46.85265],[-122.44877,46.85336],[-122.44977,46.85527],[-122.44825,46.85638],[-122.44601,46.85616],[-122.44391,46.85464],[-122.4438,46.85304],[-122.44255,46.85246],[-122.43985,46.85234],[-122.43244,46.85001],[-122.42791,46.85076],[-122.42641,46.85062],[-122.42279,46.84872],[-122.42147,46.84886],[-122.41897,46.84882],[-122.41696,46.84793],[-122.41747,46.84608],[-122.41661,46.8453],[-122.41296,46.84518],[-122.41132,46.84611],[-122.40781,46.84563],[-122.4095,46.84351],[-122.40833,46.84255],[-122.40598,46.84249],[-122.4017,46.84402],[-122.39421,46.84531],[-122.39068,46.84568],[-122.38854,46.84523],[-122.38825,46.84403],[-122.38557,46.84217],[-122.38487,46.84093],[-122.38296,46.83997],[-122.37852,46.83936],[-122.37492,46.8437],[-122.37291,46.84518],[-122.37119,46.84541],[-122.3688,46.84368],[-122.3641,46.84166],[-122.36336,46.84284],[-122.36042,46.8433],[-122.35747,46.83997],[-122.35599,46.83904],[-122.35205,46.83853],[-122.34988,46.83747],[-122.34682,46.83698],[-122.34422,46.83705],[-122.33826,46.83796],[-122.33414,46.8421],[-122.33053,46.84336],[-122.32768,46.84434],[-122.32553,46.84245],[-122.32556,46.8414],[-122.32808,46.84039],[-122.32938,46.83891],[-122.32477,46.83597],[-122.32389,46.83438],[-122.32559,46.8321],[-122.32511,46.83049],[-122.32133,46.82894],[-122.31858,46.82836],[-122.31569,46.82925],[-122.31011,46.82986],[-122.30568,46.82916],[-122.30358,46.82812],[-122.30281,46.8256],[-122.30416,46.82283],[-122.30416,46.81525],[-122.3026,46.81114],[-122.30247,46.80902],[-122.30626,46.80631],[-122.30801,46.80284],[-122.31006,46.80114],[-122.31252,46.79597],[-122.31141,46.79321],[-122.3097,46.79156],[-122.30847,46.78917],[-122.3049,46.78902],[-122.30329,46.78848],[-122.30058,46.78598],[-122.29675,46.78563],[-122.29536,46.78443],[-122.29304,46.7805],[-122.28872,46.77825],[-122.28712,46.77683],[-122.28576,46.7741],[-122.28472,46.77373],[-122.2809,46.77624],[-122.27995,46.77639],[-122.2778,46.77499],[-122.26962,46.7668],[-122.26591,46.76547],[-122.26248,46.7652],[-122.26162,46.76599],[-122.26209,46.76883],[-122.26096,46.77133],[-122.25953,46.77215],[-122.25685,46.77264],[-122.25159,46.77153],[-122.24998,46.77176],[-122.24784,46.77507],[-122.24062,46.77593],[-122.2381,46.77532],[-122.2361,46.77293],[-122.23381,46.7733],[-122.23055,46.77228],[-122.22949,46.76981],[-122.22655,46.76881],[-122.22274,46.7701],[-122.21976,46.76985],[-122.21803,46.76865],[-122.21589,46.76873],[-122.21361,46.76986],[-122.2113,46.77016],[-122.20956,46.76893],[-122.20799,46.76554],[-122.20337,46.76381],[-122.20312,46.76306],[-122.20198,46.76155],[-122.20017,46.76076],[-122.19599,46.76177],[-122.19215,46.76223],[-122.18874,46.75979],[-122.18536,46.75819],[-122.18043,46.75696],[-122.17788,46.7552],[-122.17478,46.75635],[-122.1715,46.75538],[-122.16871,46.75554],[-122.16686,46.757],[-122.16459,46.75745],[-122.15981,46.75642],[-122.1573,46.7538],[-122.15494,46.75349],[-122.15152,46.75409],[-122.14745,46.7528],[-122.14566,46.75416],[-122.14196,46.75403],[-122.13944,46.75474],[-122.13811,46.75348],[-122.13554,46.75261],[-122.13387,46.75295],[-122.13187,46.75438],[-122.12903,46.75466],[-122.12468,46.75248],[-122.1241,46.75165],[-122.12169,46.7513],[-122.11556,46.7489],[-122.11082,46.74908],[-122.10952,46.74979],[-122.10037,46.75113],[-122.09671,46.75],[-122.09182,46.75195],[-122.08922,46.75178],[-122.0823,46.75222],[-122.07943,46.75133],[-122.07496,46.75061],[-122.06976,46.74835],[-122.06655,46.74767],[-122.06488,46.74687],[-122.06294,46.74717],[-122.06174,46.74894],[-122.0603,46.74919],[-122.05725,46.74721],[-122.05035,46.74664],[-122.04635,46.74455],[-122.0413,46.74252],[-122.03697,46.74296],[-122.03594,46.74362],[-122.03161,46.74293],[-122.02861,46.74362],[-122.02326,46.74232],[-122.02211,46.74333],[-122.01993,46.74387],[-122.01748,46.74723],[-122.01469,46.74848],[-122.01237,46.74822],[-122.01114,46.75047],[-122.0081,46.75257],[-122.00247,46.75327],[-121.99972,46.75076],[-121.99645,46.75162],[-121.99419,46.75134],[-121.99477,46.74863],[-121.99338,46.74724],[-121.99172,46.74765],[-121.98753,46.74666],[-121.98452,46.74433],[-121.98119,46.74457],[-121.97916,46.74427],[-121.97397,46.74577],[-121.97268,46.74651],[-121.97168,46.74832],[-121.96953,46.74937],[-121.96708,46.7491],[-121.96402,46.75017],[-121.96263,46.75209],[-121.96215,46.75402],[-121.95988,46.75381],[-121.95712,46.75504],[-121.95424,46.75502],[-121.95292,46.75467],[-121.95043,46.75291],[-121.94676,46.75271],[-121.94684,46.75055],[-121.94582,46.75003],[-121.94329,46.75012],[-121.94196,46.74906],[-121.93925,46.74807],[-121.93145,46.74073],[-121.93,46.73987],[-121.9262,46.73986],[-121.92546,46.73881],[-121.91818,46.73904],[-121.91233,46.73693],[-121.90593,46.73792],[-121.90244,46.73776],[-121.89923,46.73608],[-121.89389,46.73488],[-121.89225,46.73363],[-121.88932,46.7329],[-121.88076,46.73264],[-121.87876,46.73303],[-121.87694,46.73158],[-121.875,46.73139],[-121.87139,46.73018],[-121.86965,46.73038],[-121.86744,46.72914],[-121.86596,46.72964],[-121.85854,46.72955],[-121.85497,46.72925],[-121.85435,46.73036],[-121.85081,46.72929],[-121.84507,46.72841],[-121.84189,46.72846],[-121.83835,46.72955],[-121.83327,46.72957],[-121.83176,46.73025],[-121.83168,46.73143],[-121.82983,46.7352],[-121.82592,46.73798],[-121.82242,46.74194],[-121.82068,46.74492],[-121.8174,46.74729],[-121.8138,46.74699],[-121.80993,46.74782],[-121.80619,46.75048],[-121.80424,46.75111],[-121.80339,46.75295],[-121.80532,46.75491],[-121.8054,46.75613],[-121.80267,46.75782],[-121.79942,46.76101],[-121.79479,46.76326],[-121.79057,46.76418],[-121.79044,46.76657],[-121.7877,46.76982],[-121.78516,46.77096],[-121.78394,46.77246],[-121.77637,46.77659],[-121.77306,46.7771],[-121.76684,46.78049],[-121.76068,46.78225],[-121.7588,46.78357],[-121.45522,46.7838],[-121.45556,46.78588],[-121.45383,46.78818],[-121.45044,46.7899],[-121.44846,46.79185],[-121.44599,46.79195],[-121.44253,46.79299],[-121.44417,46.79486],[-121.44932,46.79749],[-121.45061,46.80058],[-121.45502,46.80205],[-121.45681,46.80549],[-121.45666,46.80682],[-121.45819,46.80781],[-121.457,46.81071],[-121.45819,46.81198],[-121.46074,46.81197],[-121.46344,46.81327],[-121.46458,46.81475],[-121.46965,46.81783],[-121.47183,46.81834],[-121.47438,46.82039],[-121.47144,46.8219],[-121.47242,46.82317],[-121.47089,46.82397],[-121.47017,46.8264],[-121.47119,46.82713],[-121.4747,46.8314],[-121.4842,46.83427],[-121.48543,46.84101],[-121.4909,46.84785],[-121.49554,46.85491],[-121.49735,46.86287],[-121.50753,46.8648],[-121.51517,46.87097],[-121.52307,46.87278],[-121.52028,46.87918],[-121.51326,46.88481],[-121.51425,46.89099],[-121.51044,46.89661],[-121.50284,46.90127],[-121.49777,46.90739],[-121.49699,46.90834],[-121.4942,46.90876],[-121.4917,46.90911],[-121.48965,46.91001],[-121.48813,46.91186],[-121.48495,46.91284],[-121.48089,46.91263],[-121.47824,46.91348],[-121.47538,46.91327],[-121.47369,46.91524],[-121.47017,46.91769],[-121.46798,46.91789],[-121.46591,46.92017],[-121.46438,46.92077],[-121.46028,46.92146],[-121.45683,46.92315],[-121.45637,46.9241],[-121.45701,46.92798],[-121.45468,46.92902],[-121.45057,46.93284],[-121.44946,46.93435],[-121.45052,46.93885],[-121.45225,46.9413],[-121.45188,46.94374],[-121.45237,46.94529],[-121.45035,46.94835],[-121.45324,46.95164],[-121.45359,46.95373],[-121.45263,46.95571],[-121.45324,46.95699],[-121.45573,46.95799],[-121.45809,46.95964],[-121.45838,46.96057],[-121.45757,46.96424],[-121.45508,46.96478],[-121.45247,46.96693],[-121.44823,46.96965],[-121.44529,46.97069],[-121.44419,46.97205],[-121.4429,46.97228],[-121.44194,46.97375],[-121.4438,46.97466],[-121.44617,46.97834],[-121.44584,46.98022],[-121.44323,46.98065],[-121.44199,46.98228],[-121.43812,46.98401],[-121.43361,46.9848],[-121.43132,46.98641],[-121.42704,46.98808],[-121.42091,46.98858],[-121.42012,46.98927],[-121.41925,46.99191],[-121.4135,46.99518],[-121.40912,46.99519],[-121.40646,46.99874],[-121.40666,47.00075],[-121.4093,47.00285],[-121.4094,47.00406],[-121.40782,47.00567],[-121.40616,47.00902],[-121.40619,47.01218],[-121.40376,47.01498],[-121.40172,47.01536],[-121.39715,47.0183],[-121.39615,47.01941],[-121.39474,47.02327],[-121.39709,47.02625],[-121.39658,47.02894],[-121.39959,47.03179],[-121.3998,47.03346],[-121.39882,47.03477],[-121.39702,47.03557],[-121.39263,47.04098],[-121.38634,47.0461],[-121.38652,47.04851],[-121.38585,47.04922],[-121.38296,47.0496],[-121.38107,47.05037],[-121.37904,47.05253],[-121.37931,47.05387],[-121.37647,47.05485],[-121.37411,47.05701],[-121.37663,47.06153],[-121.37677,47.06383],[-121.37526,47.06709],[-121.37512,47.06859],[-121.37584,47.07088],[-121.37539,47.07328],[-121.37887,47.07563],[-121.37981,47.07683],[-121.37973,47.07856],[-121.38262,47.08219],[-121.38331,47.0848],[-121.37996,47.08725],[-121.38231,47.08825],[-121.38664,47.08727],[-121.39227,47.08888],[-121.40015,47.08906],[-121.40279,47.08837],[-121.40684,47.08863],[-121.41197,47.0907],[-121.41647,47.0896],[-121.41739,47.08839],[-121.42191,47.08807],[-121.42398,47.08732],[-121.42823,47.08735],[-121.43494,47.0857],[-121.43834,47.0855],[-121.44176,47.0844],[-121.44708,47.08604],[-121.44986,47.08841],[-121.45474,47.08935],[-121.45855,47.09267],[-121.46059,47.09317],[-121.46607,47.09612],[-121.4682,47.09849],[-121.47135,47.09946],[-121.47365,47.10203],[-121.47577,47.10333],[-121.47599,47.10525],[-121.47819,47.10816],[-121.47994,47.10848],[-121.48114,47.11086],[-121.48333,47.11091],[-121.48634,47.1124],[-121.48772,47.1148],[-121.49056,47.11678],[-121.49321,47.1159],[-121.49767,47.11658],[-121.49965,47.11828],[-121.50374,47.11865],[-121.50526,47.11798],[-121.50669,47.11869],[-121.50653,47.12014],[-121.5091,47.12229],[-121.51252,47.123],[-121.51593,47.12156],[-121.51717,47.12242],[-121.52482,47.12407],[-121.52778,47.12401],[-121.53151,47.12458],[-121.53537,47.12264],[-121.53804,47.12293],[-121.54074,47.12234],[-121.54328,47.12316],[-121.55123,47.12292],[-121.55454,47.12234],[-121.5599,47.11962],[-121.56293,47.12005],[-121.56591,47.11924],[-121.56697,47.11962],[-121.57081,47.11928],[-121.57314,47.12023],[-121.57604,47.12017],[-121.57718,47.11942],[-121.57934,47.11956],[-121.58227,47.11872],[-121.58911,47.12023],[-121.59041,47.12125],[-121.59375,47.1218],[-121.59446,47.12223],[-121.59544,47.12545],[-121.59722,47.12591],[-121.59868,47.12863],[-121.60064,47.12994],[-121.60089,47.13146],[-121.60606,47.13536],[-121.60606,47.13716],[-121.60965,47.13838],[-121.60977,47.13965],[-121.61114,47.14114],[-121.61147,47.14299],[-121.61521,47.14354],[-121.61761,47.14468],[-121.61745,47.14668],[-121.62105,47.14781],[-121.62079,47.1494],[-121.62318,47.14988],[-121.62436,47.15127],[-121.62684,47.15229],[-121.62831,47.152],[-121.62897,47.15312],[-121.63099,47.15351],[-121.63755,47.15331],[-121.63949,47.15447],[-121.64382,47.15559],[-121.64871,47.15498],[-121.65371,47.15715],[-121.65585,47.15861],[-121.65836,47.15851],[-121.6622,47.16004],[-121.66452,47.15956],[-121.66865,47.15587],[-121.67499,47.15493],[-121.68079,47.15257],[-121.68351,47.14999],[-121.68455,47.14977],[-121.68825,47.14956],[-121.69269,47.1507],[-121.6971,47.15146],[-121.70273,47.15132],[-121.70507,47.152],[-121.71719,47.15148],[-121.71914,47.15112],[-121.72265,47.1528],[-121.72588,47.15529],[-121.72716,47.15697],[-121.72918,47.15805],[-121.73494,47.15939],[-121.73859,47.16067],[-121.74309,47.16454],[-121.74457,47.16464],[-121.74591,47.16306],[-121.74866,47.16203],[-121.75698,47.1649],[-121.76169,47.16734],[-121.76437,47.1675],[-121.76978,47.16544],[-121.77335,47.16649],[-121.77561,47.16793],[-121.77793,47.171],[-121.77691,47.17283],[-121.77756,47.17338],[-121.7827,47.17228],[-121.78485,47.17229],[-121.78938,47.17299],[-121.79197,47.17262],[-121.7958,47.17323],[-121.79943,47.16983],[-121.80333,47.16925],[-121.80635,47.16528],[-121.80899,47.1648],[-121.8104,47.16387],[-121.8127,47.16007],[-121.81442,47.15904],[-121.8193,47.1588],[-121.82263,47.15572],[-121.82707,47.15268],[-121.83008,47.15235],[-121.83195,47.15136],[-121.83201,47.14824],[-121.83423,47.14734],[-121.83732,47.14441],[-121.84028,47.14322],[-121.84243,47.14332],[-121.84612,47.14439],[-121.84895,47.14711],[-121.85423,47.14753],[-121.85622,47.14742],[-121.85917,47.14647],[-121.8611,47.14745],[-121.86085,47.15065],[-121.86308,47.15193],[-121.86655,47.15263],[-121.8712,47.15085],[-121.87413,47.15074],[-121.87598,47.1517],[-121.87803,47.15379],[-121.88058,47.15357],[-121.88259,47.15298],[-121.88619,47.15295],[-121.88894,47.15419],[-121.89291,47.15486],[-121.89773,47.15489],[-121.90166,47.15562],[-121.90397,47.15386],[-121.90942,47.15054],[-121.91419,47.15006],[-121.91785,47.15031],[-121.92089,47.14996],[-121.92459,47.149],[-121.9282,47.14736],[-121.92786,47.14482],[-121.93091,47.1427],[-121.93137,47.1401],[-121.93292,47.13856],[-121.93488,47.13822],[-121.93936,47.1391],[-121.94203,47.14003],[-121.94354,47.13997],[-121.94776,47.14279],[-121.9506,47.14516],[-121.94999,47.14788],[-121.94994,47.15095],[-121.95211,47.15451],[-121.95795,47.15713],[-121.96028,47.15723],[-121.96467,47.15599],[-121.96952,47.15628],[-121.97097,47.15704],[-121.97269,47.16025],[-121.97573,47.16212],[-121.97908,47.16388],[-121.98025,47.16446],[-121.98103,47.16463],[-121.98314,47.16473],[-121.98427,47.1646],[-121.98429,47.1646],[-121.98852,47.16298],[-121.99052,47.1629],[-121.99145,47.16324],[-121.9938,47.16829],[-121.99393,47.17257],[-121.99461,47.17268],[-121.99464,47.17269],[-121.99745,47.17219],[-122.0006,47.1702],[-122.00401,47.17014],[-122.00677,47.17096],[-122.00669,47.17288],[-122.00976,47.1754],[-122.01272,47.17605],[-122.0171,47.1747],[-122.02231,47.17397],[-122.02578,47.17413],[-122.02888,47.17492],[-122.03193,47.17501],[-122.034,47.17441],[-122.03582,47.173],[-122.03744,47.17269],[-122.04237,47.17244],[-122.04284,47.17206],[-122.04548,47.17118],[-122.04807,47.1714],[-122.05368,47.17572],[-122.05561,47.17911],[-122.05843,47.17991],[-122.06155,47.18322],[-122.06338,47.18588],[-122.06588,47.18713],[-122.06866,47.18786],[-122.07016,47.18764],[-122.07818,47.18915],[-122.08187,47.19055],[-122.08349,47.19251],[-122.08781,47.19406],[-122.09377,47.19464],[-122.09502,47.19518],[-122.09407,47.19709],[-122.09483,47.1982],[-122.09732,47.19973],[-122.10048,47.19996],[-122.10385,47.20412],[-122.1053,47.20511],[-122.10781,47.20842],[-122.1103,47.20994],[-122.11065,47.21212],[-122.11254,47.21372],[-122.11589,47.21625],[-122.11388,47.21865],[-122.11569,47.22069],[-122.11555,47.22128],[-122.11502,47.22187],[-122.11395,47.22245],[-122.11318,47.22336],[-122.11318,47.22376],[-122.11675,47.22512],[-122.11757,47.22659],[-122.11527,47.2283],[-122.11501,47.22872],[-122.11486,47.22897],[-122.11541,47.22935],[-122.11588,47.22971],[-122.11608,47.2302],[-122.11616,47.23078],[-122.11603,47.231],[-122.11591,47.2313],[-122.12055,47.23083],[-122.12295,47.23204],[-122.1248,47.23208],[-122.12546,47.23232],[-122.12573,47.23266],[-122.12596,47.23328],[-122.12587,47.23403],[-122.12429,47.23482],[-122.12385,47.23514],[-122.12296,47.23621],[-122.12244,47.23795],[-122.12297,47.23913],[-122.12377,47.23991],[-122.12551,47.24049],[-122.12609,47.24055],[-122.1277,47.24102],[-122.12896,47.24159],[-122.13062,47.24282],[-122.13126,47.24315],[-122.13426,47.24399],[-122.1355,47.2466],[-122.13758,47.24682],[-122.13833,47.25065],[-122.13683,47.2545],[-122.14398,47.25753],[-122.14419,47.25753],[-122.14462,47.25753],[-122.15045,47.25758],[-122.16576,47.25755],[-122.17453,47.25754],[-122.18676,47.2573],[-122.20832,47.25736],[-122.21602,47.25743],[-122.2239,47.2575],[-122.22949,47.25756],[-122.22979,47.25756],[-122.23876,47.25748],[-122.24018,47.25747],[-122.24501,47.25743],[-122.25851,47.25725],[-122.26215,47.25737],[-122.27167,47.25736],[-122.27221,47.25734],[-122.27743,47.25729],[-122.29115,47.2572],[-122.29374,47.25725],[-122.2946,47.25725],[-122.29485,47.25725],[-122.30775,47.2573],[-122.30912,47.25732],[-122.31417,47.25729],[-122.31648,47.2573],[-122.31833,47.25732],[-122.32025,47.25733],[-122.32562,47.25736],[-122.32979,47.25736],[-122.3303,47.25736],[-122.33132,47.25737],[-122.33492,47.25759],[-122.33483,47.26311],[-122.33587,47.26382],[-122.33699,47.26458],[-122.35568,47.27747],[-122.35794,47.27902],[-122.35836,47.27942],[-122.36336,47.28276],[-122.36735,47.28553],[-122.36862,47.28638],[-122.38159,47.29534],[-122.38466,47.29751],[-122.3853,47.29775],[-122.38702,47.29893],[-122.38957,47.3006],[-122.39149,47.30216],[-122.39515,47.30469],[-122.39956,47.30773],[-122.40675,47.31266],[-122.41768,47.32038],[-122.41788,47.32033],[-122.41823,47.32026],[-122.42353,47.31912],[-122.42543,47.31928],[-122.42916,47.31959],[-122.42997,47.31966],[-122.43183,47.31369],[-122.43247,47.31161],[-122.43295,47.31007],[-122.43462,47.30749],[-122.44435,47.3061],[-122.44463,47.30042],[-122.43981,47.29869],[-122.43633,47.29842],[-122.43273,47.29711],[-122.43248,47.29701],[-122.43062,47.29713],[-122.42423,47.29752],[-122.41373,47.29392],[-122.4092,47.28856],[-122.4107,47.28741],[-122.41382,47.28502],[-122.4118,47.28251],[-122.41845,47.27589],[-122.42131,47.27025],[-122.42606,47.27041],[-122.42963,47.26848],[-122.43319,47.26348],[-122.43676,47.26186],[-122.43989,47.262],[-122.44032,47.26202],[-122.4442,47.26672],[-122.45313,47.2724],[-122.46108,47.27545],[-122.46463,47.27608],[-122.47165,47.27732],[-122.47732,47.28093],[-122.47979,47.28251],[-122.48667,47.28573],[-122.4902,47.28914],[-122.49892,47.2947],[-122.49927,47.29492],[-122.49927,47.29655],[-122.50283,47.29944],[-122.5069,47.30274],[-122.50703,47.30284],[-122.50782,47.30556],[-122.51238,47.30753],[-122.51497,47.30605],[-122.51973,47.30796],[-122.53334,47.31662],[-122.54133,47.31893],[-122.54741,47.31773],[-122.54775,47.3164],[-122.54205,47.31071],[-122.53682,47.30443],[-122.52887,47.29311],[-122.52874,47.29089],[-122.52878,47.29057],[-122.52969,47.28331],[-122.533,47.27642],[-122.53302,47.27638],[-122.53415,47.27515],[-122.54442,47.26412],[-122.54469,47.26378],[-122.55227,47.25428],[-122.55346,47.25186],[-122.55298,47.24944],[-122.55227,47.24831],[-122.55631,47.24444],[-122.56005,47.24495],[-122.56225,47.24525],[-122.56228,47.24521],[-122.56391,47.24347],[-122.56391,47.23911],[-122.56344,47.23653],[-122.56403,47.23563],[-122.56473,47.23456],[-122.56487,47.22717],[-122.56724,47.22184],[-122.57208,47.2184],[-122.57223,47.21829],[-122.57709,47.21367],[-122.57755,47.21324],[-122.58052,47.21042],[-122.58398,47.19958],[-122.58364,47.19682],[-122.58342,47.1958],[-122.58337,47.19558],[-122.58269,47.19246],[-122.58483,47.18971],[-122.58483,47.18843],[-122.58483,47.18745],[-122.58495,47.18726],[-122.58632,47.18513],[-122.58883,47.18122],[-122.59083,47.17811],[-122.59285,47.17588],[-122.59291,47.17582],[-122.59318,47.17579],[-122.59695,47.17533],[-122.59748,47.1751],[-122.60332,47.17254],[-122.60339,47.17251],[-122.60432,47.1721],[-122.61375,47.16956],[-122.61572,47.1643],[-122.61549,47.16144],[-122.61682,47.15722],[-122.61692,47.15691],[-122.62191,47.14786],[-122.62619,47.14188],[-122.62774,47.1412],[-122.63284,47.13897],[-122.63555,47.1362],[-122.63617,47.13557],[-122.64348,47.13517],[-122.64505,47.13509],[-122.65063,47.13274],[-122.65804,47.12717],[-122.66968,47.11455],[-122.67094,47.11264],[-122.67412,47.10783],[-122.67491,47.10663],[-122.67848,47.10274],[-122.68822,47.10404],[-122.69382,47.10389]]],[[[-122.72687,47.20739],[-122.72687,47.20442],[-122.7221,47.2015],[-122.71527,47.19901],[-122.70188,47.19788],[-122.69673,47.19611],[-122.69269,47.19304],[-122.6877,47.19255],[-122.67772,47.1911],[-122.65727,47.19352],[-122.64775,47.19728],[-122.64239,47.20085],[-122.6418,47.20501],[-122.64418,47.20918],[-122.64872,47.21564],[-122.65964,47.21929],[-122.6625,47.21742],[-122.66203,47.21419],[-122.66464,47.21403],[-122.66868,47.21581],[-122.66749,47.22339],[-122.67605,47.22614],[-122.67987,47.23119],[-122.68523,47.23238],[-122.69177,47.23119],[-122.70248,47.23119],[-122.70457,47.23098],[-122.70719,47.22485],[-122.7098,47.22226],[-122.7167,47.21678],[-122.71973,47.21096],[-122.72687,47.20739]]],[[[-122.74174,47.15505],[-122.74293,47.15147],[-122.74053,47.15011],[-122.73661,47.14788],[-122.73333,47.14602],[-122.72977,47.14068],[-122.72216,47.13713],[-122.712,47.12768],[-122.70972,47.12677],[-122.70243,47.12387],[-122.69475,47.1259],[-122.69341,47.12946],[-122.69337,47.12956],[-122.69296,47.13065],[-122.69697,47.13567],[-122.69534,47.14018],[-122.69483,47.14376],[-122.68901,47.14346],[-122.68841,47.14343],[-122.6873,47.14248],[-122.68425,47.13986],[-122.6755,47.14196],[-122.67605,47.14282],[-122.67606,47.14283],[-122.67748,47.14505],[-122.67724,47.14844],[-122.67344,47.1499],[-122.67345,47.15033],[-122.67404,47.16513],[-122.67415,47.16784],[-122.67393,47.17468],[-122.68018,47.17997],[-122.68166,47.18122],[-122.68349,47.18174],[-122.68803,47.18304],[-122.68849,47.18317],[-122.69258,47.18434],[-122.69578,47.189],[-122.70671,47.18739],[-122.71081,47.18538],[-122.71765,47.17915],[-122.72011,47.17809],[-122.72042,47.17795],[-122.72389,47.17646],[-122.72984,47.16694],[-122.72977,47.16364],[-122.72715,47.16073],[-122.73238,47.15927],[-122.73758,47.15683],[-122.74174,47.15505]]],[[[-122.80106,47.35861],[-122.80042,47.3586],[-122.79738,47.36068],[-122.79553,47.36084],[-122.79363,47.3607],[-122.79077,47.36091],[-122.79074,47.36092],[-122.78917,47.36152],[-122.78806,47.36031],[-122.78621,47.35797],[-122.79131,47.35565],[-122.79067,47.35291],[-122.79131,47.3518],[-122.79463,47.351],[-122.7953,47.3506],[-122.79681,47.34827],[-122.79613,47.34699],[-122.79351,47.34471],[-122.78828,47.34326],[-122.78876,47.34253],[-122.78995,47.34068],[-122.79056,47.33826],[-122.79114,47.33601],[-122.7928,47.33134],[-122.79263,47.3282],[-122.79256,47.32699],[-122.79322,47.32569],[-122.79518,47.32183],[-122.7947,47.31684],[-122.79272,47.31088],[-122.79256,47.31039],[-122.79315,47.30821],[-122.79351,47.30685],[-122.79166,47.30586],[-122.79019,47.30507],[-122.78947,47.30024],[-122.79256,47.2946],[-122.7985,47.2875],[-122.80715,47.28223],[-122.81063,47.27815],[-122.81476,47.27591],[-122.81559,47.27546],[-122.81657,47.27493],[-122.81774,47.27176],[-122.81871,47.26912],[-122.82488,47.25787],[-122.825,47.25763],[-122.82823,47.25175],[-122.82869,47.24815],[-122.83084,47.24567],[-122.83088,47.24562],[-122.8328,47.24341],[-122.82774,47.23879],[-122.82394,47.23105],[-122.81871,47.22782],[-122.81063,47.22572],[-122.8073,47.22217],[-122.80738,47.22056],[-122.8075,47.21802],[-122.80754,47.21716],[-122.80647,47.21059],[-122.79751,47.19942],[-122.78971,47.18761],[-122.78424,47.18519],[-122.77901,47.18535],[-122.77785,47.18248],[-122.77627,47.17858],[-122.77548,47.17662],[-122.77518,47.17417],[-122.77497,47.17243],[-122.77443,47.17156],[-122.77162,47.16711],[-122.76883,47.16676],[-122.7638,47.16612],[-122.75643,47.16968],[-122.75216,47.17242],[-122.75212,47.17255],[-122.75121,47.1755],[-122.74408,47.17857],[-122.7474,47.18099],[-122.74788,47.18341],[-122.74622,47.18551],[-122.74717,47.18923],[-122.74431,47.19262],[-122.73849,47.19923],[-122.74039,47.20015],[-122.74046,47.20018],[-122.74051,47.20021],[-122.74574,47.19924],[-122.74978,47.19924],[-122.75032,47.20107],[-122.75239,47.20812],[-122.75272,47.20831],[-122.75525,47.20974],[-122.74859,47.21975],[-122.74812,47.21087],[-122.74574,47.20651],[-122.74099,47.20618],[-122.73738,47.20822],[-122.73703,47.20997],[-122.73694,47.21038],[-122.73646,47.21065],[-122.72791,47.21539],[-122.71983,47.22088],[-122.71888,47.22652],[-122.71965,47.22717],[-122.72197,47.22911],[-122.72324,47.23211],[-122.72479,47.2358],[-122.72482,47.23589],[-122.72475,47.23594],[-122.72292,47.23734],[-122.72275,47.23905],[-122.72221,47.2446],[-122.71698,47.24799],[-122.71798,47.25048],[-122.71815,47.2509],[-122.71841,47.25154],[-122.72126,47.2517],[-122.7222,47.25093],[-122.72482,47.2488],[-122.73386,47.25009],[-122.7379,47.25541],[-122.7379,47.25792],[-122.7379,47.26122],[-122.73627,47.26388],[-122.73624,47.26393],[-122.73504,47.26589],[-122.74122,47.26606],[-122.74572,47.26072],[-122.74598,47.26041],[-122.74954,47.2596],[-122.74956,47.25974],[-122.75002,47.26299],[-122.75002,47.26311],[-122.75002,47.26686],[-122.74697,47.27314],[-122.74891,47.27412],[-122.74954,47.27444],[-122.75263,47.27218],[-122.75645,47.27361],[-122.75684,47.27376],[-122.75739,47.27396],[-122.75739,47.2767],[-122.75239,47.27638],[-122.75002,47.27912],[-122.75121,47.28573],[-122.75068,47.29047],[-122.75049,47.29218],[-122.7455,47.2983],[-122.74317,47.30323],[-122.74259,47.30445],[-122.74146,47.30685],[-122.73219,47.31619],[-122.72934,47.32006],[-122.72574,47.33047],[-122.72886,47.3344],[-122.73053,47.33698],[-122.72834,47.33712],[-122.72578,47.3373],[-122.72094,47.33993],[-122.71199,47.34277],[-122.70819,47.34455],[-122.707,47.34825],[-122.69321,47.35276],[-122.68921,47.35536],[-122.68825,47.3579],[-122.68729,47.36046],[-122.68703,47.36113],[-122.68419,47.36483],[-122.68394,47.36515],[-122.68227,47.36548],[-122.67253,47.36741],[-122.67189,47.36761],[-122.66898,47.36852],[-122.66588,47.37127],[-122.65922,47.37192],[-122.65017,47.37458],[-122.63641,47.38077],[-122.62851,47.38225],[-122.62785,47.38238],[-122.62737,47.37964],[-122.62619,47.37562],[-122.62904,47.37224],[-122.63308,47.36998],[-122.63664,47.36628],[-122.63807,47.36258],[-122.64173,47.3605],[-122.64853,47.35855],[-122.65375,47.35516],[-122.65661,47.35276],[-122.65994,47.3526],[-122.66707,47.34551],[-122.67126,47.34377],[-122.67135,47.34132],[-122.66635,47.33794],[-122.6616,47.33714],[-122.65851,47.33311],[-122.65971,47.33139],[-122.66065,47.33005],[-122.66334,47.33179],[-122.66507,47.33291],[-122.66612,47.33359],[-122.66968,47.33247],[-122.67002,47.33249],[-122.67515,47.33295],[-122.678,47.3315],[-122.6795,47.32783],[-122.67824,47.32328],[-122.68062,47.3184],[-122.68424,47.31406],[-122.68941,47.31007],[-122.69021,47.30744],[-122.68418,47.30314],[-122.68559,47.30109],[-122.68674,47.29942],[-122.69122,47.29808],[-122.69428,47.29105],[-122.69541,47.28848],[-122.69588,47.2874],[-122.69613,47.28683],[-122.69738,47.28397],[-122.69583,47.28138],[-122.69243,47.28003],[-122.68632,47.27944],[-122.68089,47.28009],[-122.67943,47.28299],[-122.67848,47.28589],[-122.67135,47.28621],[-122.66798,47.28526],[-122.66356,47.28402],[-122.65994,47.28234],[-122.65447,47.28267],[-122.64853,47.27993],[-122.64831,47.27988],[-122.6376,47.27767],[-122.63167,47.27725],[-122.6307,47.27718],[-122.62279,47.2728],[-122.62243,47.2726],[-122.62065,47.27161],[-122.61906,47.27073],[-122.61847,47.27059],[-122.6143,47.2696],[-122.60741,47.27089],[-122.60536,47.27122],[-122.60142,47.27184],[-122.60028,47.27202],[-122.59666,47.27202],[-122.59244,47.27202],[-122.59434,47.26896],[-122.59885,47.26686],[-122.6001,47.26242],[-122.59675,47.26082],[-122.59624,47.26057],[-122.59579,47.2602],[-122.59106,47.25623],[-122.5902,47.25584],[-122.58794,47.25481],[-122.58583,47.25385],[-122.57817,47.25589],[-122.57697,47.25681],[-122.57198,47.26058],[-122.56558,47.26541],[-122.55885,47.27149],[-122.55791,47.27234],[-122.55672,47.2736],[-122.55535,47.27505],[-122.5506,47.28009],[-122.54752,47.28534],[-122.55013,47.2905],[-122.55561,47.29701],[-122.56181,47.30253],[-122.56629,47.30652],[-122.57124,47.31562],[-122.5718,47.31624],[-122.57355,47.31821],[-122.57374,47.31842],[-122.57388,47.31892],[-122.5758,47.32577],[-122.57582,47.32584],[-122.57599,47.32642],[-122.57544,47.32651],[-122.57355,47.32684],[-122.57134,47.32722],[-122.56795,47.3344],[-122.55584,47.34752],[-122.55154,47.35954],[-122.54823,47.3658],[-122.54398,47.36807],[-122.53848,47.37594],[-122.53984,47.37793],[-122.54156,47.38045],[-122.5468,47.38334],[-122.54994,47.3877],[-122.55132,47.38962],[-122.55147,47.39043],[-122.55212,47.39384],[-122.55213,47.39388],[-122.55217,47.39412],[-122.55227,47.39461],[-122.55194,47.39672],[-122.55088,47.40344],[-122.56996,47.40343],[-122.58893,47.40368],[-122.6104,47.40347],[-122.6247,47.4035],[-122.62552,47.40352],[-122.62713,47.40349],[-122.63064,47.40338],[-122.634,47.40327],[-122.65309,47.40309],[-122.66407,47.40331],[-122.69496,47.4035],[-122.71671,47.40328],[-122.71782,47.40321],[-122.71906,47.40334],[-122.76403,47.40343],[-122.76425,47.40343],[-122.8012,47.40358],[-122.8012,47.38936],[-122.80134,47.3888],[-122.80106,47.35861]]],[[[-122.84164,47.25803],[-122.84186,47.25766],[-122.83805,47.25528],[-122.83411,47.2568],[-122.83331,47.25891],[-122.83221,47.2618],[-122.83184,47.26217],[-122.82816,47.26599],[-122.82532,47.27051],[-122.82542,47.27052],[-122.82888,47.27099],[-122.83234,47.27289],[-122.83553,47.26986],[-122.84005,47.26809],[-122.84089,47.2657],[-122.84138,47.26432],[-122.84041,47.26078],[-122.84029,47.26035],[-122.84164,47.25803]]]]},"properties":{"GEOID":"53053","NAME":"Pierce"}},{"type":"Feature","geometry":{"type":"MultiPolygon","coordinates":[[[[-122.33164,48.02056],[-122.33452,48.01892],[-122.32611,48.0103],[-122.32115,48.00852],[-122.31737,48.00717],[-122.30663,48.0044],[-122.30345,48.0056],[-122.30885,48.00983],[-122.30971,48.0128],[-122.31488,48.01346],[-122.31639,48.01559],[-122.32029,48.01693],[-122.32135,48.01877],[-122.32236,48.02104],[-122.32834,48.02134],[-122.33164,48.02056]]],[[[-122.40547,48.25198],[-122.40255,48.24737],[-122.40083,48.24633],[-122.40083,48.24467],[-122.39915,48.2421],[-122.39554,48.23987],[-122.39368,48.23876],[-122.39298,48.23743],[-122.39468,48.22987],[-122.39417,48.23009],[-122.39322,48.23017],[-122.39233,48.23061],[-122.39067,48.2299],[-122.38996,48.22875],[-122.38812,48.22713],[-122.3879,48.22627],[-122.38741,48.22603],[-122.38658,48.22614],[-122.38391,48.22749],[-122.38225,48.2263],[-122.37626,48.22417],[-122.37122,48.21971],[-122.36832,48.21461],[-122.36897,48.21066],[-122.37164,48.20525],[-122.36974,48.20094],[-122.36778,48.19711],[-122.36909,48.19493],[-122.37022,48.193],[-122.37025,48.19186],[-122.37027,48.19094],[-122.36719,48.1892],[-122.36375,48.18446],[-122.36162,48.18339],[-122.35747,48.18229],[-122.35826,48.18058],[-122.35883,48.17936],[-122.36348,48.17444],[-122.37025,48.16481],[-122.37017,48.16455],[-122.36898,48.16069],[-122.36735,48.15542],[-122.36474,48.1513],[-122.36499,48.14585],[-122.3638,48.14276],[-122.364,48.14],[-122.36528,48.13878],[-122.36763,48.13653],[-122.36783,48.13493],[-122.36355,48.13334],[-122.36212,48.12985],[-122.36508,48.12582],[-122.36384,48.12393],[-122.36348,48.12331],[-122.36165,48.12018],[-122.35884,48.11754],[-122.35163,48.11443],[-122.34773,48.11069],[-122.34736,48.10672],[-122.34483,48.10496],[-122.34397,48.10297],[-122.34469,48.10088],[-122.34324,48.09763],[-122.334,48.09544],[-122.32612,48.09288],[-122.32171,48.08551],[-122.32142,48.08099],[-122.3178,48.07923],[-122.30584,48.07342],[-122.30491,48.07301],[-122.301,48.07133],[-122.29834,48.06846],[-122.29834,48.06532],[-122.29343,48.0619],[-122.29273,48.06415],[-122.29152,48.06504],[-122.28957,48.06498],[-122.28649,48.06437],[-122.28554,48.06444],[-122.284,48.06454],[-122.28246,48.0636],[-122.28,48.06307],[-122.27834,48.06143],[-122.27693,48.05851],[-122.27547,48.05751],[-122.27349,48.05668],[-122.27348,48.05668],[-122.27369,48.05645],[-122.27406,48.05607],[-122.27435,48.05487],[-122.27398,48.0539],[-122.27215,48.0537],[-122.27217,48.05349],[-122.27218,48.05325],[-122.27223,48.05262],[-122.27306,48.05207],[-122.27377,48.05081],[-122.27493,48.05043],[-122.27718,48.05106],[-122.27784,48.05181],[-122.27816,48.05181],[-122.28038,48.05176],[-122.28254,48.05195],[-122.28728,48.0539],[-122.28857,48.05498],[-122.2886,48.055],[-122.28948,48.05545],[-122.29098,48.05479],[-122.29094,48.05354],[-122.28986,48.05243],[-122.28624,48.05137],[-122.28084,48.05018],[-122.27439,48.04823],[-122.27057,48.04628],[-122.26565,48.04377],[-122.26108,48.04144],[-122.24692,48.03419],[-122.23824,48.03058],[-122.23176,48.02988],[-122.22988,48.03033],[-122.22742,48.03093],[-122.22469,48.02616],[-122.22319,48.02462],[-122.2203,48.02163],[-122.21898,48.02028],[-122.2235,48.02036],[-122.22586,48.01835],[-122.22594,48.01819],[-122.22877,48.01247],[-122.2311,48.00875],[-122.23087,48.00533],[-122.2292,47.99937],[-122.22967,47.98869],[-122.22968,47.98847],[-122.23016,47.98486],[-122.23368,47.98157],[-122.23323,47.98135],[-122.23227,47.98085],[-122.23081,47.98011],[-122.23079,47.98007],[-122.22826,47.9751],[-122.2298,47.97344],[-122.23005,47.97092],[-122.23069,47.97044],[-122.23663,47.96604],[-122.24017,47.96417],[-122.24875,47.95964],[-122.24901,47.95951],[-122.25975,47.9584],[-122.27805,47.95652],[-122.28918,47.95256],[-122.29101,47.95208],[-122.29319,47.95151],[-122.29684,47.95056],[-122.2981,47.95038],[-122.29899,47.95026],[-122.30442,47.94949],[-122.30461,47.94946],[-122.30705,47.94912],[-122.30869,47.94635],[-122.31115,47.93672],[-122.30975,47.92912],[-122.31075,47.92512],[-122.31218,47.9237],[-122.31843,47.91757],[-122.31904,47.91679],[-122.31923,47.91656],[-122.32095,47.91438],[-122.32195,47.91312],[-122.32219,47.91153],[-122.32225,47.91117],[-122.32255,47.90918],[-122.32473,47.90508],[-122.32748,47.89992],[-122.32855,47.89792],[-122.32777,47.89402],[-122.32801,47.89344],[-122.32824,47.89289],[-122.33354,47.88025],[-122.3329,47.87931],[-122.33015,47.87532],[-122.32955,47.86942],[-122.33055,47.86672],[-122.33309,47.86477],[-122.33329,47.86441],[-122.33504,47.86132],[-122.335,47.86057],[-122.33494,47.85967],[-122.33492,47.85932],[-122.33473,47.85631],[-122.33595,47.85231],[-122.3398,47.84692],[-122.33994,47.84672],[-122.34654,47.84242],[-122.35324,47.84062],[-122.36036,47.83401],[-122.37401,47.82133],[-122.37766,47.81771],[-122.38148,47.8139],[-122.38349,47.81273],[-122.39204,47.80772],[-122.39564,47.80681],[-122.39494,47.80332],[-122.3949,47.80319],[-122.39134,47.79242],[-122.39214,47.78542],[-122.39241,47.78524],[-122.39681,47.78238],[-122.39704,47.77972],[-122.3952,47.77792],[-122.39491,47.77764],[-122.39317,47.77793],[-122.39254,47.77793],[-122.38019,47.77784],[-122.37733,47.77785],[-122.37208,47.7778],[-122.36289,47.77775],[-122.36133,47.77776],[-122.35621,47.77777],[-122.35149,47.77778],[-122.34629,47.77779],[-122.34616,47.77779],[-122.33815,47.77778],[-122.33536,47.77777],[-122.32994,47.77762],[-122.32739,47.77765],[-122.32684,47.77768],[-122.318,47.77762],[-122.31787,47.77762],[-122.31765,47.77762],[-122.30836,47.77753],[-122.30301,47.77747],[-122.30298,47.77747],[-122.29812,47.77743],[-122.29759,47.77742],[-122.29009,47.77735],[-122.28824,47.77733],[-122.28686,47.77732],[-122.27103,47.7771],[-122.26675,47.77709],[-122.26068,47.77708],[-122.25317,47.77706],[-122.24939,47.77704],[-122.24361,47.77696],[-122.24276,47.77698],[-122.23304,47.77682],[-122.22761,47.77675],[-122.2232,47.77669],[-122.21693,47.7766],[-122.20703,47.77649],[-122.20163,47.77646],[-122.19149,47.77642],[-122.19121,47.77641],[-122.18024,47.77635],[-122.16944,47.77626],[-122.16675,47.77625],[-122.15517,47.77622],[-122.15505,47.77622],[-122.15444,47.7762],[-122.15384,47.7762],[-122.13237,47.77605],[-122.11295,47.77595],[-122.10943,47.77592],[-122.10736,47.77591],[-122.09951,47.77587],[-122.09128,47.77605],[-122.08833,47.77612],[-122.08227,47.77607],[-122.07468,47.77598],[-122.07465,47.77598],[-122.05471,47.77568],[-122.04958,47.77573],[-122.02349,47.77558],[-122.00774,47.77544],[-122.00037,47.77539],[-122.00035,47.77539],[-121.99178,47.77535],[-121.96779,47.77618],[-121.92782,47.77696],[-121.92304,47.77699],[-121.86455,47.7773],[-121.86194,47.77731],[-121.85141,47.77685],[-121.84069,47.77737],[-121.82047,47.7771],[-121.81915,47.777],[-121.75546,47.77711],[-121.74446,47.77776],[-121.66681,47.77721],[-121.64571,47.7771],[-121.58454,47.77705],[-121.58446,47.77706],[-121.54049,47.77785],[-121.49986,47.77783],[-121.48457,47.778],[-121.45554,47.77843],[-121.45554,47.78058],[-121.19567,47.77914],[-121.19563,47.7801],[-121.11918,47.77993],[-121.1207,47.7826],[-121.12031,47.78428],[-121.11642,47.78684],[-121.11171,47.78776],[-121.1094,47.78972],[-121.10935,47.79277],[-121.10516,47.79569],[-121.09988,47.79713],[-121.09759,47.79847],[-121.09465,47.79939],[-121.09257,47.80073],[-121.09238,47.80513],[-121.08922,47.80591],[-121.0847,47.80771],[-121.08418,47.8098],[-121.08275,47.8118],[-121.08174,47.81601],[-121.07896,47.81837],[-121.07451,47.82284],[-121.07336,47.82497],[-121.07069,47.82662],[-121.07087,47.83018],[-121.07316,47.83046],[-121.07668,47.83164],[-121.07803,47.83356],[-121.08022,47.83412],[-121.08574,47.83275],[-121.09581,47.83269],[-121.09807,47.83127],[-121.10091,47.83091],[-121.10693,47.82897],[-121.11189,47.82946],[-121.11881,47.831],[-121.12124,47.83272],[-121.12128,47.83663],[-121.12372,47.8384],[-121.13048,47.83889],[-121.13341,47.83975],[-121.13434,47.84304],[-121.13692,47.8434],[-121.13925,47.84293],[-121.1469,47.84346],[-121.14982,47.844],[-121.15351,47.84531],[-121.1539,47.84671],[-121.15323,47.85105],[-121.15206,47.85297],[-121.14848,47.85596],[-121.14723,47.85753],[-121.14754,47.85899],[-121.14992,47.86182],[-121.15206,47.86676],[-121.15232,47.86896],[-121.15701,47.87422],[-121.15826,47.87664],[-121.15801,47.8789],[-121.15698,47.88195],[-121.15882,47.88191],[-121.16294,47.87942],[-121.16585,47.87935],[-121.16761,47.88043],[-121.16795,47.88187],[-121.16954,47.88315],[-121.17157,47.88354],[-121.17535,47.88588],[-121.17618,47.88879],[-121.1763,47.89199],[-121.17696,47.89398],[-121.17666,47.89535],[-121.17949,47.89669],[-121.1808,47.89849],[-121.17723,47.90421],[-121.17735,47.90546],[-121.17326,47.90878],[-121.17137,47.91218],[-121.17175,47.9139],[-121.17368,47.91535],[-121.17876,47.917],[-121.17951,47.91878],[-121.17899,47.91954],[-121.17359,47.92325],[-121.17049,47.9244],[-121.17274,47.92967],[-121.17279,47.9337],[-121.17114,47.93642],[-121.16641,47.93816],[-121.16331,47.94294],[-121.16218,47.94408],[-121.16187,47.94829],[-121.16273,47.95069],[-121.16497,47.95451],[-121.16509,47.95621],[-121.16236,47.9584],[-121.15827,47.95951],[-121.15751,47.96087],[-121.15354,47.96394],[-121.15261,47.96727],[-121.14845,47.9707],[-121.14876,47.97825],[-121.14728,47.9814],[-121.14434,47.98198],[-121.14168,47.98333],[-121.14003,47.98342],[-121.13594,47.98283],[-121.13454,47.98538],[-121.13057,47.9868],[-121.12815,47.98999],[-121.12481,47.99372],[-121.12129,47.99628],[-121.11818,47.9971],[-121.11799,48.00154],[-121.11898,48.00314],[-121.11793,48.00628],[-121.12302,48.00869],[-121.12518,48.0103],[-121.12594,48.01237],[-121.12851,48.01384],[-121.12922,48.01983],[-121.1311,48.02162],[-121.13394,48.02184],[-121.13601,48.02396],[-121.13912,48.02528],[-121.14739,48.02947],[-121.14858,48.03057],[-121.14897,48.03416],[-121.15062,48.03671],[-121.15326,48.03969],[-121.15322,48.04074],[-121.15027,48.04202],[-121.14421,48.04233],[-121.13727,48.04432],[-121.13308,48.04418],[-121.13052,48.04518],[-121.12821,48.04813],[-121.12197,48.05097],[-121.12043,48.05229],[-121.11751,48.05697],[-121.11598,48.05796],[-121.10985,48.05668],[-121.1052,48.05777],[-121.10177,48.06176],[-121.1016,48.06267],[-121.09703,48.0644],[-121.09014,48.06494],[-121.08462,48.06193],[-121.08304,48.06156],[-121.07542,48.06528],[-121.07208,48.06768],[-121.06459,48.07015],[-121.0576,48.07044],[-121.05411,48.07],[-121.04863,48.07022],[-121.04246,48.07287],[-121.04125,48.0727],[-121.03772,48.07506],[-121.03622,48.07684],[-121.03411,48.07761],[-121.03012,48.07815],[-121.02516,48.07817],[-121.01594,48.07479],[-121.01116,48.07918],[-121.0067,48.08018],[-121.00467,48.08143],[-121.00247,48.08473],[-120.99882,48.08826],[-120.99936,48.08972],[-120.99553,48.08917],[-120.993,48.08993],[-120.98733,48.09386],[-120.98476,48.09327],[-120.98131,48.09438],[-120.98045,48.09519],[-120.9804,48.0981],[-120.97779,48.10113],[-120.97221,48.10405],[-120.9714,48.10616],[-120.97248,48.10853],[-120.97124,48.10919],[-120.96885,48.10883],[-120.96374,48.10972],[-120.96013,48.10843],[-120.95616,48.10807],[-120.95473,48.10868],[-120.95295,48.11128],[-120.94876,48.11209],[-120.9471,48.11333],[-120.94631,48.11518],[-120.94906,48.11568],[-120.95263,48.11722],[-120.95344,48.11901],[-120.95539,48.12026],[-120.95673,48.12264],[-120.95572,48.12521],[-120.95828,48.1292],[-120.96313,48.13141],[-120.96522,48.13396],[-120.96384,48.13563],[-120.96438,48.13807],[-120.96562,48.14033],[-120.96442,48.14298],[-120.96033,48.14552],[-120.95595,48.1477],[-120.95557,48.15198],[-120.95397,48.15309],[-120.95138,48.15365],[-120.94842,48.15503],[-120.94353,48.15547],[-120.93827,48.15507],[-120.93664,48.15602],[-120.93322,48.15677],[-120.93425,48.1595],[-120.93194,48.16162],[-120.92704,48.16114],[-120.92339,48.16041],[-120.92144,48.16077],[-120.91748,48.15966],[-120.91524,48.15968],[-120.91276,48.16174],[-120.90742,48.16318],[-120.9074,48.16563],[-120.90982,48.17015],[-120.91054,48.17359],[-120.91537,48.17846],[-120.91736,48.17976],[-120.91952,48.18556],[-120.92059,48.18731],[-120.91927,48.19039],[-120.92132,48.19153],[-120.92554,48.19178],[-120.9287,48.19362],[-120.93266,48.19714],[-120.93675,48.19866],[-120.93788,48.19855],[-120.94242,48.2002],[-120.94703,48.20105],[-120.94844,48.20234],[-120.94979,48.20593],[-120.95158,48.20731],[-120.95231,48.20911],[-120.95671,48.20961],[-120.95873,48.2103],[-120.96094,48.2099],[-120.96373,48.21071],[-120.96477,48.21133],[-120.96575,48.21779],[-120.96359,48.22009],[-120.96186,48.22372],[-120.96208,48.225],[-120.96033,48.22637],[-120.95985,48.22777],[-120.96273,48.23017],[-120.96501,48.23065],[-120.96796,48.23289],[-120.97314,48.2353],[-120.97436,48.23876],[-120.97773,48.24203],[-120.97823,48.24393],[-120.98124,48.24666],[-120.98249,48.25134],[-120.9859,48.25361],[-120.99041,48.25563],[-120.99514,48.26039],[-120.99992,48.26294],[-121.00564,48.27008],[-121.00466,48.27116],[-121.0057,48.27221],[-121.00449,48.2739],[-121.0061,48.27429],[-121.00897,48.27689],[-121.01126,48.27819],[-121.01209,48.27991],[-121.01155,48.2835],[-121.00832,48.28495],[-121.00438,48.28537],[-121.0025,48.28626],[-121.00298,48.28689],[-121.00065,48.29053],[-121.00069,48.29448],[-121.00166,48.29601],[-121.44496,48.29604],[-121.56059,48.29714],[-121.56671,48.29738],[-121.57756,48.29736],[-121.5775,48.29897],[-121.63642,48.29847],[-121.68609,48.29899],[-121.69264,48.29896],[-121.76255,48.29886],[-121.83511,48.29799],[-121.8566,48.29749],[-121.85797,48.29748],[-121.90486,48.29764],[-121.92266,48.29751],[-121.94474,48.29742],[-121.96665,48.29743],[-121.99607,48.2975],[-121.99862,48.2975],[-122.1403,48.29781],[-122.16185,48.29723],[-122.17539,48.29724],[-122.18357,48.29728],[-122.19434,48.29767],[-122.20127,48.29763],[-122.20391,48.29762],[-122.25184,48.29746],[-122.30344,48.2976],[-122.32474,48.29752],[-122.33537,48.29752],[-122.3532,48.29757],[-122.37854,48.29768],[-122.38324,48.2977],[-122.38789,48.29772],[-122.38781,48.29625],[-122.39066,48.28929],[-122.38876,48.28549],[-122.39064,48.28309],[-122.38907,48.27933],[-122.38831,48.2775],[-122.38941,48.2729],[-122.39161,48.26779],[-122.3947,48.25954],[-122.39533,48.25719],[-122.39703,48.25318],[-122.40547,48.25198]]]]},"properties":{"GEOID":"53061","NAME":"Snohomish"}},{"type":"Feature","geometry":{"type":"Polygon","coordinates":[[[-118.22863,46.59336],[-118.23268,46.59482],[-118.23719,46.59706],[-118.24071,46.59933],[-118.24426,46.60073],[-118.25108,46.60116],[-118.25775,46.59964],[-118.26213,46.59812],[-118.26842,46.59555],[-118.27386,46.59382],[-118.27863,46.59324],[-118.28339,46.59371],[-118.28717,46.59493],[-118.29938,46.60145],[-118.30182,46.60323],[-118.30568,46.60548],[-118.30921,46.60642],[-118.31408,46.60672],[-118.32254,46.60681],[-118.32639,46.60631],[-118.33759,46.60349],[-118.35267,46.6001],[-118.35691,46.59947],[-118.36172,46.59801],[-118.36624,46.59589],[-118.37268,46.59214],[-118.37609,46.58969],[-118.37923,46.58788],[-118.38239,46.58492],[-118.38565,46.58256],[-118.38973,46.5806],[-118.39757,46.58045],[-118.40442,46.58084],[-118.40937,46.58133],[-118.41528,46.58206],[-118.42318,46.58374],[-118.44456,46.5925],[-118.45264,46.59697],[-118.46236,46.59865],[-118.46734,46.59858],[-118.47165,46.59726],[-118.47593,46.59514],[-118.47949,46.59221],[-118.48438,46.58523],[-118.48673,46.58312],[-118.49115,46.58011],[-118.49652,46.57553],[-118.50109,46.57388],[-118.51449,46.57148],[-118.52141,46.56965],[-118.52799,46.56766],[-118.53,46.56558],[-118.53408,46.56372],[-118.53735,46.56148],[-118.5446,46.55786],[-118.54801,46.55593],[-118.55151,46.5524],[-118.55449,46.54724],[-118.56028,46.53922],[-118.5654,46.53496],[-118.57009,46.53362],[-118.58209,46.53111],[-118.58821,46.5287],[-118.59241,46.52586],[-118.59683,46.52063],[-118.60468,46.51411],[-118.61471,46.50528],[-118.61793,46.50116],[-118.6199,46.49503],[-118.62067,46.48855],[-118.62013,46.48551],[-118.61865,46.48055],[-118.61836,46.47861],[-118.61899,46.47436],[-118.62031,46.47172],[-118.62228,46.46899],[-118.62421,46.46542],[-118.63039,46.45677],[-118.63195,46.45432],[-118.63244,46.45151],[-118.63113,46.44794],[-118.63184,46.44607],[-118.63489,46.4414],[-118.63663,46.43812],[-118.63803,46.43342],[-118.6377,46.43031],[-118.63679,46.42733],[-118.63563,46.42551],[-118.63416,46.42197],[-118.63385,46.41881],[-118.63383,46.41402],[-118.63441,46.41259],[-118.63739,46.41068],[-118.6449,46.40842],[-118.64754,46.40791],[-118.65519,46.40574],[-118.65813,46.40437],[-118.66078,46.40251],[-118.66242,46.40038],[-118.66535,46.39434],[-118.66753,46.39098],[-118.67002,46.3881],[-118.67454,46.38525],[-118.67873,46.38392],[-118.68619,46.3827],[-118.69117,46.3811],[-118.69441,46.3782],[-118.69535,46.37599],[-118.6971,46.3633],[-118.69809,46.36194],[-118.7009,46.36004],[-118.7049,46.35959],[-118.71199,46.36052],[-118.72087,46.36128],[-118.7338,46.36061],[-118.74243,46.36085],[-118.7462,46.35951],[-118.75039,46.35259],[-118.75166,46.35121],[-118.7574,46.34333],[-118.75884,46.33989],[-118.75943,46.33714],[-118.76039,46.3284],[-118.76186,46.32551],[-118.76425,46.32345],[-118.7672,46.32168],[-118.7724,46.31907],[-118.77374,46.31805],[-118.77462,46.31524],[-118.77432,46.31314],[-118.77338,46.31233],[-118.76872,46.30774],[-118.76735,46.30569],[-118.76662,46.30358],[-118.7669,46.29792],[-118.76861,46.29479],[-118.77304,46.29184],[-118.77723,46.29018],[-118.78085,46.28946],[-118.78505,46.28945],[-118.79351,46.29057],[-118.79886,46.29081],[-118.80935,46.28943],[-118.81575,46.28795],[-118.82126,46.28601],[-118.82567,46.28412],[-118.83007,46.28163],[-118.83132,46.27965],[-118.83209,46.27629],[-118.83507,46.27268],[-118.84304,46.26948],[-118.84641,46.26768],[-118.84829,46.26582],[-118.85068,46.25981],[-118.8546,46.25621],[-118.86073,46.25246],[-118.86346,46.25139],[-118.8683,46.25054],[-118.87568,46.25028],[-118.88289,46.24986],[-118.92118,46.24298],[-118.951,46.23933],[-118.96041,46.23893],[-118.96985,46.23886],[-118.97283,46.23871],[-118.97649,46.23755],[-118.98342,46.23288],[-118.9903,46.22927],[-118.99347,46.22797],[-119.00117,46.22542],[-119.00638,46.22236],[-119.01012,46.22074],[-119.01647,46.21853],[-119.02121,46.21747],[-119.02345,46.21662],[-119.03196,46.20738],[-119.03722,46.19806],[-119.03992,46.19626],[-119.0415,46.19267],[-119.02756,46.1851],[-119.01751,46.17861],[-119.01421,46.1762],[-119.00959,46.17123],[-119.00485,46.16716],[-119.00051,46.16405],[-118.99502,46.15943],[-118.98461,46.14914],[-118.98104,46.14656],[-118.97944,46.14444],[-118.97411,46.13879],[-118.96805,46.13083],[-118.9668,46.12754],[-118.96663,46.12508],[-118.96711,46.1228],[-118.96901,46.11882],[-118.96784,46.1156],[-118.96407,46.11037],[-118.96259,46.10788],[-118.96103,46.10403],[-118.95807,46.09894],[-118.95067,46.08936],[-118.9465,46.08288],[-118.94298,46.07639],[-118.9423,46.07442],[-118.9417,46.06807],[-118.94195,46.06533],[-118.94282,46.06263],[-118.94563,46.05577],[-118.94719,46.05144],[-118.94774,46.04754],[-118.94705,46.04363],[-118.9441,46.03863],[-118.94121,46.03002],[-118.94166,46.02698],[-118.94417,46.02566],[-118.95267,46.02329],[-118.95901,46.02077],[-118.9617,46.01933],[-118.98255,46.00355],[-118.98385,46.00247],[-118.98726,45.99986],[-118.9872,45.99979],[-118.98713,45.99986],[-118.97779,46],[-118.94124,46.00057],[-118.86813,46.00067],[-118.78869,46.00078],[-118.78577,46.00079],[-118.72524,46.00087],[-118.67787,46.00094],[-118.65872,46.00096],[-118.63933,46.00099],[-118.63773,46.00097],[-118.60679,46.00089],[-118.5905,46.00085],[-118.57991,46.00082],[-118.57571,46.00072],[-118.56939,46.00077],[-118.5549,46.0008],[-118.53712,46.00084],[-118.49703,46.00062],[-118.47076,46.00063],[-118.42403,46.0006],[-118.40382,46.00059],[-118.40379,46.00059],[-118.3873,46.00058],[-118.38729,46.00058],[-118.37836,46.00057],[-118.36779,46.00062],[-118.36717,46.00062],[-118.34049,46.00053],[-118.31498,46.00045],[-118.28353,46.00079],[-118.25637,46.00044],[-118.25253,46.00046],[-118.23667,46.00042],[-118.23658,46.00042],[-118.22894,46.00042],[-118.14603,46.0007],[-118.13102,46.00028],[-118.1262,46.00028],[-117.99695,46.00079],[-117.99649,46.00597],[-117.9955,46.01289],[-117.99311,46.01972],[-117.99346,46.02682],[-117.99311,46.03379],[-117.99215,46.03827],[-117.99215,46.04143],[-117.99324,46.06274],[-117.99327,46.06356],[-117.99268,46.07064],[-117.99291,46.07752],[-117.99254,46.08458],[-117.99238,46.12758],[-117.99148,46.2077],[-118.04362,46.2079],[-118.11662,46.20805],[-118.11676,46.2502],[-118.11636,46.27925],[-118.11634,46.28082],[-118.11626,46.28554],[-118.11612,46.29546],[-118.13733,46.29543],[-118.18483,46.29551],[-118.24185,46.29506],[-118.2418,46.33124],[-118.24179,46.33847],[-118.24177,46.33862],[-118.2417,46.36746],[-118.24167,46.41096],[-118.24183,46.45495],[-118.24125,46.46962],[-118.24138,46.47697],[-118.24264,46.55975],[-118.24152,46.56042],[-118.22801,46.56041],[-118.22863,46.59336]]]},"properties":{"GEOID":"53071","NAME":"Walla Walla"}},{"type":"Feature","geometry":{"type":"MultiPolygon","coordinates":[[[[-122.59335,48.65142],[-122.59287,48.65],[-122.58525,48.64952],[-122.58192,48.64809],[-122.58382,48.64524],[-122.58002,48.64476],[-122.57764,48.64762],[-122.58382,48.65999],[-122.58668,48.66046],[-122.58716,48.65523],[-122.59335,48.65142]]],[[[-122.65045,48.7123],[-122.64498,48.70697],[-122.64118,48.70524],[-122.63024,48.69693],[-122.6224,48.69395],[-122.61598,48.69395],[-122.60957,48.69677],[-122.60591,48.69973],[-122.60648,48.70316],[-122.60856,48.70811],[-122.61123,48.71402],[-122.61412,48.71511],[-122.61527,48.7134],[-122.61741,48.70995],[-122.61646,48.70775],[-122.62002,48.70681],[-122.62406,48.70697],[-122.62739,48.70854],[-122.63191,48.71057],[-122.63737,48.71073],[-122.64118,48.70885],[-122.65045,48.7123]]],[[[-122.72226,48.73162],[-122.72019,48.72801],[-122.72198,48.72338],[-122.72115,48.72164],[-122.71834,48.72045],[-122.71883,48.71682],[-122.71355,48.71625],[-122.70939,48.71692],[-122.70222,48.717],[-122.69936,48.71586],[-122.69994,48.71367],[-122.69179,48.7115],[-122.68707,48.70487],[-122.68515,48.69803],[-122.68348,48.69552],[-122.67869,48.69085],[-122.6785,48.68789],[-122.67354,48.68081],[-122.66772,48.67842],[-122.6656,48.67563],[-122.6577,48.67048],[-122.65455,48.66643],[-122.64949,48.66491],[-122.64838,48.66175],[-122.6353,48.65185],[-122.63113,48.65084],[-122.62134,48.64908],[-122.61696,48.64556],[-122.60857,48.64045],[-122.60875,48.64436],[-122.61005,48.65048],[-122.61233,48.65459],[-122.61337,48.65848],[-122.61738,48.66806],[-122.61822,48.67072],[-122.62351,48.67364],[-122.6247,48.67672],[-122.62713,48.67897],[-122.63153,48.68103],[-122.635,48.68485],[-122.6449,48.69139],[-122.65187,48.69426],[-122.65758,48.69473],[-122.65972,48.69708],[-122.66518,48.6974],[-122.66741,48.70406],[-122.66895,48.70664],[-122.66803,48.70869],[-122.67737,48.71339],[-122.68111,48.71638],[-122.68024,48.71948],[-122.68167,48.7238],[-122.68396,48.72688],[-122.69024,48.73083],[-122.68752,48.73472],[-122.69374,48.73549],[-122.69537,48.73739],[-122.70306,48.7436],[-122.71082,48.74757],[-122.71571,48.74867],[-122.71543,48.74662],[-122.71882,48.74058],[-122.72226,48.73162]]],[[[-120.85156,49.00028],[-120.97895,49.00037],[-121.05997,49.00062],[-121.12624,49.00141],[-121.2299,49.00116],[-121.24895,49.00093],[-121.25124,49.00017],[-121.25693,49.00009],[-121.34529,49.00084],[-121.39554,48.99985],[-121.43387,48.99959],[-121.75125,48.9974],[-121.94947,49.00011],[-121.97153,49.00041],[-121.98862,49.00065],[-122.07043,49.00176],[-122.09836,49.00215],[-122.13664,49.00223],[-122.13694,49.00223],[-122.14494,49.00225],[-122.25106,49.00249],[-122.25118,49.00249],[-122.28564,49.00244],[-122.29114,49.00243],[-122.36316,49.00231],[-122.40599,49.00224],[-122.40782,49.00219],[-122.41874,49.0022],[-122.46281,49.00222],[-122.55071,49.00226],[-122.60558,49.00229],[-122.65576,49.00231],[-122.70541,49.00233],[-122.7242,49.00234],[-122.73567,49.00235],[-122.7383,49.00235],[-122.74392,49.00235],[-122.75802,49.00236],[-122.75604,48.99951],[-122.75444,48.99725],[-122.75962,48.99574],[-122.76631,48.99167],[-122.76857,48.99149],[-122.77428,48.99104],[-122.79689,48.97503],[-122.79721,48.97228],[-122.80033,48.96946],[-122.80815,48.96242],[-122.81723,48.95597],[-122.81896,48.9523],[-122.82197,48.94596],[-122.82246,48.94491],[-122.82163,48.94137],[-122.81823,48.93906],[-122.79316,48.9323],[-122.78754,48.9317],[-122.77043,48.94253],[-122.7661,48.94196],[-122.7646,48.94149],[-122.75562,48.93866],[-122.7492,48.93482],[-122.7486,48.93388],[-122.7466,48.93073],[-122.74538,48.92128],[-122.74537,48.92123],[-122.74654,48.91815],[-122.74751,48.91558],[-122.75129,48.91124],[-122.75639,48.90863],[-122.76489,48.90686],[-122.76983,48.90482],[-122.77102,48.90363],[-122.77605,48.89858],[-122.78375,48.89464],[-122.79258,48.89473],[-122.79317,48.89293],[-122.78566,48.88507],[-122.76667,48.87458],[-122.7653,48.87382],[-122.75636,48.86937],[-122.75633,48.86935],[-122.7473,48.86154],[-122.72823,48.8553],[-122.72648,48.85453],[-122.72269,48.85286],[-122.71707,48.84719],[-122.71374,48.83946],[-122.71181,48.83241],[-122.70947,48.81949],[-122.70917,48.81783],[-122.7112,48.79146],[-122.71027,48.78702],[-122.7081,48.78642],[-122.70611,48.78638],[-122.70171,48.78733],[-122.70071,48.78805],[-122.69969,48.7897],[-122.7015,48.79036],[-122.70358,48.79185],[-122.70448,48.79536],[-122.70412,48.79644],[-122.7062,48.79912],[-122.70683,48.80234],[-122.70403,48.80383],[-122.70032,48.80478],[-122.69842,48.80377],[-122.69589,48.80305],[-122.69607,48.8024],[-122.69408,48.80073],[-122.69118,48.80097],[-122.68843,48.80141],[-122.68557,48.80228],[-122.68304,48.80329],[-122.68025,48.80275],[-122.67942,48.8021],[-122.67625,48.80073],[-122.67461,48.79737],[-122.67334,48.79645],[-122.66754,48.79222],[-122.66657,48.78958],[-122.66636,48.78941],[-122.66531,48.78857],[-122.66226,48.78971],[-122.65753,48.78845],[-122.65454,48.78618],[-122.64884,48.78565],[-122.64678,48.78501],[-122.64574,48.78154],[-122.64596,48.78057],[-122.64676,48.77963],[-122.64884,48.77957],[-122.64762,48.77855],[-122.64744,48.774],[-122.65013,48.76964],[-122.65433,48.76632],[-122.66111,48.75396],[-122.66695,48.74845],[-122.67481,48.73739],[-122.67347,48.73308],[-122.67053,48.73159],[-122.66506,48.7319],[-122.66204,48.72804],[-122.65817,48.72061],[-122.65187,48.71591],[-122.64736,48.71763],[-122.64569,48.7239],[-122.63808,48.73249],[-122.63715,48.73571],[-122.62781,48.74466],[-122.61009,48.75687],[-122.60814,48.76277],[-122.60084,48.76618],[-122.59554,48.76716],[-122.59103,48.77092],[-122.58625,48.7726],[-122.58081,48.77108],[-122.5724,48.77368],[-122.56916,48.77468],[-122.5635,48.77853],[-122.55334,48.77765],[-122.5358,48.77613],[-122.53035,48.7706],[-122.5282,48.76843],[-122.51415,48.7632],[-122.51449,48.76089],[-122.51331,48.75881],[-122.5126,48.75756],[-122.51235,48.75713],[-122.50641,48.75463],[-122.49755,48.75335],[-122.49709,48.75328],[-122.49453,48.75337],[-122.49385,48.753],[-122.4904,48.75113],[-122.49045,48.7492],[-122.49049,48.74789],[-122.49439,48.74561],[-122.49453,48.74554],[-122.4912,48.7424],[-122.49559,48.73863],[-122.49973,48.73284],[-122.50208,48.73258],[-122.50261,48.73253],[-122.50506,48.7294],[-122.50613,48.72805],[-122.5058,48.72544],[-122.50568,48.72452],[-122.5076,48.72171],[-122.50813,48.72178],[-122.50842,48.72182],[-122.5133,48.72249],[-122.51551,48.72099],[-122.51632,48.72016],[-122.51925,48.71716],[-122.5192,48.71476],[-122.51917,48.7131],[-122.51623,48.70834],[-122.51432,48.70421],[-122.5156,48.70154],[-122.51304,48.69708],[-122.50718,48.68992],[-122.50457,48.68899],[-122.50451,48.69144],[-122.50689,48.69536],[-122.50808,48.69881],[-122.50427,48.70069],[-122.49999,48.70273],[-122.49738,48.70069],[-122.49879,48.6986],[-122.49928,48.69787],[-122.49788,48.69578],[-122.49643,48.69363],[-122.4912,48.68359],[-122.49073,48.67622],[-122.49025,48.67119],[-122.49405,48.67025],[-122.49786,48.66742],[-122.50332,48.6657],[-122.50926,48.66915],[-122.51145,48.66782],[-122.50994,48.66437],[-122.50349,48.65667],[-122.50031,48.65616],[-122.49399,48.6516],[-122.48879,48.6454],[-122.46521,48.64534],[-122.37921,48.64512],[-122.37844,48.64519],[-122.3764,48.64518],[-122.35203,48.64511],[-122.34047,48.6452],[-122.32699,48.64539],[-122.32333,48.64535],[-122.26932,48.64526],[-122.26254,48.64554],[-122.25869,48.6457],[-122.21725,48.64569],[-122.21584,48.64569],[-122.21032,48.64569],[-122.16194,48.64557],[-122.16038,48.64536],[-122.12121,48.64537],[-122.09468,48.64521],[-121.99447,48.64501],[-121.98354,48.64478],[-121.9648,48.64432],[-121.94222,48.64477],[-121.92022,48.64472],[-121.73838,48.64356],[-121.72972,48.64348],[-121.68846,48.64312],[-120.90836,48.6409],[-120.90836,48.657],[-120.7519,48.657],[-120.74978,48.65927],[-120.74503,48.65996],[-120.74438,48.66096],[-120.73819,48.66268],[-120.73308,48.66619],[-120.73059,48.66604],[-120.72564,48.66442],[-120.72078,48.6639],[-120.71733,48.66453],[-120.71766,48.67005],[-120.71864,48.67159],[-120.71866,48.67449],[-120.71637,48.67674],[-120.71325,48.6823],[-120.71316,48.68481],[-120.71199,48.68787],[-120.70842,48.69128],[-120.70339,48.69692],[-120.70123,48.69738],[-120.69546,48.69665],[-120.68885,48.69499],[-120.68418,48.69421],[-120.67997,48.6943],[-120.67809,48.6962],[-120.67779,48.7014],[-120.68005,48.70395],[-120.68022,48.70812],[-120.68159,48.71065],[-120.68116,48.71248],[-120.6782,48.71783],[-120.6771,48.71863],[-120.67072,48.72059],[-120.66458,48.72089],[-120.65977,48.7196],[-120.65777,48.72131],[-120.65586,48.72434],[-120.65598,48.7249],[-120.66122,48.72734],[-120.66244,48.72966],[-120.66428,48.73139],[-120.66792,48.73362],[-120.67338,48.73322],[-120.67663,48.73408],[-120.67816,48.73505],[-120.67786,48.7364],[-120.67865,48.7392],[-120.6804,48.74145],[-120.68303,48.74301],[-120.68873,48.7452],[-120.69148,48.74792],[-120.69173,48.74984],[-120.6906,48.752],[-120.69173,48.75505],[-120.69289,48.75639],[-120.69502,48.75623],[-120.69947,48.75729],[-120.70285,48.76151],[-120.70336,48.76362],[-120.70598,48.76569],[-120.70877,48.7691],[-120.70992,48.77181],[-120.7122,48.77231],[-120.71947,48.77289],[-120.72278,48.77256],[-120.72552,48.77339],[-120.73087,48.77953],[-120.73363,48.78312],[-120.73543,48.78649],[-120.73403,48.79249],[-120.73724,48.79583],[-120.73702,48.79773],[-120.73583,48.79907],[-120.73619,48.8015],[-120.73534,48.80376],[-120.73845,48.8066],[-120.73902,48.80828],[-120.74205,48.8113],[-120.74272,48.81593],[-120.74201,48.81781],[-120.7424,48.82207],[-120.73738,48.82567],[-120.73764,48.82836],[-120.73528,48.83144],[-120.73581,48.83484],[-120.7398,48.84138],[-120.73972,48.84391],[-120.73666,48.84447],[-120.73175,48.85328],[-120.73135,48.85501],[-120.73605,48.85817],[-120.73624,48.85953],[-120.73523,48.86244],[-120.73528,48.86437],[-120.73985,48.8647],[-120.74351,48.86635],[-120.74826,48.86685],[-120.75268,48.86941],[-120.75856,48.872],[-120.76234,48.87301],[-120.76424,48.87544],[-120.76695,48.87641],[-120.77022,48.88183],[-120.769,48.88425],[-120.76373,48.88779],[-120.76312,48.88854],[-120.76423,48.88934],[-120.76621,48.89316],[-120.76362,48.89705],[-120.7627,48.89952],[-120.76524,48.89983],[-120.77097,48.90429],[-120.77213,48.9067],[-120.77142,48.90833],[-120.76788,48.91143],[-120.76883,48.91329],[-120.77041,48.91436],[-120.77195,48.91668],[-120.7713,48.92015],[-120.77238,48.9242],[-120.77205,48.92651],[-120.77036,48.9274],[-120.7632,48.92856],[-120.75895,48.92967],[-120.75526,48.93224],[-120.75405,48.93626],[-120.75484,48.93959],[-120.75559,48.94184],[-120.75742,48.94432],[-120.76308,48.94847],[-120.76851,48.95449],[-120.76995,48.95533],[-120.77489,48.95679],[-120.77968,48.9574],[-120.78306,48.9572],[-120.78718,48.95773],[-120.79207,48.95941],[-120.79926,48.95933],[-120.8011,48.95872],[-120.80041,48.95596],[-120.80105,48.95363],[-120.80478,48.9521],[-120.80769,48.95181],[-120.81139,48.95068],[-120.8151,48.95064],[-120.81381,48.9472],[-120.81418,48.94596],[-120.81905,48.94432],[-120.82009,48.94114],[-120.82617,48.93892],[-120.8297,48.93815],[-120.83178,48.93828],[-120.83544,48.93931],[-120.83969,48.94777],[-120.8402,48.94998],[-120.84348,48.95142],[-120.84898,48.95591],[-120.85182,48.95583],[-120.85686,48.95669],[-120.8599,48.958],[-120.86159,48.96022],[-120.86778,48.96167],[-120.87094,48.96181],[-120.87338,48.96273],[-120.88075,48.96666],[-120.88258,48.96852],[-120.88067,48.97166],[-120.88194,48.97368],[-120.88564,48.97521],[-120.88206,48.97795],[-120.87849,48.97815],[-120.87756,48.9787],[-120.87374,48.97865],[-120.86566,48.97983],[-120.86226,48.98223],[-120.86136,48.98464],[-120.85826,48.98637],[-120.85426,48.99014],[-120.85122,48.99383],[-120.85285,48.9947],[-120.85525,48.99772],[-120.85156,49.00028]]],[[[-123.09055,49.00198],[-123.08858,48.99802],[-123.08854,48.99686],[-123.08787,48.99515],[-123.08788,48.99373],[-123.08724,48.99113],[-123.08621,48.98978],[-123.0845,48.98654],[-123.08356,48.98224],[-123.08357,48.97982],[-123.08383,48.97614],[-123.08444,48.97433],[-123.08445,48.97236],[-123.08401,48.97146],[-123.08244,48.97137],[-123.0805,48.97173],[-123.072,48.97388],[-123.06405,48.97482],[-123.06393,48.97483],[-123.0623,48.97511],[-123.06072,48.97539],[-123.05685,48.97534],[-123.04412,48.97723],[-123.04097,48.97731],[-123.03538,48.97594],[-123.03415,48.97534],[-123.03141,48.97455],[-123.02809,48.97394],[-123.02652,48.97414],[-123.02199,48.97647],[-123.02146,48.9773],[-123.02222,48.97858],[-123.0244,48.97926],[-123.02516,48.97977],[-123.0251,48.98212],[-123.0246,48.9829],[-123.02461,48.98402],[-123.02575,48.98581],[-123.02741,48.98747],[-123.02875,48.99083],[-123.03346,48.99759],[-123.03401,48.9989],[-123.03404,48.99898],[-123.03536,49.00209],[-123.03539,49.00215],[-123.09055,49.00198]]]]},"properties":{"GEOID":"53073","NAME":"Whatcom"}},{"type":"Feature","geometry":{"type":"Polygon","coordinates":[[[-121.37996,47.08725],[-121.38331,47.0848],[-121.38262,47.08219],[-121.37973,47.07856],[-121.37981,47.07683],[-121.37887,47.07563],[-121.37539,47.07328],[-121.37584,47.07088],[-121.37512,47.06859],[-121.37526,47.06709],[-121.37677,47.06383],[-121.37663,47.06153],[-121.37411,47.05701],[-121.37647,47.05485],[-121.37931,47.05387],[-121.37904,47.05253],[-121.38107,47.05037],[-121.38296,47.0496],[-121.38585,47.04922],[-121.38652,47.04851],[-121.38634,47.0461],[-121.39263,47.04098],[-121.39702,47.03557],[-121.39882,47.03477],[-121.3998,47.03346],[-121.39959,47.03179],[-121.39658,47.02894],[-121.39709,47.02625],[-121.39474,47.02327],[-121.39615,47.01941],[-121.39715,47.0183],[-121.40172,47.01536],[-121.40376,47.01498],[-121.40619,47.01218],[-121.40616,47.00902],[-121.40782,47.00567],[-121.4094,47.00406],[-121.4093,47.00285],[-121.40666,47.00075],[-121.40646,46.99874],[-121.40912,46.99519],[-121.4135,46.99518],[-121.41925,46.99191],[-121.42012,46.98927],[-121.42091,46.98858],[-121.42704,46.98808],[-121.43132,46.98641],[-121.43361,46.9848],[-121.43812,46.98401],[-121.44199,46.98228],[-121.44323,46.98065],[-121.44584,46.98022],[-121.44617,46.97834],[-121.4438,46.97466],[-121.44194,46.97375],[-121.4429,46.97228],[-121.44419,46.97205],[-121.44529,46.97069],[-121.44823,46.96965],[-121.45247,46.96693],[-121.45508,46.96478],[-121.45757,46.96424],[-121.45838,46.96057],[-121.45809,46.95964],[-121.45573,46.95799],[-121.45324,46.95699],[-121.45263,46.95571],[-121.45359,46.95373],[-121.45324,46.95164],[-121.45035,46.94835],[-121.45237,46.94529],[-121.45188,46.94374],[-121.45225,46.9413],[-121.45052,46.93885],[-121.44946,46.93435],[-121.45057,46.93284],[-121.45468,46.92902],[-121.45701,46.92798],[-121.45637,46.9241],[-121.45683,46.92315],[-121.46028,46.92146],[-121.46438,46.92077],[-121.46591,46.92017],[-121.46798,46.91789],[-121.47017,46.91769],[-121.47369,46.91524],[-121.47538,46.91327],[-121.47824,46.91348],[-121.48089,46.91263],[-121.48495,46.91284],[-121.48813,46.91186],[-121.48965,46.91001],[-121.4917,46.90911],[-121.4942,46.90876],[-121.49699,46.90834],[-121.49777,46.90739],[-121.50284,46.90127],[-121.51044,46.89661],[-121.51425,46.89099],[-121.51326,46.88481],[-121.52028,46.87918],[-121.52307,46.87278],[-121.51517,46.87097],[-121.50753,46.8648],[-121.49735,46.86287],[-121.49554,46.85491],[-121.4909,46.84785],[-121.48543,46.84101],[-121.4842,46.83427],[-121.4747,46.8314],[-121.47119,46.82713],[-121.47017,46.8264],[-121.47089,46.82397],[-121.47242,46.82317],[-121.47144,46.8219],[-121.47438,46.82039],[-121.47183,46.81834],[-121.46965,46.81783],[-121.46458,46.81475],[-121.46344,46.81327],[-121.46074,46.81197],[-121.45819,46.81198],[-121.457,46.81071],[-121.45819,46.80781],[-121.45666,46.80682],[-121.45681,46.80549],[-121.45502,46.80205],[-121.45061,46.80058],[-121.44932,46.79749],[-121.44417,46.79486],[-121.44253,46.79299],[-121.44599,46.79195],[-121.44846,46.79185],[-121.45044,46.7899],[-121.45383,46.78818],[-121.45556,46.78588],[-121.45522,46.7838],[-121.45503,46.7806],[-121.45251,46.77668],[-121.44963,46.77384],[-121.44777,46.77311],[-121.44757,46.76993],[-121.44681,46.76775],[-121.44541,46.7682],[-121.4432,46.76762],[-121.44058,46.76525],[-121.43864,46.76256],[-121.43846,46.7612],[-121.44214,46.75943],[-121.44151,46.75826],[-121.43366,46.75921],[-121.43166,46.75901],[-121.43064,46.75815],[-121.42866,46.75818],[-121.42529,46.75743],[-121.42428,46.75663],[-121.42494,46.75384],[-121.42383,46.75233],[-121.42617,46.74945],[-121.42643,46.74802],[-121.42892,46.74618],[-121.43051,46.74388],[-121.43117,46.74189],[-121.43073,46.74061],[-121.42897,46.73922],[-121.42138,46.73801],[-121.41711,46.73621],[-121.41243,46.73556],[-121.40986,46.73277],[-121.4092,46.73022],[-121.40803,46.72826],[-121.40601,46.72739],[-121.40232,46.72824],[-121.40006,46.72731],[-121.39487,46.72686],[-121.39281,46.72764],[-121.38702,46.72725],[-121.38333,46.72849],[-121.38133,46.72843],[-121.37909,46.7272],[-121.37449,46.72726],[-121.36884,46.72617],[-121.36517,46.72377],[-121.36336,46.72298],[-121.35962,46.71798],[-121.35828,46.71676],[-121.35474,46.7153],[-121.35318,46.71195],[-121.35432,46.71128],[-121.35813,46.71218],[-121.35997,46.71193],[-121.36247,46.71079],[-121.3687,46.70888],[-121.36929,46.70685],[-121.37343,46.70617],[-121.37587,46.70528],[-121.37978,46.70176],[-121.38023,46.70094],[-121.3802,46.69917],[-121.37823,46.69627],[-121.37449,46.69287],[-121.37504,46.68886],[-121.37668,46.68649],[-121.37867,46.68595],[-121.38319,46.68596],[-121.38669,46.68726],[-121.38941,46.68694],[-121.39196,46.68742],[-121.39519,46.68723],[-121.39895,46.68808],[-121.40109,46.68584],[-121.40366,46.68457],[-121.40881,46.68348],[-121.40835,46.6828],[-121.4089,46.68056],[-121.41147,46.67733],[-121.41322,46.67587],[-121.41316,46.6745],[-121.41177,46.67241],[-121.41228,46.66842],[-121.41153,46.66564],[-121.41464,46.66312],[-121.41647,46.65952],[-121.41679,46.65502],[-121.41652,46.65192],[-121.41374,46.64871],[-121.41193,46.64821],[-121.40833,46.64844],[-121.40496,46.64741],[-121.40289,46.64729],[-121.40073,46.64614],[-121.39603,46.64642],[-121.39525,46.6457],[-121.39711,46.64354],[-121.39798,46.64179],[-121.39614,46.64018],[-121.39072,46.63959],[-121.38756,46.63753],[-121.38638,46.63604],[-121.38723,46.63316],[-121.38886,46.63093],[-121.3896,46.62874],[-121.38918,46.62565],[-121.38815,46.62482],[-121.38682,46.62083],[-121.38831,46.61794],[-121.38962,46.61671],[-121.39594,46.61452],[-121.39648,46.61323],[-121.39968,46.61189],[-121.40099,46.60934],[-121.40071,46.60664],[-121.40351,46.60639],[-121.40552,46.60526],[-121.40713,46.60286],[-121.40759,46.60148],[-121.40481,46.59825],[-121.40474,46.59719],[-121.40232,46.59426],[-121.40274,46.58842],[-121.4052,46.58504],[-121.40571,46.58234],[-121.40859,46.58096],[-121.41157,46.5809],[-121.41299,46.57863],[-121.41465,46.57651],[-121.41721,46.57583],[-121.41926,46.57655],[-121.42222,46.57253],[-121.4246,46.57001],[-121.42315,46.56928],[-121.42148,46.56682],[-121.42146,46.56518],[-121.41597,46.56069],[-121.41447,46.5603],[-121.41271,46.55867],[-121.41647,46.55538],[-121.4194,46.55413],[-121.42083,46.55126],[-121.41721,46.54926],[-121.41665,46.54824],[-121.41984,46.54475],[-121.42687,46.54123],[-121.42744,46.54],[-121.43008,46.53916],[-121.43393,46.53933],[-121.44011,46.53601],[-121.44617,46.5353],[-121.45097,46.53389],[-121.45061,46.53064],[-121.45236,46.52919],[-121.45259,46.52573],[-121.45463,46.52408],[-121.45457,46.52041],[-121.45598,46.51673],[-121.45563,46.51327],[-121.45232,46.51044],[-121.45171,46.50902],[-121.45256,46.50656],[-121.45107,46.50597],[-121.45014,46.50353],[-121.44687,46.50253],[-121.44449,46.50092],[-121.43856,46.49995],[-121.43322,46.49837],[-121.42998,46.49839],[-121.4273,46.49699],[-121.42638,46.49496],[-121.42324,46.49274],[-121.42339,46.49142],[-121.42851,46.48956],[-121.42987,46.48768],[-121.4318,46.48666],[-121.43198,46.48501],[-121.43508,46.48222],[-121.43514,46.4804],[-121.43657,46.47821],[-121.43586,46.47591],[-121.43442,46.47435],[-121.42974,46.47099],[-121.42773,46.46801],[-121.42615,46.46684],[-121.42537,46.46409],[-121.41915,46.46258],[-121.41558,46.4598],[-121.41238,46.45981],[-121.41329,46.45689],[-121.41482,46.45508],[-121.41464,46.45142],[-121.4136,46.45066],[-121.41232,46.44699],[-121.41071,46.44612],[-121.41005,46.44186],[-121.40805,46.43878],[-121.40768,46.4346],[-121.40822,46.43331],[-121.4073,46.4299],[-121.40471,46.42911],[-121.40203,46.42477],[-121.39678,46.42254],[-121.39319,46.41719],[-121.39087,46.41615],[-121.39032,46.4148],[-121.38656,46.4106],[-121.38735,46.40853],[-121.39087,46.40499],[-121.38857,46.40193],[-121.38994,46.40144],[-121.39172,46.39716],[-121.39151,46.39528],[-121.39298,46.39424],[-121.39386,46.39077],[-121.39386,46.39054],[-121.39373,46.3902],[-121.39376,46.39004],[-121.39467,46.38943],[-121.39549,46.38892],[-121.39575,46.38877],[-121.39612,46.38863],[-121.39655,46.38823],[-121.39982,46.38863],[-121.40267,46.38804],[-121.44571,46.38802],[-121.44723,46.38473],[-121.44911,46.38489],[-121.45363,46.38661],[-121.45654,46.38863],[-121.45944,46.38847],[-121.48672,46.38812],[-121.52232,46.38822],[-121.52232,46.04401],[-121.42719,46.04435],[-121.42553,46.0444],[-121.41688,46.04468],[-121.25572,46.04489],[-121.24995,46.04464],[-121.23726,46.04471],[-121.11172,46.04421],[-121.0912,46.04294],[-121.06871,46.04217],[-121.04958,46.04287],[-120.94587,46.04237],[-120.93632,46.04209],[-120.61429,46.04096],[-120.59296,46.04076],[-120.57421,46.0415],[-120.48995,46.04174],[-120.47983,46.0415],[-120.44933,46.04148],[-120.43881,46.04106],[-120.42833,46.04017],[-120.36642,46.04163],[-120.34025,46.04142],[-120.33107,46.04149],[-120.1522,46.04144],[-120.14646,46.04118],[-120.1136,46.04166],[-120.03153,46.04107],[-119.99005,46.04097],[-119.86583,46.04086],[-119.8656,46.12715],[-119.86665,46.19473],[-119.86666,46.19537],[-119.86654,46.21458],[-119.87356,46.21461],[-119.87344,46.25104],[-119.87345,46.26388],[-119.87359,46.273],[-119.87369,46.30209],[-119.87364,46.3022],[-119.87359,46.31684],[-119.87448,46.51776],[-119.8742,46.534],[-119.87422,46.56276],[-119.87672,46.56273],[-119.87508,46.57728],[-119.87434,46.62837],[-119.87404,46.62828],[-119.87615,46.62934],[-119.88155,46.63063],[-119.89477,46.63233],[-119.89758,46.63327],[-119.90148,46.6356],[-119.90532,46.63934],[-119.9104,46.64467],[-119.91242,46.64691],[-119.91449,46.64973],[-119.91465,46.65016],[-119.91581,46.6535],[-119.9173,46.65542],[-119.91983,46.65763],[-119.92154,46.65871],[-119.93046,46.66255],[-119.93309,46.66456],[-119.93855,46.66933],[-119.94422,46.67324],[-119.94644,46.67594],[-119.94786,46.67886],[-119.94901,46.6822],[-119.95221,46.68683],[-119.95415,46.69024],[-119.95675,46.69352],[-119.96298,46.70482],[-119.96379,46.70602],[-119.9687,46.71443],[-119.97271,46.72324],[-119.97361,46.72945],[-119.97304,46.73713],[-119.98006,46.73703],[-120.00152,46.73752],[-120.38217,46.73753],[-120.38564,46.73754],[-120.44894,46.73758],[-120.45045,46.73759],[-120.51,46.73795],[-120.5086,46.78095],[-120.50861,46.82486],[-120.61839,46.82581],[-120.62515,46.82579],[-120.63398,46.82578],[-120.63389,46.86934],[-120.63337,46.90553],[-120.63456,46.91213],[-120.65561,46.91175],[-120.79732,46.91133],[-120.80505,46.91129],[-120.81429,46.91097],[-121.00789,46.91127],[-121.02662,46.91131],[-121.02659,46.91493],[-121.03187,46.91489],[-121.03186,46.91853],[-121.03716,46.91857],[-121.03717,46.92215],[-121.04244,46.92214],[-121.04246,46.93302],[-121.05299,46.93303],[-121.05297,46.93667],[-121.05826,46.93669],[-121.05826,46.9439],[-121.06354,46.94396],[-121.06354,46.94753],[-121.06881,46.94758],[-121.06878,46.9513],[-121.06885,46.95847],[-121.07411,46.95843],[-121.07416,46.96202],[-121.07941,46.96207],[-121.0794,46.96563],[-121.08475,46.96572],[-121.0847,46.96926],[-121.08996,46.9693],[-121.09005,46.99101],[-121.10122,46.99114],[-121.10155,46.99272],[-121.10441,46.99521],[-121.10596,46.99573],[-121.11186,46.99515],[-121.11461,46.99729],[-121.12082,46.99821],[-121.122,46.99922],[-121.12348,46.99897],[-121.12371,47.00006],[-121.12241,47.00175],[-121.12284,47.00324],[-121.12689,47.00505],[-121.127,47.00691],[-121.12892,47.00917],[-121.1311,47.00964],[-121.13319,47.01192],[-121.13403,47.01533],[-121.13576,47.01723],[-121.13884,47.01868],[-121.1405,47.0187],[-121.14228,47.02001],[-121.14322,47.02199],[-121.14754,47.02339],[-121.14792,47.0249],[-121.15186,47.02687],[-121.15345,47.02651],[-121.15925,47.0291],[-121.16048,47.03148],[-121.16359,47.0332],[-121.16557,47.0355],[-121.16851,47.03567],[-121.17219,47.03782],[-121.17381,47.03809],[-121.17898,47.04005],[-121.17885,47.04163],[-121.18113,47.0429],[-121.18173,47.04437],[-121.18549,47.04457],[-121.18928,47.04252],[-121.19086,47.0426],[-121.19435,47.044],[-121.19464,47.04562],[-121.19624,47.04685],[-121.19823,47.04751],[-121.20064,47.04919],[-121.19904,47.05019],[-121.2003,47.05081],[-121.20537,47.05095],[-121.20723,47.05276],[-121.21016,47.0535],[-121.21095,47.05521],[-121.21256,47.05557],[-121.215,47.05834],[-121.21497,47.06031],[-121.21815,47.06193],[-121.21812,47.06496],[-121.22241,47.06685],[-121.22448,47.06576],[-121.22881,47.06649],[-121.23038,47.06717],[-121.23203,47.06888],[-121.23391,47.06953],[-121.23773,47.07226],[-121.24036,47.07336],[-121.24481,47.07351],[-121.24828,47.07543],[-121.25183,47.07634],[-121.25511,47.0791],[-121.25638,47.07953],[-121.25652,47.08201],[-121.25926,47.08208],[-121.26101,47.0827],[-121.26406,47.08281],[-121.26831,47.08461],[-121.27205,47.08456],[-121.27406,47.08528],[-121.27629,47.08687],[-121.28072,47.08873],[-121.28429,47.08825],[-121.29079,47.08609],[-121.29431,47.08575],[-121.29673,47.08611],[-121.30137,47.08519],[-121.30443,47.08314],[-121.30658,47.08223],[-121.30875,47.07865],[-121.31126,47.07692],[-121.31737,47.07606],[-121.31847,47.07556],[-121.3219,47.0757],[-121.32624,47.07638],[-121.3278,47.07517],[-121.33567,47.07584],[-121.33793,47.0777],[-121.34133,47.07935],[-121.34242,47.07896],[-121.34714,47.07874],[-121.35155,47.07638],[-121.35628,47.07197],[-121.35924,47.07074],[-121.36314,47.07121],[-121.36626,47.0737],[-121.3661,47.07539],[-121.36723,47.07703],[-121.36985,47.0788],[-121.37627,47.08147],[-121.37819,47.0837],[-121.37968,47.0875],[-121.37996,47.08725]]]},"properties":{"GEOID":"53077","NAME":"Yakima"}},{"type":"Feature","geometry":{"type":"Polygon","coordinates":[[[-122.78551,45.85054],[-122.7857,45.84422],[-122.79596,45.82502],[-122.79573,45.81522],[-122.7956,45.81],[-122.77223,45.78362],[-122.77074,45.78195],[-122.77065,45.78184],[-122.76953,45.78058],[-122.76145,45.75916],[-122.76097,45.75037],[-122.76011,45.73441],[-122.76219,45.72858],[-122.77251,45.69964],[-122.77303,45.69462],[-122.77451,45.68044],[-122.76381,45.65714],[-122.76241,45.65643],[-122.74354,45.64689],[-122.73811,45.64414],[-122.71331,45.63744],[-122.69125,45.62488],[-122.69119,45.62484],[-122.69101,45.62474],[-122.67533,45.61817],[-122.67532,45.61817],[-122.67501,45.61804],[-122.64391,45.60974],[-122.63496,45.60928],[-122.60772,45.6079],[-122.60261,45.60764],[-122.58892,45.60525],[-122.58601,45.60474],[-122.58233,45.6041],[-122.58141,45.60394],[-122.55128,45.59744],[-122.54996,45.59716],[-122.54944,45.59705],[-122.54815,45.59677],[-122.54598,45.59614],[-122.52367,45.58963],[-122.50535,45.58593],[-122.49602,45.58404],[-122.49226,45.58328],[-122.47931,45.57976],[-122.47578,45.57865],[-122.47466,45.57831],[-122.47098,45.57636],[-122.4709,45.57632],[-122.45389,45.56731],[-122.44106,45.56417],[-122.43867,45.56359],[-122.43468,45.56416],[-122.41693,45.56673],[-122.41071,45.56763],[-122.40122,45.5711],[-122.3971,45.5726],[-122.3918,45.57454],[-122.38344,45.57556],[-122.3803,45.57594],[-122.37219,45.57402],[-122.3528,45.56944],[-122.34181,45.5585],[-122.33907,45.55577],[-122.3315,45.54824],[-122.2949,45.54354],[-122.29482,45.54354],[-122.2667,45.54384],[-122.26262,45.54432],[-122.25953,45.5451],[-122.24899,45.54775],[-122.24891,45.54777],[-122.24922,45.54865],[-122.24897,45.57773],[-122.24897,45.58152],[-122.24898,45.58844],[-122.249,45.61394],[-122.24899,45.6146],[-122.24924,45.63567],[-122.24985,45.66411],[-122.24987,45.66476],[-122.24924,45.67292],[-122.24923,45.71571],[-122.24925,45.72215],[-122.24975,45.73033],[-122.24946,45.7441],[-122.25021,45.75087],[-122.25014,45.76582],[-122.24966,45.79422],[-122.24978,45.80509],[-122.2495,45.80848],[-122.2496,45.81559],[-122.24984,45.81894],[-122.25012,45.82276],[-122.24914,45.83636],[-122.2498,45.86663],[-122.24452,45.86656],[-122.24518,45.93853],[-122.24616,45.95391],[-122.24555,46.03258],[-122.24586,46.05385],[-122.24868,46.05356],[-122.25147,46.05402],[-122.25152,46.05569],[-122.25536,46.05624],[-122.25915,46.05779],[-122.26432,46.05897],[-122.2692,46.05963],[-122.27297,46.0594],[-122.27653,46.05824],[-122.2802,46.05476],[-122.28149,46.05398],[-122.28343,46.05141],[-122.28735,46.0496],[-122.28862,46.04938],[-122.29256,46.04984],[-122.29444,46.04919],[-122.29522,46.04738],[-122.29475,46.04515],[-122.29471,46.03797],[-122.29717,46.0353],[-122.30157,46.03374],[-122.30317,46.0326],[-122.30589,46.02957],[-122.31171,46.02879],[-122.31226,46.0269],[-122.31519,46.02158],[-122.31373,46.01919],[-122.31371,46.017],[-122.31747,46.01266],[-122.3185,46.01199],[-122.31993,46.01179],[-122.32216,46.0126],[-122.32543,46.01256],[-122.32829,46.0115],[-122.32877,46.01081],[-122.32836,46.00946],[-122.32451,46.00715],[-122.32396,46.00581],[-122.32515,46.0039],[-122.325,45.99983],[-122.3225,45.99642],[-122.31663,45.99395],[-122.31506,45.9923],[-122.3148,45.99083],[-122.31748,45.98829],[-122.31836,45.98536],[-122.3192,45.98487],[-122.32384,45.98381],[-122.32529,45.98273],[-122.32572,45.97871],[-122.32438,45.97615],[-122.32664,45.97282],[-122.32862,45.97105],[-122.33083,45.9682],[-122.33266,45.96506],[-122.33642,45.96284],[-122.33971,45.96156],[-122.34348,45.95955],[-122.34732,45.95931],[-122.35039,45.95828],[-122.35213,45.95878],[-122.35631,45.95685],[-122.35777,45.95691],[-122.36103,45.958],[-122.36306,45.95978],[-122.36318,45.96271],[-122.36689,45.96272],[-122.3689,45.96131],[-122.37291,45.96076],[-122.37515,45.96013],[-122.37983,45.96165],[-122.38293,45.96484],[-122.38536,45.96591],[-122.38977,45.96666],[-122.39424,45.96991],[-122.39851,45.9725],[-122.40282,45.97214],[-122.40627,45.97327],[-122.41082,45.97392],[-122.41355,45.97363],[-122.41836,45.97401],[-122.41849,45.97672],[-122.42241,45.97739],[-122.42602,45.97739],[-122.42891,45.97688],[-122.43176,45.97568],[-122.43532,45.9751],[-122.4392,45.97637],[-122.44221,45.97585],[-122.44474,45.97777],[-122.44482,45.9812],[-122.44645,45.98318],[-122.45244,45.98496],[-122.4627,45.9864],[-122.46357,45.98666],[-122.46849,45.987],[-122.47013,45.98636],[-122.4745,45.98718],[-122.4771,45.98809],[-122.47875,45.98794],[-122.4833,45.98635],[-122.48466,45.98363],[-122.48592,45.98329],[-122.48962,45.9835],[-122.49387,45.98678],[-122.49748,45.98698],[-122.4984,45.98635],[-122.49826,45.98472],[-122.49656,45.98246],[-122.49696,45.98075],[-122.50121,45.98001],[-122.5064,45.98033],[-122.50828,45.98169],[-122.50893,45.98425],[-122.51067,45.98494],[-122.51366,45.98427],[-122.51552,45.98311],[-122.51791,45.98283],[-122.52089,45.98417],[-122.52186,45.98415],[-122.52301,45.98409],[-122.52725,45.98198],[-122.5345,45.97922],[-122.53484,45.97699],[-122.5318,45.97402],[-122.53275,45.97284],[-122.53606,45.97161],[-122.53828,45.97016],[-122.54288,45.96895],[-122.54687,45.96696],[-122.5498,45.96265],[-122.55458,45.95982],[-122.55604,45.9566],[-122.55742,45.95385],[-122.55842,45.95302],[-122.56221,45.95169],[-122.56458,45.95167],[-122.56957,45.95259],[-122.57205,45.95257],[-122.57803,45.9547],[-122.58026,45.95467],[-122.58545,45.95279],[-122.59028,45.94837],[-122.60103,45.94477],[-122.60452,45.94186],[-122.60602,45.93999],[-122.61026,45.93818],[-122.61307,45.93641],[-122.61538,45.93568],[-122.62004,45.93685],[-122.62717,45.93562],[-122.63041,45.93578],[-122.63892,45.93746],[-122.64249,45.9381],[-122.64382,45.93785],[-122.64619,45.93726],[-122.64749,45.93594],[-122.65112,45.93412],[-122.65343,45.93213],[-122.65486,45.92878],[-122.65638,45.92796],[-122.65763,45.92813],[-122.65946,45.9296],[-122.6609,45.93247],[-122.66926,45.93699],[-122.67491,45.93738],[-122.67694,45.93804],[-122.68148,45.93876],[-122.68396,45.93977],[-122.68933,45.94133],[-122.69324,45.94145],[-122.69485,45.94059],[-122.69488,45.93771],[-122.69289,45.93619],[-122.68862,45.93438],[-122.688,45.93211],[-122.68926,45.92911],[-122.69087,45.92817],[-122.69323,45.92803],[-122.69697,45.92916],[-122.69911,45.93098],[-122.70449,45.93081],[-122.70644,45.93048],[-122.70945,45.93088],[-122.7117,45.93117],[-122.71511,45.93229],[-122.71781,45.93373],[-122.71971,45.93326],[-122.72091,45.93189],[-122.72019,45.9293],[-122.71853,45.92615],[-122.71956,45.92335],[-122.72207,45.92099],[-122.7229,45.91933],[-122.72593,45.91573],[-122.73018,45.91431],[-122.73257,45.91403],[-122.739,45.91529],[-122.74013,45.91475],[-122.74034,45.91393],[-122.73953,45.9108],[-122.73738,45.90705],[-122.73729,45.90578],[-122.73766,45.90189],[-122.73957,45.90084],[-122.74013,45.90063],[-122.74235,45.90039],[-122.74343,45.90052],[-122.74443,45.90051],[-122.7463,45.90008],[-122.74716,45.89972],[-122.74805,45.89909],[-122.74781,45.89907],[-122.74846,45.89881],[-122.74905,45.89727],[-122.74945,45.89627],[-122.74706,45.89349],[-122.74452,45.89264],[-122.74033,45.89321],[-122.73471,45.89528],[-122.73314,45.89525],[-122.73241,45.89425],[-122.7344,45.88853],[-122.7342,45.88576],[-122.73183,45.88127],[-122.72868,45.87739],[-122.72195,45.87278],[-122.71977,45.8709],[-122.72073,45.86713],[-122.72296,45.86666],[-122.73229,45.86974],[-122.73586,45.87059],[-122.74139,45.87051],[-122.7432,45.87012],[-122.74704,45.86765],[-122.74874,45.86535],[-122.75096,45.86409],[-122.75433,45.86314],[-122.76152,45.86159],[-122.76578,45.8602],[-122.77325,45.85743],[-122.77491,45.85616],[-122.77739,45.85298],[-122.78044,45.8513],[-122.78551,45.85054]]]},"properties":{"GEOID":"53011","NAME":"Clark"}},{"type":"Feature","geometry":{"type":"Polygon","coordinates":[[[-122.98189,47.60669],[-122.9826,47.6067],[-122.99609,47.60683],[-123.36702,47.60746],[-123.37701,47.60691],[-123.37701,47.60462],[-123.49542,47.60462],[-123.50592,47.60462],[-123.50592,47.51959],[-123.50592,47.51772],[-123.50507,47.34407],[-123.50529,47.32935],[-123.50502,47.25853],[-123.4908,47.25821],[-123.49076,47.22789],[-123.48978,47.18383],[-123.49004,47.16926],[-123.49121,47.1626],[-123.48971,47.15486],[-123.48998,47.15118],[-123.48973,47.08993],[-123.48894,47.08265],[-123.4834,47.0825],[-123.474,47.08226],[-123.46823,47.08244],[-123.4512,47.08297],[-123.43083,47.08287],[-123.40964,47.08329],[-123.39998,47.08308],[-123.38876,47.08246],[-123.37162,47.08245],[-123.3687,47.08245],[-123.32915,47.08382],[-123.27617,47.08482],[-123.26021,47.08505],[-123.2445,47.08481],[-123.23166,47.08515],[-123.22332,47.08521],[-123.21295,47.08498],[-123.20189,47.08506],[-123.18019,47.08451],[-123.09607,47.08536],[-123.08981,47.08527],[-123.0751,47.0848],[-123.07496,47.09084],[-123.07474,47.10445],[-123.07365,47.10624],[-123.06645,47.11104],[-123.06058,47.11403],[-123.05539,47.11528],[-123.04818,47.11601],[-123.04012,47.11574],[-123.03411,47.11504],[-123.02726,47.1158],[-123.02136,47.11809],[-123.01657,47.12218],[-123.01539,47.12379],[-123.01299,47.13167],[-123.01146,47.13836],[-123.01046,47.14333],[-123.01,47.14436],[-123.00844,47.14643],[-123.00567,47.14894],[-123.00243,47.1513],[-122.99542,47.15491],[-122.99112,47.15669],[-122.98445,47.15886],[-122.9759,47.16013],[-122.96912,47.16153],[-122.96122,47.16444],[-122.95282,47.1701],[-122.95019,47.17336],[-122.94924,47.17389],[-122.94754,47.17792],[-122.94715,47.18154],[-122.94746,47.18407],[-122.94705,47.18564],[-122.9445,47.18795],[-122.93989,47.18993],[-122.93722,47.19034],[-122.93628,47.18946],[-122.93559,47.18729],[-122.93615,47.18341],[-122.93482,47.18197],[-122.93011,47.17996],[-122.92231,47.17944],[-122.91843,47.1774],[-122.91134,47.17596],[-122.91094,47.17351],[-122.90969,47.17127],[-122.90934,47.16883],[-122.9075,47.1649],[-122.90352,47.15753],[-122.89554,47.15715],[-122.89288,47.15779],[-122.87995,47.15833],[-122.87732,47.15901],[-122.87144,47.16115],[-122.865,47.16539],[-122.85835,47.16784],[-122.86315,47.17049],[-122.85816,47.1742],[-122.85103,47.1839],[-122.84937,47.18697],[-122.84913,47.19036],[-122.8467,47.19223],[-122.84556,47.19762],[-122.84224,47.20021],[-122.83952,47.20655],[-122.83924,47.2097],[-122.84247,47.21313],[-122.84604,47.21555],[-122.84723,47.21975],[-122.85246,47.22249],[-122.85368,47.22574],[-122.85626,47.22814],[-122.85496,47.23269],[-122.85646,47.2352],[-122.86125,47.23653],[-122.86482,47.23928],[-122.8641,47.24347],[-122.85962,47.25043],[-122.86363,47.24928],[-122.86791,47.24605],[-122.87028,47.24863],[-122.86838,47.25138],[-122.86767,47.25654],[-122.86601,47.26057],[-122.86529,47.26557],[-122.86315,47.27009],[-122.86387,47.27202],[-122.87028,47.27315],[-122.87147,47.27686],[-122.86838,47.28025],[-122.86268,47.28299],[-122.85911,47.28541],[-122.85626,47.28944],[-122.85507,47.29363],[-122.85103,47.29476],[-122.84747,47.29701],[-122.84628,47.30008],[-122.84961,47.30201],[-122.85259,47.30676],[-122.85436,47.30959],[-122.84747,47.31055],[-122.84295,47.31313],[-122.8401,47.3178],[-122.83962,47.32103],[-122.83772,47.32328],[-122.83463,47.32264],[-122.83225,47.32183],[-122.83083,47.32006],[-122.83558,47.31716],[-122.83511,47.31458],[-122.83154,47.31426],[-122.82234,47.31976],[-122.81871,47.32747],[-122.81932,47.3299],[-122.82322,47.32989],[-122.82845,47.33198],[-122.82921,47.33417],[-122.8294,47.33472],[-122.82465,47.33762],[-122.82085,47.34229],[-122.82156,47.3468],[-122.82524,47.3534],[-122.82463,47.35513],[-122.82662,47.3574],[-122.82679,47.35759],[-122.82543,47.3602],[-122.82536,47.36033],[-122.82466,47.36336],[-122.82516,47.36663],[-122.82475,47.36973],[-122.82616,47.3699],[-122.82757,47.36933],[-122.82866,47.36967],[-122.82819,47.37254],[-122.82857,47.37423],[-122.83007,47.3753],[-122.8329,47.37637],[-122.83225,47.37713],[-122.83138,47.37816],[-122.83098,47.37862],[-122.82898,47.38108],[-122.82865,47.38149],[-122.82832,47.38189],[-122.82575,47.3865],[-122.82558,47.38875],[-122.82408,47.39157],[-122.82338,47.39647],[-122.82333,47.39675],[-122.82433,47.39889],[-122.82591,47.3999],[-122.82807,47.40237],[-122.82874,47.40434],[-122.82841,47.40519],[-122.82666,47.40581],[-122.82475,47.40547],[-122.8245,47.40474],[-122.82375,47.40451],[-122.823,47.40496],[-122.82167,47.40553],[-122.81968,47.40536],[-122.8186,47.40451],[-122.81893,47.40361],[-122.81818,47.40237],[-122.81668,47.40136],[-122.8151,47.39877],[-122.81544,47.39731],[-122.81402,47.39613],[-122.81319,47.395],[-122.81323,47.39303],[-122.81261,47.39146],[-122.81328,47.38785],[-122.81331,47.38588],[-122.81386,47.38375],[-122.81618,47.38211],[-122.8171,47.3802],[-122.81702,47.37772],[-122.81602,47.37541],[-122.81527,47.37232],[-122.81518,47.37175],[-122.81311,47.36967],[-122.8132,47.36865],[-122.81228,47.36753],[-122.81028,47.3673],[-122.8087,47.36607],[-122.80671,47.36319],[-122.80687,47.36083],[-122.80734,47.35869],[-122.8067,47.35785],[-122.80591,47.3585],[-122.80427,47.35869],[-122.80106,47.35861],[-122.80134,47.3888],[-122.8012,47.38936],[-122.8012,47.40358],[-122.80119,47.42922],[-122.80124,47.43263],[-122.80062,47.44489],[-122.80062,47.46201],[-122.80074,47.46956],[-122.80076,47.47058],[-122.80085,47.47625],[-122.80094,47.4841],[-122.80101,47.52041],[-122.8163,47.52066],[-122.83912,47.52127],[-122.8398,47.52129],[-122.86478,47.52128],[-122.93966,47.52251],[-122.94571,47.52225],[-122.97194,47.52145],[-122.99362,47.52028],[-123.02333,47.52074],[-123.02372,47.52031],[-123.03161,47.51137],[-123.03119,47.50214],[-123.03381,47.49411],[-123.03856,47.48833],[-123.04545,47.48078],[-123.05532,47.47271],[-123.06025,47.4702],[-123.06851,47.45828],[-123.06708,47.45523],[-123.06946,47.45346],[-123.07493,47.45169],[-123.07714,47.44777],[-123.07949,47.44808],[-123.08324,47.4451],[-123.08608,47.44099],[-123.08617,47.43861],[-123.08925,47.43435],[-123.09157,47.43305],[-123.1025,47.4172],[-123.10186,47.41481],[-123.10518,47.40983],[-123.10756,47.40757],[-123.11201,47.40192],[-123.11255,47.39776],[-123.1173,47.39229],[-123.12023,47.39149],[-123.11968,47.38553],[-123.11663,47.38272],[-123.1135,47.38264],[-123.11335,47.37473],[-123.1106,47.37285],[-123.10585,47.37236],[-123.10062,47.37349],[-123.09491,47.37349],[-123.09087,47.3714],[-123.08565,47.37477],[-123.0816,47.37478],[-123.07852,47.37292],[-123.074,47.37268],[-123.07138,47.37107],[-123.06948,47.37156],[-123.05689,47.3685],[-123.05318,47.3653],[-123.05166,47.36399],[-123.04738,47.36158],[-123.04215,47.35868],[-123.02955,47.35884],[-123.02432,47.36125],[-123.02195,47.36415],[-123.01933,47.36995],[-123.01648,47.37252],[-123.016,47.37542],[-123.01315,47.37864],[-123.0046,47.38298],[-122.99224,47.38685],[-122.98843,47.38862],[-122.98487,47.38813],[-122.98344,47.3899],[-122.98297,47.39296],[-122.97749,47.39616],[-122.97227,47.39698],[-122.96942,47.39634],[-122.96538,47.39618],[-122.96253,47.39972],[-122.9573,47.39972],[-122.95573,47.40109],[-122.94565,47.40278],[-122.94399,47.40263],[-122.94114,47.4031],[-122.93591,47.40551],[-122.9321,47.40825],[-122.92497,47.41066],[-122.91665,47.41371],[-122.91309,47.41452],[-122.90936,47.4134],[-122.90755,47.41374],[-122.9043,47.41436],[-122.90168,47.41645],[-122.90358,47.41983],[-122.90121,47.42159],[-122.89455,47.42127],[-122.88837,47.42401],[-122.88685,47.42385],[-122.88219,47.42336],[-122.88105,47.42306],[-122.87744,47.42208],[-122.87324,47.42329],[-122.87245,47.42352],[-122.86769,47.42208],[-122.87245,47.41773],[-122.87459,47.41387],[-122.87791,47.41098],[-122.88267,47.41066],[-122.89075,47.4076],[-122.903,47.39664],[-122.91143,47.3891],[-122.91951,47.3899],[-122.92687,47.38926],[-122.93876,47.38331],[-122.94518,47.38282],[-122.94874,47.38347],[-122.95944,47.37961],[-122.96989,47.37896],[-122.97338,47.38048],[-122.97606,47.37942],[-122.97655,47.37719],[-122.98392,47.37462],[-122.98867,47.37445],[-122.99224,47.37107],[-122.99386,47.37026],[-123.00056,47.36689],[-123.00578,47.36415],[-123.01719,47.35626],[-123.02028,47.35433],[-123.03027,47.35095],[-123.0324,47.35175],[-123.0393,47.34982],[-123.04262,47.35031],[-123.04714,47.3495],[-123.05831,47.3495],[-123.06885,47.34964],[-123.07043,47.34966],[-123.0721,47.35159],[-123.07376,47.3532],[-123.08018,47.35288],[-123.08137,47.35594],[-123.09824,47.35723],[-123.10109,47.35964],[-123.10537,47.36238],[-123.11184,47.36187],[-123.12016,47.3601],[-123.12692,47.35679],[-123.13465,47.35302],[-123.14179,47.34706],[-123.15058,47.34947],[-123.15795,47.35624],[-123.15723,47.35897],[-123.15486,47.35994],[-123.15605,47.36638],[-123.15795,47.36734],[-123.157,47.37073],[-123.15105,47.3725],[-123.14749,47.37523],[-123.14725,47.37744],[-123.14963,47.37942],[-123.14539,47.38719],[-123.1444,47.3902],[-123.14179,47.39921],[-123.14083,47.40307],[-123.13521,47.40587],[-123.13727,47.4087],[-123.13646,47.40967],[-123.13611,47.4101],[-123.13085,47.41642],[-123.1299,47.42189],[-123.12657,47.42752],[-123.12287,47.42835],[-123.11991,47.43373],[-123.1154,47.44022],[-123.1116,47.45034],[-123.11041,47.45468],[-123.11041,47.4587],[-123.10786,47.46069],[-123.10155,47.46236],[-123.09083,47.47147],[-123.08831,47.47204],[-123.08807,47.47638],[-123.0814,47.48151],[-123.07571,47.48216],[-123.07428,47.48617],[-123.07571,47.48762],[-123.06692,47.49485],[-123.05741,47.50079],[-123.05321,47.50709],[-123.05622,47.50946],[-123.05147,47.51989],[-123.04648,47.52375],[-123.04861,47.5292],[-123.04339,47.53337],[-123.04006,47.53851],[-123.03085,47.53999],[-123.0253,47.54854],[-123.03008,47.55279],[-123.02753,47.55498],[-123.02199,47.55648],[-123.02152,47.56017],[-123.01581,47.5645],[-123.00988,47.5714],[-123.00631,47.57652],[-123.00417,47.58342],[-123.0006,47.5847],[-122.99609,47.58999],[-122.98816,47.59835],[-122.98254,47.60297],[-122.98159,47.60618],[-122.98189,47.60669]]]},"properties":{"GEOID":"53045","NAME":"Mason"}},{"type":"Feature","geometry":{"type":"MultiPolygon","coordinates":[[[[-123.88453,46.96579],[-123.88583,46.96414],[-123.88133,46.96338],[-123.87672,46.96105],[-123.8717,46.9606],[-123.86885,46.95963],[-123.86053,46.95606],[-123.85673,46.95606],[-123.8534,46.95866],[-123.85459,46.96093],[-123.85958,46.96271],[-123.86481,46.96514],[-123.87717,46.96693],[-123.88453,46.96579]]],[[[-124.35485,47.53354],[-124.35316,47.52671],[-124.35284,47.52522],[-124.35153,47.51902],[-124.34575,47.49184],[-124.34557,47.49099],[-124.34515,47.48903],[-124.34316,47.47434],[-124.34213,47.46672],[-124.34277,47.46414],[-124.3445,47.46354],[-124.34601,47.4634],[-124.34632,47.46293],[-124.34566,47.4621],[-124.3444,47.46169],[-124.34361,47.46165],[-124.34194,47.4612],[-124.34107,47.45891],[-124.33971,47.45353],[-124.33915,47.44649],[-124.3395,47.43772],[-124.33755,47.43298],[-124.33672,47.416],[-124.33784,47.41195],[-124.33636,47.40508],[-124.33016,47.40014],[-124.32665,47.38876],[-124.32432,47.3787],[-124.32409,47.3676],[-124.31963,47.35963],[-124.31938,47.35556],[-124.31485,47.35378],[-124.30751,47.35227],[-124.29994,47.34836],[-124.29984,47.34822],[-124.29917,47.34731],[-124.29329,47.33931],[-124.28637,47.32516],[-124.2781,47.30638],[-124.27944,47.30428],[-124.2788,47.30398],[-124.27441,47.30189],[-124.27119,47.30503],[-124.25745,47.30406],[-124.25215,47.30078],[-124.24644,47.29652],[-124.24299,47.29396],[-124.23635,47.28729],[-124.23615,47.28678],[-124.22153,47.24979],[-124.22059,47.24742],[-124.21951,47.2447],[-124.21297,47.22816],[-124.2104,47.22166],[-124.20902,47.21815],[-124.20574,47.20713],[-124.20573,47.20711],[-124.20099,47.19116],[-124.19589,47.174],[-124.19236,47.15845],[-124.18972,47.14683],[-124.18548,47.13854],[-124.18401,47.13535],[-124.18444,47.13346],[-124.18508,47.13064],[-124.18383,47.12481],[-124.18046,47.10969],[-124.17698,47.09407],[-124.17674,47.093],[-124.1749,47.07787],[-124.1735,47.06637],[-124.17212,47.04376],[-124.1712,47.0287],[-124.17052,47.01748],[-124.16911,46.99451],[-124.16915,46.99387],[-124.17116,46.95844],[-124.1745,46.94162],[-124.17479,46.93111],[-124.17388,46.92724],[-124.15862,46.92944],[-124.155,46.9309],[-124.15216,46.93204],[-124.15212,46.9328],[-124.15188,46.93696],[-124.14127,46.94027],[-124.13944,46.94181],[-124.13909,46.94211],[-124.13554,46.94355],[-124.12554,46.94146],[-124.11822,46.9378],[-124.11223,46.9348],[-124.11122,46.93435],[-124.10819,46.93302],[-124.1051,46.93286],[-124.10616,46.93551],[-124.10653,46.93643],[-124.10603,46.94462],[-124.10965,46.94724],[-124.11413,46.94714],[-124.11936,46.94438],[-124.12744,46.94551],[-124.12832,46.95079],[-124.13263,46.96143],[-124.1309,46.9649],[-124.13557,46.96516],[-124.13803,46.97096],[-124.13834,46.97408],[-124.13973,46.98837],[-124.13744,46.99915],[-124.13923,47.00293],[-124.14366,47.00702],[-124.14667,47.00988],[-124.14793,47.01295],[-124.14945,47.01665],[-124.15129,47.02111],[-124.14904,47.02929],[-124.14152,47.03514],[-124.12206,47.04165],[-124.10638,47.04264],[-124.08957,47.04202],[-124.06586,47.04114],[-124.06408,47.04289],[-124.06081,47.0434],[-124.06018,47.04316],[-124.05453,47.04099],[-124.05362,47.04009],[-124.05039,47.03893],[-124.04718,47.03612],[-124.04408,47.03416],[-124.03957,47.03248],[-124.0319,47.03063],[-124.02634,47.03019],[-124.017,47.01485],[-124.01703,47.01172],[-124.01833,47.01097],[-124.01815,47.00944],[-124.0171,47.00855],[-124.01569,47.0081],[-124.0138,47.00884],[-124.01059,47.00784],[-124.00525,47.00392],[-124.00539,47.00328],[-124.00563,47.00224],[-124.00714,47.00173],[-124.01007,46.99788],[-124.01467,46.99469],[-124.018,46.99355],[-124.01973,46.99119],[-124.019,46.98957],[-124.0186,46.98931],[-124.01578,46.98879],[-124.01371,46.98758],[-124.01432,46.98625],[-124.01222,46.98518],[-123.99161,46.98022],[-123.98335,46.98162],[-123.95918,46.98176],[-123.95451,46.97648],[-123.94927,46.97055],[-123.94688,46.96874],[-123.93921,46.96974],[-123.92162,46.97186],[-123.91378,46.97189],[-123.90187,46.97192],[-123.89824,46.97193],[-123.8894,46.9689],[-123.87898,46.96962],[-123.87574,46.96985],[-123.86161,46.96792],[-123.8591,46.96758],[-123.8523,46.96446],[-123.8446,46.96093],[-123.84145,46.95707],[-123.8389,46.95395],[-123.85055,46.952],[-123.85127,46.95166],[-123.85954,46.94773],[-123.8605,46.94732],[-123.87021,46.94317],[-123.87769,46.94127],[-123.87889,46.94096],[-123.88288,46.93995],[-123.91526,46.93296],[-123.93706,46.92864],[-123.95749,46.92126],[-123.95939,46.92132],[-123.97372,46.92174],[-123.97938,46.92304],[-123.98508,46.92192],[-123.99251,46.91763],[-123.99593,46.91442],[-124.00543,46.91357],[-124.00839,46.9126],[-124.00952,46.91033],[-124.01366,46.90363],[-124.03624,46.89847],[-124.04634,46.89397],[-124.04928,46.89125],[-124.05508,46.87043],[-124.06105,46.86513],[-124.06635,46.8635],[-124.06807,46.86299],[-124.06817,46.86296],[-124.07088,46.86216],[-124.07311,46.86149],[-124.08929,46.86772],[-124.08967,46.87715],[-124.09477,46.88237],[-124.09509,46.8827],[-124.0925,46.88707],[-124.09167,46.89044],[-124.09042,46.8955],[-124.09058,46.89589],[-124.09087,46.89658],[-124.09296,46.90166],[-124.09949,46.90422],[-124.11064,46.91252],[-124.1158,46.91321],[-124.11846,46.91135],[-124.122,46.90567],[-124.1293,46.90513],[-124.13823,46.90553],[-124.13437,46.90383],[-124.1328,46.89639],[-124.1261,46.88107],[-124.12237,46.87183],[-124.12161,46.86996],[-124.11706,46.85865],[-124.11693,46.85834],[-124.10845,46.83731],[-124.10808,46.83639],[-124.10123,46.81066],[-124.09834,46.79407],[-124.08165,46.79424],[-124.07934,46.79415],[-124.07766,46.79416],[-124.01815,46.79278],[-123.9974,46.79327],[-123.96534,46.79301],[-123.91518,46.79264],[-123.89705,46.79249],[-123.88662,46.79289],[-123.87701,46.79186],[-123.85649,46.79092],[-123.85651,46.79157],[-123.8522,46.79166],[-123.79839,46.79258],[-123.73958,46.79276],[-123.73473,46.79268],[-123.71571,46.79323],[-123.70547,46.79306],[-123.69504,46.79339],[-123.65282,46.79322],[-123.63205,46.79356],[-123.611,46.79317],[-123.5882,46.79369],[-123.53228,46.79403],[-123.48293,46.79288],[-123.4537,46.79276],[-123.37095,46.79213],[-123.36089,46.79186],[-123.35139,46.79351],[-123.33045,46.79366],[-123.27741,46.79315],[-123.26651,46.79384],[-123.25126,46.79354],[-123.22566,46.79341],[-123.20286,46.79443],[-123.18199,46.79399],[-123.16059,46.79338],[-123.16035,46.79812],[-123.16033,46.79866],[-123.1603,46.79917],[-123.16028,46.79962],[-123.16059,46.80326],[-123.1605,46.8222],[-123.1605,46.82411],[-123.1605,46.82716],[-123.16052,46.83748],[-123.16056,46.89534],[-123.16056,46.89549],[-123.16064,46.90968],[-123.16011,46.939],[-123.15944,46.98137],[-123.15836,46.99587],[-123.18052,46.99672],[-123.2031,46.99697],[-123.20089,47.01041],[-123.20101,47.01467],[-123.20004,47.01479],[-123.20086,47.01479],[-123.20098,47.0681],[-123.20189,47.08506],[-123.21295,47.08498],[-123.22332,47.08521],[-123.23166,47.08515],[-123.2445,47.08481],[-123.26021,47.08505],[-123.27617,47.08482],[-123.32915,47.08382],[-123.3687,47.08245],[-123.37162,47.08245],[-123.38876,47.08246],[-123.39998,47.08308],[-123.40964,47.08329],[-123.43083,47.08287],[-123.4512,47.08297],[-123.46823,47.08244],[-123.474,47.08226],[-123.4834,47.0825],[-123.48894,47.08265],[-123.48973,47.08993],[-123.48998,47.15118],[-123.48971,47.15486],[-123.49121,47.1626],[-123.49004,47.16926],[-123.48978,47.18383],[-123.49076,47.22789],[-123.4908,47.25821],[-123.50502,47.25853],[-123.50529,47.32935],[-123.50507,47.34407],[-123.50592,47.51772],[-123.53211,47.51772],[-123.63264,47.51772],[-123.73902,47.51782],[-123.95713,47.51797],[-124.04674,47.51853],[-124.04663,47.5258],[-124.0465,47.53367],[-124.0608,47.53371],[-124.11134,47.5339],[-124.17928,47.53361],[-124.17972,47.53362],[-124.30183,47.53324],[-124.31032,47.53368],[-124.32797,47.53359],[-124.33433,47.53362],[-124.35109,47.53353],[-124.35485,47.53354]]]]},"properties":{"GEOID":"53027","NAME":"Grays Harbor"}},{"type":"Feature","geometry":{"type":"MultiPolygon","coordinates":[[[[-122.39491,47.77764],[-122.39435,47.77709],[-122.39364,47.77394],[-122.39362,47.77388],[-122.39444,47.77222],[-122.38897,47.76694],[-122.38876,47.76653],[-122.38774,47.76452],[-122.38748,47.76431],[-122.38637,47.76342],[-122.38625,47.76333],[-122.38024,47.75852],[-122.38112,47.75466],[-122.3824,47.74906],[-122.38267,47.74783],[-122.38074,47.74494],[-122.3769,47.7392],[-122.37638,47.73844],[-122.37488,47.73416],[-122.37314,47.72922],[-122.37628,47.72259],[-122.37644,47.71652],[-122.37987,47.71327],[-122.38114,47.71206],[-122.38044,47.70912],[-122.38565,47.70454],[-122.39325,47.7016],[-122.39631,47.70043],[-122.40344,47.69772],[-122.40624,47.69302],[-122.40384,47.68942],[-122.405,47.68672],[-122.40784,47.68012],[-122.40966,47.67622],[-122.40928,47.67267],[-122.40918,47.67174],[-122.41584,47.67062],[-122.42269,47.66661],[-122.42551,47.66471],[-122.43694,47.66172],[-122.42984,47.65892],[-122.42137,47.65295],[-122.42052,47.65186],[-122.41784,47.64842],[-122.41827,47.64445],[-122.41686,47.64262],[-122.41465,47.63977],[-122.40424,47.63392],[-122.3954,47.63059],[-122.39183,47.62995],[-122.38963,47.63062],[-122.38604,47.63172],[-122.38399,47.63188],[-122.38374,47.62632],[-122.37794,47.62652],[-122.37017,47.62518],[-122.3645,47.62034],[-122.36182,47.61873],[-122.35392,47.61395],[-122.35309,47.61345],[-122.34494,47.60912],[-122.34479,47.60884],[-122.34419,47.60774],[-122.34117,47.60217],[-122.33957,47.59922],[-122.33951,47.59911],[-122.34294,47.59122],[-122.34434,47.5908],[-122.34471,47.59069],[-122.35594,47.58733],[-122.35856,47.58621],[-122.36212,47.5838],[-122.36854,47.58488],[-122.37017,47.58309],[-122.37542,47.58518],[-122.37613,47.58582],[-122.3762,47.58588],[-122.38118,47.59036],[-122.38174,47.59392],[-122.38714,47.59572],[-122.39137,47.59233],[-122.40184,47.58392],[-122.42114,47.57602],[-122.41407,47.57158],[-122.41175,47.57012],[-122.40984,47.56892],[-122.40974,47.56652],[-122.40513,47.56078],[-122.40236,47.55732],[-122.39834,47.55012],[-122.39944,47.54582],[-122.3979,47.53993],[-122.39673,47.53548],[-122.4011,47.52991],[-122.39481,47.52544],[-122.39394,47.52482],[-122.3952,47.52015],[-122.39521,47.52012],[-122.3988,47.51744],[-122.39654,47.51522],[-122.39397,47.50968],[-122.38664,47.50222],[-122.38534,47.50154],[-122.38233,47.49995],[-122.37565,47.49643],[-122.36854,47.49234],[-122.36524,47.48842],[-122.36491,47.48813],[-122.36249,47.48601],[-122.36165,47.48527],[-122.36134,47.48142],[-122.36393,47.47752],[-122.36414,47.47719],[-122.36649,47.47494],[-122.36878,47.47275],[-122.37021,47.46776],[-122.36934,47.46437],[-122.36804,47.45922],[-122.37028,47.45745],[-122.37236,47.45579],[-122.37392,47.45503],[-122.38314,47.45052],[-122.36704,47.44762],[-122.3625,47.44545],[-122.36234,47.44522],[-122.36046,47.44253],[-122.3563,47.44206],[-122.35586,47.442],[-122.35513,47.44192],[-122.35428,47.43642],[-122.35182,47.43195],[-122.35119,47.4308],[-122.35119,47.43015],[-122.35119,47.4234],[-122.35119,47.42308],[-122.34803,47.41592],[-122.33523,47.40842],[-122.33463,47.40694],[-122.33218,47.40088],[-122.33106,47.39787],[-122.33051,47.39638],[-122.32732,47.39563],[-122.32656,47.39365],[-122.32573,47.39152],[-122.32723,47.38772],[-122.32652,47.38276],[-122.3265,47.38263],[-122.32553,47.37589],[-122.32552,47.3758],[-122.32523,47.37382],[-122.326,47.37224],[-122.3258,47.37209],[-122.32493,47.37143],[-122.32386,47.37063],[-122.32506,47.3676],[-122.32504,47.36663],[-122.32503,47.3651],[-122.32499,47.36175],[-122.32498,47.36107],[-122.32483,47.34864],[-122.32483,47.34852],[-122.32742,47.34567],[-122.33338,47.34301],[-122.33446,47.34253],[-122.33693,47.34142],[-122.35395,47.33801],[-122.35938,47.33691],[-122.36417,47.33595],[-122.37383,47.33321],[-122.37432,47.33307],[-122.37623,47.32933],[-122.3765,47.3288],[-122.3771,47.32763],[-122.37967,47.32664],[-122.3811,47.32609],[-122.38408,47.3256],[-122.386,47.32736],[-122.39102,47.32834],[-122.39618,47.32688],[-122.39791,47.32575],[-122.40285,47.32254],[-122.40329,47.32248],[-122.40343,47.32247],[-122.41465,47.32103],[-122.41768,47.32038],[-122.40675,47.31266],[-122.39956,47.30773],[-122.39515,47.30469],[-122.39149,47.30216],[-122.38957,47.3006],[-122.38702,47.29893],[-122.3853,47.29775],[-122.38466,47.29751],[-122.38159,47.29534],[-122.36862,47.28638],[-122.36735,47.28553],[-122.36336,47.28276],[-122.35836,47.27942],[-122.35794,47.27902],[-122.35568,47.27747],[-122.33699,47.26458],[-122.33587,47.26382],[-122.33483,47.26311],[-122.33492,47.25759],[-122.33132,47.25737],[-122.3303,47.25736],[-122.32979,47.25736],[-122.32562,47.25736],[-122.32025,47.25733],[-122.31833,47.25732],[-122.31648,47.2573],[-122.31417,47.25729],[-122.30912,47.25732],[-122.30775,47.2573],[-122.29485,47.25725],[-122.2946,47.25725],[-122.29374,47.25725],[-122.29115,47.2572],[-122.27743,47.25729],[-122.27221,47.25734],[-122.27167,47.25736],[-122.26215,47.25737],[-122.25851,47.25725],[-122.24501,47.25743],[-122.24018,47.25747],[-122.23876,47.25748],[-122.22979,47.25756],[-122.22949,47.25756],[-122.2239,47.2575],[-122.21602,47.25743],[-122.20832,47.25736],[-122.18676,47.2573],[-122.17453,47.25754],[-122.16576,47.25755],[-122.15045,47.25758],[-122.14462,47.25753],[-122.14419,47.25753],[-122.14398,47.25753],[-122.13683,47.2545],[-122.13833,47.25065],[-122.13758,47.24682],[-122.1355,47.2466],[-122.13426,47.24399],[-122.13126,47.24315],[-122.13062,47.24282],[-122.12896,47.24159],[-122.1277,47.24102],[-122.12609,47.24055],[-122.12551,47.24049],[-122.12377,47.23991],[-122.12297,47.23913],[-122.12244,47.23795],[-122.12296,47.23621],[-122.12385,47.23514],[-122.12429,47.23482],[-122.12587,47.23403],[-122.12596,47.23328],[-122.12573,47.23266],[-122.12546,47.23232],[-122.1248,47.23208],[-122.12295,47.23204],[-122.12055,47.23083],[-122.11591,47.2313],[-122.11603,47.231],[-122.11616,47.23078],[-122.11608,47.2302],[-122.11588,47.22971],[-122.11541,47.22935],[-122.11486,47.22897],[-122.11501,47.22872],[-122.11527,47.2283],[-122.11757,47.22659],[-122.11675,47.22512],[-122.11318,47.22376],[-122.11318,47.22336],[-122.11395,47.22245],[-122.11502,47.22187],[-122.11555,47.22128],[-122.11569,47.22069],[-122.11388,47.21865],[-122.11589,47.21625],[-122.11254,47.21372],[-122.11065,47.21212],[-122.1103,47.20994],[-122.10781,47.20842],[-122.1053,47.20511],[-122.10385,47.20412],[-122.10048,47.19996],[-122.09732,47.19973],[-122.09483,47.1982],[-122.09407,47.19709],[-122.09502,47.19518],[-122.09377,47.19464],[-122.08781,47.19406],[-122.08349,47.19251],[-122.08187,47.19055],[-122.07818,47.18915],[-122.07016,47.18764],[-122.06866,47.18786],[-122.06588,47.18713],[-122.06338,47.18588],[-122.06155,47.18322],[-122.05843,47.17991],[-122.05561,47.17911],[-122.05368,47.17572],[-122.04807,47.1714],[-122.04548,47.17118],[-122.04284,47.17206],[-122.04237,47.17244],[-122.03744,47.17269],[-122.03582,47.173],[-122.034,47.17441],[-122.03193,47.17501],[-122.02888,47.17492],[-122.02578,47.17413],[-122.02231,47.17397],[-122.0171,47.1747],[-122.01272,47.17605],[-122.00976,47.1754],[-122.00669,47.17288],[-122.00677,47.17096],[-122.00401,47.17014],[-122.0006,47.1702],[-121.99745,47.17219],[-121.99464,47.17269],[-121.99461,47.17268],[-121.99393,47.17257],[-121.9938,47.16829],[-121.99145,47.16324],[-121.99052,47.1629],[-121.98852,47.16298],[-121.98429,47.1646],[-121.98427,47.1646],[-121.98314,47.16473],[-121.98103,47.16463],[-121.98025,47.16446],[-121.97908,47.16388],[-121.97573,47.16212],[-121.97269,47.16025],[-121.97097,47.15704],[-121.96952,47.15628],[-121.96467,47.15599],[-121.96028,47.15723],[-121.95795,47.15713],[-121.95211,47.15451],[-121.94994,47.15095],[-121.94999,47.14788],[-121.9506,47.14516],[-121.94776,47.14279],[-121.94354,47.13997],[-121.94203,47.14003],[-121.93936,47.1391],[-121.93488,47.13822],[-121.93292,47.13856],[-121.93137,47.1401],[-121.93091,47.1427],[-121.92786,47.14482],[-121.9282,47.14736],[-121.92459,47.149],[-121.92089,47.14996],[-121.91785,47.15031],[-121.91419,47.15006],[-121.90942,47.15054],[-121.90397,47.15386],[-121.90166,47.15562],[-121.89773,47.15489],[-121.89291,47.15486],[-121.88894,47.15419],[-121.88619,47.15295],[-121.88259,47.15298],[-121.88058,47.15357],[-121.87803,47.15379],[-121.87598,47.1517],[-121.87413,47.15074],[-121.8712,47.15085],[-121.86655,47.15263],[-121.86308,47.15193],[-121.86085,47.15065],[-121.8611,47.14745],[-121.85917,47.14647],[-121.85622,47.14742],[-121.85423,47.14753],[-121.84895,47.14711],[-121.84612,47.14439],[-121.84243,47.14332],[-121.84028,47.14322],[-121.83732,47.14441],[-121.83423,47.14734],[-121.83201,47.14824],[-121.83195,47.15136],[-121.83008,47.15235],[-121.82707,47.15268],[-121.82263,47.15572],[-121.8193,47.1588],[-121.81442,47.15904],[-121.8127,47.16007],[-121.8104,47.16387],[-121.80899,47.1648],[-121.80635,47.16528],[-121.80333,47.16925],[-121.79943,47.16983],[-121.7958,47.17323],[-121.79197,47.17262],[-121.78938,47.17299],[-121.78485,47.17229],[-121.7827,47.17228],[-121.77756,47.17338],[-121.77691,47.17283],[-121.77793,47.171],[-121.77561,47.16793],[-121.77335,47.16649],[-121.76978,47.16544],[-121.76437,47.1675],[-121.76169,47.16734],[-121.75698,47.1649],[-121.74866,47.16203],[-121.74591,47.16306],[-121.74457,47.16464],[-121.74309,47.16454],[-121.73859,47.16067],[-121.73494,47.15939],[-121.72918,47.15805],[-121.72716,47.15697],[-121.72588,47.15529],[-121.72265,47.1528],[-121.71914,47.15112],[-121.71719,47.15148],[-121.70507,47.152],[-121.70273,47.15132],[-121.6971,47.15146],[-121.69269,47.1507],[-121.68825,47.14956],[-121.68455,47.14977],[-121.68351,47.14999],[-121.68079,47.15257],[-121.67499,47.15493],[-121.66865,47.15587],[-121.66452,47.15956],[-121.6622,47.16004],[-121.65836,47.15851],[-121.65585,47.15861],[-121.65371,47.15715],[-121.64871,47.15498],[-121.64382,47.15559],[-121.63949,47.15447],[-121.63755,47.15331],[-121.63099,47.15351],[-121.62897,47.15312],[-121.62831,47.152],[-121.62684,47.15229],[-121.62436,47.15127],[-121.62318,47.14988],[-121.62079,47.1494],[-121.62105,47.14781],[-121.61745,47.14668],[-121.61761,47.14468],[-121.61521,47.14354],[-121.61147,47.14299],[-121.61114,47.14114],[-121.60977,47.13965],[-121.60965,47.13838],[-121.60606,47.13716],[-121.60606,47.13536],[-121.60089,47.13146],[-121.60064,47.12994],[-121.59868,47.12863],[-121.59722,47.12591],[-121.59544,47.12545],[-121.59446,47.12223],[-121.59375,47.1218],[-121.59041,47.12125],[-121.58911,47.12023],[-121.58227,47.11872],[-121.57934,47.11956],[-121.57718,47.11942],[-121.57604,47.12017],[-121.57314,47.12023],[-121.57081,47.11928],[-121.56697,47.11962],[-121.56591,47.11924],[-121.56293,47.12005],[-121.5599,47.11962],[-121.55454,47.12234],[-121.55123,47.12292],[-121.54328,47.12316],[-121.54074,47.12234],[-121.53804,47.12293],[-121.53537,47.12264],[-121.53151,47.12458],[-121.52778,47.12401],[-121.52482,47.12407],[-121.51717,47.12242],[-121.51593,47.12156],[-121.51252,47.123],[-121.5091,47.12229],[-121.50653,47.12014],[-121.50669,47.11869],[-121.50526,47.11798],[-121.50374,47.11865],[-121.49965,47.11828],[-121.49767,47.11658],[-121.49321,47.1159],[-121.49056,47.11678],[-121.48772,47.1148],[-121.48634,47.1124],[-121.48333,47.11091],[-121.48114,47.11086],[-121.47994,47.10848],[-121.47819,47.10816],[-121.47599,47.10525],[-121.47577,47.10333],[-121.47365,47.10203],[-121.47135,47.09946],[-121.4682,47.09849],[-121.46607,47.09612],[-121.46059,47.09317],[-121.45855,47.09267],[-121.45474,47.08935],[-121.44986,47.08841],[-121.44708,47.08604],[-121.44176,47.0844],[-121.43834,47.0855],[-121.43494,47.0857],[-121.42823,47.08735],[-121.42398,47.08732],[-121.42191,47.08807],[-121.41739,47.08839],[-121.41647,47.0896],[-121.41197,47.0907],[-121.40684,47.08863],[-121.40279,47.08837],[-121.40015,47.08906],[-121.39227,47.08888],[-121.38664,47.08727],[-121.38231,47.08825],[-121.37996,47.08725],[-121.37968,47.0875],[-121.37677,47.0887],[-121.37689,47.08988],[-121.3797,47.09037],[-121.38201,47.09275],[-121.38341,47.09508],[-121.3869,47.09434],[-121.39104,47.09212],[-121.39377,47.09243],[-121.39567,47.09485],[-121.39856,47.09592],[-121.40291,47.09858],[-121.4028,47.09945],[-121.39976,47.10172],[-121.39904,47.10397],[-121.39954,47.10515],[-121.40281,47.10644],[-121.40432,47.10864],[-121.40473,47.11053],[-121.4061,47.11203],[-121.40718,47.117],[-121.40808,47.1181],[-121.40544,47.12128],[-121.4027,47.12177],[-121.39972,47.12454],[-121.39969,47.12596],[-121.39816,47.12715],[-121.39487,47.12867],[-121.39397,47.13276],[-121.38858,47.13354],[-121.38439,47.13546],[-121.38132,47.13726],[-121.37824,47.13721],[-121.37349,47.13811],[-121.36739,47.13997],[-121.36468,47.14176],[-121.36251,47.1415],[-121.35779,47.14001],[-121.3539,47.14054],[-121.34961,47.13755],[-121.34801,47.13804],[-121.34476,47.13724],[-121.34329,47.13597],[-121.3399,47.1357],[-121.33793,47.13501],[-121.33491,47.1327],[-121.33239,47.1333],[-121.32739,47.13338],[-121.32527,47.13376],[-121.32058,47.1353],[-121.31553,47.13384],[-121.31154,47.13603],[-121.30829,47.13669],[-121.30335,47.13894],[-121.3022,47.14135],[-121.30144,47.1448],[-121.29992,47.14704],[-121.29782,47.14885],[-121.29914,47.14961],[-121.2992,47.15141],[-121.30119,47.154],[-121.30186,47.15615],[-121.3045,47.15946],[-121.30601,47.162],[-121.31027,47.16316],[-121.3119,47.16404],[-121.31338,47.16575],[-121.31431,47.16806],[-121.31777,47.17298],[-121.31781,47.17414],[-121.31492,47.17733],[-121.31258,47.17871],[-121.31012,47.18242],[-121.30996,47.18526],[-121.30818,47.18589],[-121.3063,47.18771],[-121.30616,47.191],[-121.30647,47.19276],[-121.3083,47.196],[-121.31162,47.19945],[-121.30914,47.20278],[-121.3097,47.20444],[-121.31139,47.20529],[-121.31126,47.2077],[-121.31299,47.20809],[-121.3176,47.21213],[-121.32108,47.21295],[-121.32499,47.21594],[-121.33523,47.21918],[-121.33789,47.21816],[-121.34624,47.21869],[-121.35085,47.22053],[-121.3534,47.22049],[-121.35577,47.22213],[-121.35993,47.22295],[-121.36514,47.22456],[-121.36565,47.22685],[-121.36371,47.2291],[-121.36015,47.23221],[-121.35837,47.23442],[-121.35838,47.23704],[-121.35924,47.23907],[-121.36075,47.24053],[-121.35948,47.24111],[-121.35189,47.24264],[-121.35013,47.24452],[-121.34542,47.24672],[-121.33977,47.2472],[-121.33821,47.25001],[-121.33777,47.25252],[-121.3366,47.25368],[-121.33416,47.25412],[-121.33196,47.25749],[-121.33209,47.25887],[-121.33585,47.26056],[-121.33534,47.2632],[-121.3371,47.26497],[-121.33792,47.26774],[-121.33873,47.26826],[-121.33817,47.27012],[-121.33921,47.27356],[-121.33837,47.27603],[-121.34105,47.2777],[-121.3412,47.28126],[-121.3437,47.28265],[-121.34954,47.28308],[-121.35133,47.2846],[-121.354,47.28383],[-121.35916,47.28532],[-121.3605,47.28629],[-121.3604,47.29093],[-121.36159,47.29191],[-121.36708,47.29087],[-121.37075,47.28826],[-121.36935,47.28656],[-121.37072,47.28519],[-121.37321,47.285],[-121.3787,47.28633],[-121.38277,47.28584],[-121.38484,47.28513],[-121.38729,47.28604],[-121.39075,47.28607],[-121.39268,47.28725],[-121.39385,47.2887],[-121.39784,47.28889],[-121.40353,47.28849],[-121.40744,47.28963],[-121.40918,47.28916],[-121.41171,47.28995],[-121.41496,47.2932],[-121.41711,47.29329],[-121.4192,47.29044],[-121.41921,47.28695],[-121.4201,47.28671],[-121.42214,47.28793],[-121.42558,47.28835],[-121.42749,47.28908],[-121.43022,47.29204],[-121.43225,47.29296],[-121.43284,47.29417],[-121.43067,47.2963],[-121.43195,47.29844],[-121.43299,47.30514],[-121.43489,47.30564],[-121.43586,47.3068],[-121.44072,47.30693],[-121.44436,47.30825],[-121.44533,47.30982],[-121.44498,47.31088],[-121.44187,47.31408],[-121.44087,47.31601],[-121.43844,47.31774],[-121.4395,47.31973],[-121.43996,47.32197],[-121.43893,47.32418],[-121.43731,47.32563],[-121.43725,47.32679],[-121.43594,47.3287],[-121.4317,47.32974],[-121.43037,47.33408],[-121.433,47.33791],[-121.43679,47.34096],[-121.43796,47.34234],[-121.4387,47.34377],[-121.44465,47.34376],[-121.44863,47.34632],[-121.44983,47.34796],[-121.45195,47.34801],[-121.45624,47.3497],[-121.46062,47.35289],[-121.4629,47.35306],[-121.46423,47.35442],[-121.46281,47.35749],[-121.46146,47.3591],[-121.46148,47.36171],[-121.46291,47.36235],[-121.46589,47.3666],[-121.46595,47.36798],[-121.46395,47.37058],[-121.46241,47.37071],[-121.46077,47.37264],[-121.45927,47.37307],[-121.45401,47.37184],[-121.45241,47.37187],[-121.44865,47.37319],[-121.44495,47.37378],[-121.44227,47.37326],[-121.44112,47.37194],[-121.43779,47.37197],[-121.44012,47.3749],[-121.44025,47.37788],[-121.44141,47.38032],[-121.4412,47.38441],[-121.44046,47.38583],[-121.43542,47.38671],[-121.42977,47.38712],[-121.42621,47.38959],[-121.4265,47.39239],[-121.42732,47.39296],[-121.42747,47.39586],[-121.4304,47.39785],[-121.43358,47.39902],[-121.43231,47.4013],[-121.42991,47.40335],[-121.42756,47.40254],[-121.42533,47.40443],[-121.4231,47.40557],[-121.42209,47.40878],[-121.42282,47.41102],[-121.4223,47.41271],[-121.42445,47.41587],[-121.42844,47.41636],[-121.42745,47.42062],[-121.42465,47.42191],[-121.42241,47.42233],[-121.41472,47.42183],[-121.41133,47.4231],[-121.41088,47.42454],[-121.40827,47.42809],[-121.40309,47.43125],[-121.4005,47.43218],[-121.39662,47.43195],[-121.39315,47.43361],[-121.38963,47.43417],[-121.38748,47.43362],[-121.38511,47.43449],[-121.38152,47.43865],[-121.38473,47.44286],[-121.38529,47.44491],[-121.3842,47.44622],[-121.3818,47.44777],[-121.37898,47.45072],[-121.37857,47.45226],[-121.37912,47.45441],[-121.37489,47.45641],[-121.37067,47.46042],[-121.3647,47.46352],[-121.36401,47.46473],[-121.35888,47.46543],[-121.35152,47.46451],[-121.34799,47.46532],[-121.34668,47.4675],[-121.34346,47.47037],[-121.3415,47.47472],[-121.33871,47.47638],[-121.33681,47.47525],[-121.33552,47.47544],[-121.33464,47.47446],[-121.33199,47.47369],[-121.32906,47.47597],[-121.32536,47.47797],[-121.32461,47.4794],[-121.31968,47.47885],[-121.31636,47.47975],[-121.31502,47.47801],[-121.31407,47.47794],[-121.31154,47.4796],[-121.3111,47.48298],[-121.30849,47.48333],[-121.30666,47.485],[-121.30313,47.48602],[-121.30256,47.48835],[-121.30113,47.4916],[-121.30156,47.49257],[-121.30036,47.49581],[-121.29657,47.49985],[-121.29254,47.50183],[-121.2922,47.50331],[-121.29064,47.50485],[-121.28992,47.50771],[-121.28858,47.50872],[-121.2891,47.51106],[-121.29131,47.51173],[-121.29195,47.51355],[-121.28742,47.51314],[-121.28536,47.5136],[-121.28332,47.51511],[-121.28528,47.51609],[-121.28553,47.51703],[-121.28369,47.51876],[-121.28105,47.52017],[-121.27891,47.52298],[-121.27251,47.52289],[-121.27016,47.52351],[-121.26336,47.52342],[-121.26179,47.52384],[-121.26061,47.52505],[-121.26066,47.52664],[-121.25707,47.5291],[-121.25719,47.53154],[-121.25479,47.5339],[-121.2516,47.53205],[-121.24553,47.53572],[-121.24287,47.53588],[-121.24293,47.53836],[-121.24153,47.53906],[-121.24304,47.54039],[-121.24334,47.54304],[-121.24065,47.54392],[-121.23539,47.54465],[-121.23433,47.54666],[-121.23556,47.54812],[-121.23336,47.55057],[-121.23419,47.55206],[-121.23394,47.55635],[-121.2325,47.55714],[-121.23212,47.5587],[-121.23306,47.56044],[-121.23191,47.56245],[-121.2301,47.56314],[-121.2289,47.5656],[-121.22462,47.56723],[-121.22134,47.56782],[-121.21704,47.56975],[-121.21465,47.56883],[-121.21295,47.56882],[-121.20995,47.56719],[-121.20863,47.56597],[-121.20418,47.56633],[-121.19836,47.56644],[-121.1946,47.56615],[-121.18831,47.56873],[-121.18606,47.56723],[-121.18422,47.56675],[-121.1822,47.56518],[-121.18014,47.56492],[-121.17658,47.56693],[-121.17694,47.56974],[-121.1751,47.57237],[-121.17239,47.57369],[-121.17084,47.57599],[-121.1699,47.5792],[-121.17216,47.58071],[-121.17298,47.58338],[-121.17178,47.58409],[-121.17075,47.58601],[-121.17225,47.59005],[-121.16848,47.59053],[-121.16713,47.59163],[-121.16392,47.59261],[-121.16058,47.59275],[-121.15573,47.5938],[-121.15473,47.59507],[-121.15101,47.59539],[-121.14833,47.59365],[-121.14552,47.59325],[-121.14396,47.59224],[-121.14163,47.59212],[-121.14108,47.59396],[-121.13898,47.59544],[-121.1372,47.59572],[-121.13431,47.59541],[-121.1297,47.59331],[-121.12614,47.59243],[-121.12334,47.59215],[-121.12013,47.59132],[-121.11926,47.59187],[-121.11853,47.59567],[-121.11688,47.59731],[-121.11582,47.59787],[-121.11357,47.59729],[-121.1111,47.59978],[-121.11138,47.60162],[-121.1132,47.60348],[-121.11564,47.6042],[-121.1201,47.61159],[-121.11993,47.61575],[-121.11374,47.618],[-121.11312,47.61878],[-121.1137,47.62156],[-121.11602,47.62413],[-121.11751,47.62483],[-121.11876,47.62697],[-121.12014,47.62738],[-121.12461,47.62733],[-121.12677,47.63143],[-121.12784,47.63243],[-121.1268,47.63406],[-121.12659,47.63844],[-121.12869,47.63983],[-121.13132,47.64447],[-121.1337,47.64561],[-121.13252,47.64824],[-121.13273,47.6498],[-121.13159,47.65097],[-121.131,47.65424],[-121.13188,47.65566],[-121.12857,47.6557],[-121.12564,47.65716],[-121.12468,47.6592],[-121.12481,47.66134],[-121.12318,47.66333],[-121.12352,47.66459],[-121.12554,47.66673],[-121.1274,47.67121],[-121.12929,47.67326],[-121.12882,47.67618],[-121.12657,47.67737],[-121.1265,47.67831],[-121.12368,47.68021],[-121.12274,47.68391],[-121.12158,47.68521],[-121.11895,47.68532],[-121.11412,47.68699],[-121.11262,47.68663],[-121.10917,47.68883],[-121.10551,47.68882],[-121.09926,47.69265],[-121.09412,47.6954],[-121.09106,47.69875],[-121.09143,47.70132],[-121.09029,47.70283],[-121.0883,47.70314],[-121.08442,47.70223],[-121.07937,47.70196],[-121.07708,47.70366],[-121.07499,47.70378],[-121.06896,47.70625],[-121.06712,47.70627],[-121.06594,47.70928],[-121.066,47.7136],[-121.06964,47.71765],[-121.07312,47.71916],[-121.07826,47.72001],[-121.08363,47.72274],[-121.08631,47.72754],[-121.08737,47.7285],[-121.08478,47.72991],[-121.08494,47.7323],[-121.08185,47.73415],[-121.08077,47.73703],[-121.07899,47.73919],[-121.08163,47.74257],[-121.08282,47.7434],[-121.08633,47.74429],[-121.08971,47.7461],[-121.09264,47.75309],[-121.09291,47.75581],[-121.09402,47.75818],[-121.09918,47.75899],[-121.10096,47.75732],[-121.10646,47.75681],[-121.10941,47.7572],[-121.11086,47.75842],[-121.1105,47.7616],[-121.1077,47.76668],[-121.10921,47.76676],[-121.11391,47.77025],[-121.11428,47.77169],[-121.11948,47.77584],[-121.1187,47.77801],[-121.11918,47.77993],[-121.19563,47.7801],[-121.19567,47.77914],[-121.45554,47.78058],[-121.45554,47.77843],[-121.48457,47.778],[-121.49986,47.77783],[-121.54049,47.77785],[-121.58446,47.77706],[-121.58454,47.77705],[-121.64571,47.7771],[-121.66681,47.77721],[-121.74446,47.77776],[-121.75546,47.77711],[-121.81915,47.777],[-121.82047,47.7771],[-121.84069,47.77737],[-121.85141,47.77685],[-121.86194,47.77731],[-121.86455,47.7773],[-121.92304,47.77699],[-121.92782,47.77696],[-121.96779,47.77618],[-121.99178,47.77535],[-122.00035,47.77539],[-122.00037,47.77539],[-122.00774,47.77544],[-122.02349,47.77558],[-122.04958,47.77573],[-122.05471,47.77568],[-122.07465,47.77598],[-122.07468,47.77598],[-122.08227,47.77607],[-122.08833,47.77612],[-122.09128,47.77605],[-122.09951,47.77587],[-122.10736,47.77591],[-122.10943,47.77592],[-122.11295,47.77595],[-122.13237,47.77605],[-122.15384,47.7762],[-122.15444,47.7762],[-122.15505,47.77622],[-122.15517,47.77622],[-122.16675,47.77625],[-122.16944,47.77626],[-122.18024,47.77635],[-122.19121,47.77641],[-122.19149,47.77642],[-122.20163,47.77646],[-122.20703,47.77649],[-122.21693,47.7766],[-122.2232,47.77669],[-122.22761,47.77675],[-122.23304,47.77682],[-122.24276,47.77698],[-122.24361,47.77696],[-122.24939,47.77704],[-122.25317,47.77706],[-122.26068,47.77708],[-122.26675,47.77709],[-122.27103,47.7771],[-122.28686,47.77732],[-122.28824,47.77733],[-122.29009,47.77735],[-122.29759,47.77742],[-122.29812,47.77743],[-122.30298,47.77747],[-122.30301,47.77747],[-122.30836,47.77753],[-122.31765,47.77762],[-122.31787,47.77762],[-122.318,47.77762],[-122.32684,47.77768],[-122.32739,47.77765],[-122.32994,47.77762],[-122.33536,47.77777],[-122.33815,47.77778],[-122.34616,47.77779],[-122.34629,47.77779],[-122.35149,47.77778],[-122.35621,47.77777],[-122.36133,47.77776],[-122.36289,47.77775],[-122.37208,47.7778],[-122.37733,47.77785],[-122.38019,47.77784],[-122.39254,47.77793],[-122.39317,47.77793],[-122.39491,47.77764]]],[[[-122.52603,47.35891],[-122.52813,47.34554],[-122.52338,47.33763],[-122.51885,47.33332],[-122.50849,47.33272],[-122.50491,47.33068],[-122.49313,47.33025],[-122.49107,47.33243],[-122.49123,47.33517],[-122.48971,47.35173],[-122.48757,47.3572],[-122.48781,47.36509],[-122.48424,47.38006],[-122.48159,47.38193],[-122.4783,47.38425],[-122.47327,47.38711],[-122.46499,47.3873],[-122.45644,47.38489],[-122.45144,47.38296],[-122.44503,47.38939],[-122.44883,47.39245],[-122.45216,47.39519],[-122.46024,47.39342],[-122.46452,47.39068],[-122.46594,47.39519],[-122.46404,47.39921],[-122.46,47.40162],[-122.45396,47.40263],[-122.4483,47.40214],[-122.44788,47.40211],[-122.44265,47.40452],[-122.43956,47.4042],[-122.43908,47.39454],[-122.43718,47.39068],[-122.43314,47.38811],[-122.43576,47.38634],[-122.44241,47.38473],[-122.45311,47.3725],[-122.45667,47.37169],[-122.4638,47.37507],[-122.46618,47.3725],[-122.46627,47.37177],[-122.46667,47.36861],[-122.4707,47.3659],[-122.4745,47.35913],[-122.47711,47.35108],[-122.47569,47.34706],[-122.4697,47.34462],[-122.4575,47.34257],[-122.45399,47.34334],[-122.45091,47.34921],[-122.44839,47.35499],[-122.44455,47.35688],[-122.44492,47.3594],[-122.43781,47.3656],[-122.43333,47.36756],[-122.42958,47.36919],[-122.42126,47.37105],[-122.41796,47.37489],[-122.40438,47.37861],[-122.40036,47.38157],[-122.39102,47.38277],[-122.37848,47.38533],[-122.37491,47.38695],[-122.37378,47.38879],[-122.39505,47.39928],[-122.42733,47.40213],[-122.43765,47.40743],[-122.43752,47.41263],[-122.43993,47.41701],[-122.43897,47.41765],[-122.43573,47.41981],[-122.43065,47.42151],[-122.42994,47.42368],[-122.4364,47.43026],[-122.43988,47.43777],[-122.43861,47.44199],[-122.43954,47.4489],[-122.44001,47.4495],[-122.44309,47.45346],[-122.43941,47.45863],[-122.43339,47.46643],[-122.44499,47.47318],[-122.44743,47.47826],[-122.45255,47.48112],[-122.46003,47.48686],[-122.45905,47.49228],[-122.46044,47.49376],[-122.45903,47.49713],[-122.45858,47.49822],[-122.4531,47.50226],[-122.4524,47.50347],[-122.45725,47.50585],[-122.46856,47.51008],[-122.47662,47.51108],[-122.47877,47.4969],[-122.48274,47.48313],[-122.49422,47.47765],[-122.49786,47.47591],[-122.50245,47.46796],[-122.50896,47.46111],[-122.51172,47.45436],[-122.51395,47.4489],[-122.51324,47.42334],[-122.5145,47.4193],[-122.5147,47.41405],[-122.52203,47.40725],[-122.52281,47.4052],[-122.52398,47.40212],[-122.52673,47.39858],[-122.52774,47.39229],[-122.52085,47.38296],[-122.51633,47.37732],[-122.5178,47.36868],[-122.52394,47.36654],[-122.52603,47.35891]]]]},"properties":{"GEOID":"53033","NAME":"King"}},{"type":"Feature","geometry":{"type":"MultiPolygon","coordinates":[[[[-122.53768,48.36366],[-122.53921,48.36277],[-122.53731,48.36119],[-122.53378,48.36087],[-122.53208,48.36072],[-122.52789,48.35973],[-122.52519,48.36025],[-122.524,48.36246],[-122.52543,48.36388],[-122.52852,48.36498],[-122.53208,48.3653],[-122.53583,48.36472],[-122.53768,48.36366]]],[[[-122.55209,48.52687],[-122.55226,48.52402],[-122.55114,48.52185],[-122.54984,48.52092],[-122.54752,48.51927],[-122.5442,48.5206],[-122.54292,48.52313],[-122.54422,48.52495],[-122.5451,48.52618],[-122.54914,48.52843],[-122.55209,48.52687]]],[[[-122.55942,48.53587],[-122.55844,48.53449],[-122.55304,48.53307],[-122.55258,48.53407],[-122.55347,48.53555],[-122.5542,48.53651],[-122.55462,48.53707],[-122.55786,48.53773],[-122.55942,48.53587]]],[[[-122.57039,48.53785],[-122.57035,48.53587],[-122.56654,48.53508],[-122.56684,48.53569],[-122.56726,48.53658],[-122.56863,48.53796],[-122.57039,48.53785]]],[[[-122.5789,48.39577],[-122.57857,48.39572],[-122.57469,48.39522],[-122.56965,48.39614],[-122.56229,48.39793],[-122.5606,48.39861],[-122.55989,48.40081],[-122.56013,48.40271],[-122.56417,48.40192],[-122.5675,48.40192],[-122.57154,48.40034],[-122.57316,48.40142],[-122.5732,48.40145],[-122.57534,48.40097],[-122.57772,48.39845],[-122.5789,48.39577]]],[[[-122.61448,48.61315],[-122.61465,48.611],[-122.61154,48.6085],[-122.60795,48.607],[-122.60612,48.60589],[-122.60276,48.60529],[-122.60168,48.60571],[-122.60008,48.60632],[-122.59848,48.60767],[-122.5989,48.61138],[-122.60172,48.61403],[-122.60683,48.61368],[-122.61078,48.61574],[-122.61323,48.61433],[-122.61448,48.61315]]],[[[-122.61519,48.58018],[-122.61425,48.57964],[-122.61337,48.57913],[-122.60933,48.58086],[-122.61004,48.58243],[-122.61103,48.58254],[-122.61289,48.58275],[-122.61519,48.58018]]],[[[-122.65361,48.54898],[-122.65434,48.53796],[-122.65204,48.53133],[-122.65099,48.53037],[-122.64926,48.52877],[-122.64041,48.52586],[-122.63574,48.52602],[-122.63083,48.52702],[-122.61986,48.52925],[-122.59995,48.5369],[-122.59019,48.53626],[-122.58936,48.53382],[-122.58635,48.53305],[-122.58408,48.53247],[-122.58356,48.53234],[-122.57589,48.5293],[-122.57297,48.52903],[-122.57277,48.53102],[-122.57402,48.53295],[-122.57723,48.53417],[-122.57439,48.53855],[-122.57691,48.54353],[-122.57749,48.54467],[-122.57886,48.54813],[-122.57891,48.54816],[-122.58398,48.55153],[-122.5929,48.55364],[-122.59714,48.55437],[-122.60193,48.55803],[-122.60253,48.55824],[-122.61084,48.56115],[-122.61205,48.56198],[-122.61593,48.56466],[-122.6205,48.56781],[-122.62917,48.57213],[-122.62932,48.5722],[-122.63566,48.57867],[-122.63714,48.58432],[-122.6426,48.58834],[-122.64284,48.58838],[-122.64559,48.58889],[-122.6494,48.58846],[-122.65184,48.58435],[-122.65238,48.58343],[-122.65149,48.57917],[-122.65092,48.57646],[-122.6519,48.57457],[-122.65176,48.572],[-122.65161,48.56921],[-122.64648,48.56484],[-122.64522,48.56089],[-122.64688,48.55758],[-122.64747,48.55704],[-122.64956,48.55514],[-122.65079,48.55402],[-122.65361,48.54898]]],[[[-122.69927,48.62112],[-122.69833,48.61731],[-122.69822,48.61686],[-122.69466,48.61748],[-122.6922,48.61689],[-122.69183,48.61667],[-122.68614,48.61327],[-122.68452,48.61271],[-122.6768,48.61006],[-122.6757,48.60985],[-122.66734,48.60831],[-122.66615,48.60809],[-122.65702,48.60989],[-122.65791,48.61234],[-122.6624,48.61434],[-122.66245,48.6174],[-122.66291,48.62038],[-122.66636,48.62196],[-122.67152,48.62483],[-122.6729,48.62921],[-122.67417,48.62994],[-122.67946,48.62914],[-122.68258,48.62838],[-122.68538,48.6277],[-122.69172,48.6249],[-122.69806,48.62308],[-122.69927,48.62112]]],[[[-122.48879,48.6454],[-122.48688,48.64312],[-122.47741,48.63737],[-122.46779,48.62885],[-122.46425,48.62572],[-122.4487,48.62262],[-122.44424,48.61823],[-122.4445,48.61673],[-122.44479,48.61513],[-122.44258,48.61463],[-122.4382,48.61308],[-122.4339,48.60858],[-122.43237,48.60454],[-122.42948,48.60249],[-122.42527,48.59952],[-122.42681,48.59735],[-122.42917,48.59402],[-122.43288,48.58217],[-122.43306,48.58161],[-122.43759,48.57708],[-122.44129,48.57622],[-122.44295,48.57583],[-122.44382,48.57353],[-122.4439,48.57331],[-122.44573,48.56974],[-122.44887,48.56923],[-122.45061,48.56894],[-122.45238,48.56833],[-122.45385,48.56616],[-122.45412,48.56576],[-122.46054,48.56624],[-122.4626,48.56724],[-122.46535,48.56587],[-122.46573,48.56336],[-122.46601,48.56026],[-122.46886,48.55727],[-122.47456,48.5568],[-122.47843,48.5593],[-122.48241,48.55965],[-122.48842,48.56467],[-122.49144,48.56781],[-122.48645,48.57017],[-122.49074,48.57066],[-122.49191,48.5708],[-122.49474,48.57254],[-122.49519,48.57282],[-122.49583,48.57562],[-122.4959,48.57593],[-122.49596,48.57593],[-122.50417,48.57643],[-122.50459,48.57646],[-122.52286,48.57567],[-122.52373,48.57563],[-122.53479,48.57596],[-122.53998,48.57634],[-122.54251,48.57913],[-122.54744,48.58079],[-122.55113,48.58167],[-122.55181,48.58322],[-122.55109,48.58511],[-122.55267,48.58697],[-122.55458,48.5884],[-122.55662,48.58762],[-122.55698,48.58533],[-122.56029,48.58317],[-122.56084,48.58165],[-122.55741,48.57967],[-122.55642,48.57715],[-122.55915,48.57441],[-122.55537,48.57488],[-122.552,48.57584],[-122.54744,48.57507],[-122.5366,48.57437],[-122.53163,48.57207],[-122.52799,48.5698],[-122.52239,48.56698],[-122.51221,48.56573],[-122.51051,48.56552],[-122.51035,48.5655],[-122.50443,48.56478],[-122.50009,48.55764],[-122.49864,48.55474],[-122.50047,48.55066],[-122.49789,48.54585],[-122.49782,48.54277],[-122.49676,48.54153],[-122.49554,48.5401],[-122.49154,48.53775],[-122.49059,48.53732],[-122.48811,48.53618],[-122.48811,48.53606],[-122.48806,48.53482],[-122.48795,48.53207],[-122.48529,48.52811],[-122.48387,48.52189],[-122.48314,48.52003],[-122.48247,48.51835],[-122.48835,48.51352],[-122.485,48.50962],[-122.48325,48.50093],[-122.48283,48.49884],[-122.48292,48.49793],[-122.48295,48.4977],[-122.4835,48.49243],[-122.4822,48.48831],[-122.47904,48.48538],[-122.47885,48.48174],[-122.47623,48.48071],[-122.47376,48.47975],[-122.47247,48.47873],[-122.47005,48.47682],[-122.46967,48.47498],[-122.46963,48.47219],[-122.47183,48.47072],[-122.47647,48.46879],[-122.47761,48.46832],[-122.47839,48.46813],[-122.49686,48.46378],[-122.50072,48.46089],[-122.51093,48.46295],[-122.51474,48.46585],[-122.51734,48.46784],[-122.52377,48.46795],[-122.52448,48.46879],[-122.52796,48.47291],[-122.52899,48.47414],[-122.53327,48.47587],[-122.53141,48.47271],[-122.52813,48.46761],[-122.52787,48.46719],[-122.52899,48.46468],[-122.53284,48.46606],[-122.53735,48.46675],[-122.54324,48.47503],[-122.54835,48.48588],[-122.55425,48.49391],[-122.55683,48.49881],[-122.5587,48.49982],[-122.56743,48.49927],[-122.57439,48.49619],[-122.5789,48.4932],[-122.57843,48.48785],[-122.57463,48.48454],[-122.57368,48.47745],[-122.57366,48.4774],[-122.57177,48.47036],[-122.57177,48.46829],[-122.57177,48.46626],[-122.57486,48.46327],[-122.577,48.46344],[-122.58057,48.46374],[-122.58135,48.46413],[-122.58556,48.46626],[-122.58643,48.46846],[-122.58916,48.47535],[-122.58936,48.47587],[-122.59229,48.48123],[-122.59257,48.48173],[-122.59133,48.48273],[-122.59007,48.48375],[-122.59507,48.48533],[-122.59887,48.49163],[-122.60143,48.49792],[-122.60196,48.50234],[-122.60172,48.5047],[-122.60624,48.5069],[-122.60529,48.50911],[-122.60434,48.51179],[-122.59847,48.51217],[-122.59776,48.51449],[-122.59995,48.52095],[-122.60696,48.52215],[-122.61518,48.52143],[-122.61552,48.52132],[-122.63646,48.51482],[-122.67139,48.50398],[-122.67692,48.50448],[-122.67825,48.50648],[-122.67912,48.5078],[-122.68452,48.50912],[-122.68874,48.50629],[-122.68884,48.50432],[-122.69128,48.50304],[-122.69193,48.50015],[-122.69297,48.50015],[-122.69965,48.50013],[-122.70164,48.49762],[-122.70084,48.49598],[-122.70228,48.49439],[-122.70292,48.49201],[-122.69632,48.491],[-122.69157,48.49052],[-122.688,48.49194],[-122.67635,48.48958],[-122.66827,48.48627],[-122.66719,48.48406],[-122.66719,48.48405],[-122.66589,48.48139],[-122.66568,48.48083],[-122.66464,48.47818],[-122.66462,48.47813],[-122.65775,48.47294],[-122.65754,48.47154],[-122.65612,48.46234],[-122.65444,48.45756],[-122.65484,48.45409],[-122.65889,48.45311],[-122.66162,48.45255],[-122.66153,48.44808],[-122.66312,48.44654],[-122.66471,48.44608],[-122.66598,48.44428],[-122.66725,48.4425],[-122.67408,48.44198],[-122.67419,48.44333],[-122.67707,48.44406],[-122.67893,48.43947],[-122.67584,48.43654],[-122.67416,48.42473],[-122.67157,48.42257],[-122.66875,48.42022],[-122.66566,48.42006],[-122.66376,48.41754],[-122.66461,48.41695],[-122.66534,48.41645],[-122.66376,48.41517],[-122.65948,48.41612],[-122.65615,48.41596],[-122.65401,48.41786],[-122.65116,48.41565],[-122.65163,48.41249],[-122.65702,48.4122],[-122.65781,48.41044],[-122.65615,48.40776],[-122.65466,48.40762],[-122.65282,48.40744],[-122.64984,48.40853],[-122.6497,48.40853],[-122.64851,48.40858],[-122.64551,48.4087],[-122.64545,48.40871],[-122.6452,48.40871],[-122.64218,48.40871],[-122.64094,48.40871],[-122.6367,48.40969],[-122.6364,48.40976],[-122.63613,48.40983],[-122.63377,48.41038],[-122.63119,48.4136],[-122.62644,48.41517],[-122.62635,48.41514],[-122.62359,48.41407],[-122.62305,48.41301],[-122.62287,48.41265],[-122.6186,48.41265],[-122.61456,48.41375],[-122.61396,48.41518],[-122.61265,48.41833],[-122.6098,48.42133],[-122.60552,48.42338],[-122.60215,48.42263],[-122.60196,48.42259],[-122.59578,48.42243],[-122.5858,48.42574],[-122.58219,48.42875],[-122.58161,48.42924],[-122.57819,48.43426],[-122.57844,48.43567],[-122.5789,48.43836],[-122.57819,48.44085],[-122.57795,48.44167],[-122.57581,48.44514],[-122.5713,48.44671],[-122.56835,48.44499],[-122.56607,48.44552],[-122.56227,48.4464],[-122.56166,48.44616],[-122.5573,48.44444],[-122.55466,48.44403],[-122.55441,48.44465],[-122.55276,48.44861],[-122.5519,48.44855],[-122.55141,48.44852],[-122.55038,48.44845],[-122.54824,48.44545],[-122.54896,48.44183],[-122.55122,48.43947],[-122.5584,48.42676],[-122.5587,48.42306],[-122.56013,48.42085],[-122.56797,48.42148],[-122.57249,48.41896],[-122.57585,48.41694],[-122.57748,48.41596],[-122.58002,48.41418],[-122.58152,48.41312],[-122.58078,48.41174],[-122.58033,48.41091],[-122.57748,48.41218],[-122.57137,48.41623],[-122.57011,48.41707],[-122.56417,48.41817],[-122.56227,48.41943],[-122.55712,48.41988],[-122.55347,48.41644],[-122.55205,48.41044],[-122.55561,48.40744],[-122.55454,48.40604],[-122.54967,48.40381],[-122.54753,48.39996],[-122.54749,48.39989],[-122.53945,48.39719],[-122.53345,48.38341],[-122.53288,48.37777],[-122.53278,48.3767],[-122.53493,48.37509],[-122.5332,48.37509],[-122.53192,48.37509],[-122.52971,48.37509],[-122.52315,48.37599],[-122.52278,48.37538],[-122.52243,48.37483],[-122.51949,48.37003],[-122.5114,48.3713],[-122.50475,48.37146],[-122.50174,48.37184],[-122.49738,48.3724],[-122.49263,48.36988],[-122.49529,48.36927],[-122.49881,48.36846],[-122.50724,48.36475],[-122.50744,48.36467],[-122.50879,48.36135],[-122.50829,48.36102],[-122.50582,48.35943],[-122.50078,48.35927],[-122.49863,48.3592],[-122.49198,48.35809],[-122.48787,48.3574],[-122.4878,48.35737],[-122.48257,48.35492],[-122.47284,48.35286],[-122.47269,48.35283],[-122.47266,48.35282],[-122.4622,48.35187],[-122.4543,48.34623],[-122.45008,48.3424],[-122.44268,48.33793],[-122.4369,48.33775],[-122.43314,48.33577],[-122.42473,48.33445],[-122.4241,48.33435],[-122.42267,48.33128],[-122.4187,48.32889],[-122.41467,48.3277],[-122.41102,48.32691],[-122.40872,48.32641],[-122.4056,48.32384],[-122.40499,48.32334],[-122.4046,48.32241],[-122.40207,48.31648],[-122.39732,48.30779],[-122.39351,48.30589],[-122.39066,48.30494],[-122.38805,48.30083],[-122.38789,48.29772],[-122.38324,48.2977],[-122.37854,48.29768],[-122.3532,48.29757],[-122.33537,48.29752],[-122.32474,48.29752],[-122.30344,48.2976],[-122.25184,48.29746],[-122.20391,48.29762],[-122.20127,48.29763],[-122.19434,48.29767],[-122.18357,48.29728],[-122.17539,48.29724],[-122.16185,48.29723],[-122.1403,48.29781],[-121.99862,48.2975],[-121.99607,48.2975],[-121.96665,48.29743],[-121.94474,48.29742],[-121.92266,48.29751],[-121.90486,48.29764],[-121.85797,48.29748],[-121.8566,48.29749],[-121.83511,48.29799],[-121.76255,48.29886],[-121.69264,48.29896],[-121.68609,48.29899],[-121.63642,48.29847],[-121.5775,48.29897],[-121.57756,48.29736],[-121.56671,48.29738],[-121.56059,48.29714],[-121.44496,48.29604],[-121.00166,48.29601],[-121.00375,48.29943],[-121.00728,48.30008],[-121.01085,48.30016],[-121.01941,48.302],[-121.02078,48.30283],[-121.02549,48.30227],[-121.02852,48.30388],[-121.02936,48.30605],[-121.02889,48.30762],[-121.03178,48.30917],[-121.03462,48.31148],[-121.03668,48.31155],[-121.03949,48.31074],[-121.0409,48.3096],[-121.04507,48.30887],[-121.04659,48.30918],[-121.05173,48.31212],[-121.05417,48.31442],[-121.05804,48.31617],[-121.05992,48.31648],[-121.0646,48.31519],[-121.06721,48.31513],[-121.07148,48.31796],[-121.06887,48.31998],[-121.06915,48.32142],[-121.06782,48.32431],[-121.06659,48.32458],[-121.06592,48.32806],[-121.06721,48.32995],[-121.07005,48.33041],[-121.07111,48.33232],[-121.07006,48.33369],[-121.06918,48.33904],[-121.06566,48.33824],[-121.06521,48.3407],[-121.06394,48.34358],[-121.06069,48.34648],[-121.05945,48.34668],[-121.05379,48.34503],[-121.04567,48.34596],[-121.04303,48.34573],[-121.04063,48.3479],[-121.04068,48.35011],[-121.0419,48.35086],[-121.04233,48.35372],[-121.04084,48.35641],[-121.04201,48.35882],[-121.04167,48.36032],[-121.0435,48.36399],[-121.04673,48.36636],[-121.04916,48.37026],[-121.05258,48.37364],[-121.06003,48.37797],[-121.06184,48.37965],[-121.05882,48.3824],[-121.05896,48.3857],[-121.05987,48.38786],[-121.06279,48.3894],[-121.06576,48.39179],[-121.06643,48.39354],[-121.06472,48.39645],[-121.06502,48.39925],[-121.06227,48.40163],[-121.06234,48.40528],[-121.05546,48.41264],[-121.05392,48.41255],[-121.04704,48.41045],[-121.04159,48.41127],[-121.04625,48.41889],[-121.04549,48.42113],[-121.04375,48.4237],[-121.04334,48.42664],[-121.04215,48.43077],[-121.03768,48.43208],[-121.03713,48.43303],[-121.03883,48.43533],[-121.03827,48.43808],[-121.04037,48.44206],[-121.04099,48.44574],[-121.04507,48.44794],[-121.04764,48.44718],[-121.05554,48.45017],[-121.05615,48.45157],[-121.05888,48.45243],[-121.06083,48.45516],[-121.06126,48.45821],[-121.06323,48.45979],[-121.06056,48.46267],[-121.06004,48.46719],[-121.05675,48.47141],[-121.05653,48.47637],[-121.05394,48.47939],[-121.05276,48.48201],[-121.04971,48.4854],[-121.04257,48.49059],[-121.03908,48.49189],[-121.03623,48.4953],[-121.02363,48.49544],[-121.01559,48.49431],[-121.00109,48.4942],[-120.99811,48.49504],[-120.99714,48.49704],[-120.99293,48.49904],[-120.99063,48.49895],[-120.98523,48.4978],[-120.9824,48.49951],[-120.97963,48.49897],[-120.97694,48.50007],[-120.97529,48.49929],[-120.97425,48.49995],[-120.9718,48.49953],[-120.96883,48.50011],[-120.96661,48.49888],[-120.96379,48.49857],[-120.95995,48.50002],[-120.95548,48.50027],[-120.95195,48.49921],[-120.95107,48.49964],[-120.94887,48.50511],[-120.94947,48.50613],[-120.94871,48.50821],[-120.94894,48.51022],[-120.95058,48.51196],[-120.95098,48.5137],[-120.95004,48.51528],[-120.95222,48.51812],[-120.95429,48.52237],[-120.95084,48.52645],[-120.9505,48.52958],[-120.94906,48.53],[-120.94069,48.53002],[-120.93532,48.52931],[-120.92696,48.52601],[-120.92275,48.52521],[-120.9046,48.52365],[-120.90313,48.52476],[-120.90258,48.52727],[-120.90429,48.53012],[-120.90396,48.5334],[-120.90211,48.53378],[-120.89968,48.53258],[-120.8981,48.5328],[-120.89432,48.53588],[-120.88999,48.53592],[-120.8854,48.53819],[-120.88167,48.5367],[-120.87673,48.5355],[-120.87475,48.53419],[-120.87339,48.532],[-120.87183,48.53105],[-120.86321,48.53007],[-120.86195,48.53088],[-120.86146,48.53353],[-120.85794,48.53567],[-120.85772,48.53741],[-120.86087,48.54206],[-120.86073,48.54421],[-120.85743,48.54768],[-120.85386,48.54907],[-120.8509,48.54842],[-120.84729,48.54915],[-120.84465,48.55055],[-120.84227,48.55009],[-120.83863,48.55084],[-120.8371,48.54916],[-120.83385,48.54803],[-120.83079,48.54771],[-120.82637,48.54652],[-120.82395,48.54503],[-120.82649,48.54199],[-120.82434,48.54021],[-120.81705,48.53774],[-120.81636,48.53522],[-120.8104,48.53058],[-120.80931,48.52863],[-120.8102,48.5276],[-120.81634,48.52343],[-120.8176,48.52215],[-120.81679,48.5196],[-120.81391,48.51751],[-120.80412,48.51222],[-120.80183,48.51045],[-120.79186,48.50754],[-120.78793,48.5071],[-120.77855,48.50831],[-120.77439,48.50799],[-120.76563,48.50887],[-120.75822,48.5114],[-120.7552,48.51159],[-120.75191,48.5129],[-120.75021,48.51554],[-120.74655,48.5174],[-120.74184,48.51811],[-120.73461,48.51773],[-120.73087,48.51786],[-120.72497,48.51983],[-120.71835,48.52273],[-120.7154,48.52327],[-120.70948,48.52334],[-120.70534,48.52619],[-120.70356,48.5264],[-120.70305,48.5278],[-120.70359,48.53033],[-120.70207,48.53159],[-120.70389,48.53366],[-120.70508,48.53598],[-120.70746,48.53684],[-120.70741,48.53809],[-120.70868,48.5418],[-120.70524,48.54609],[-120.70546,48.54773],[-120.70454,48.54917],[-120.70198,48.55107],[-120.70033,48.55576],[-120.70099,48.55662],[-120.7005,48.55902],[-120.69919,48.55969],[-120.69637,48.55952],[-120.69293,48.5607],[-120.6881,48.56295],[-120.6861,48.5665],[-120.68673,48.57089],[-120.68873,48.57285],[-120.68852,48.57571],[-120.6928,48.57751],[-120.69506,48.57976],[-120.69741,48.58119],[-120.70012,48.58378],[-120.7019,48.58692],[-120.70399,48.58915],[-120.70648,48.59076],[-120.71224,48.59142],[-120.71547,48.59366],[-120.71499,48.59456],[-120.7172,48.59507],[-120.71921,48.59643],[-120.72258,48.59614],[-120.72438,48.58895],[-120.72752,48.58572],[-120.72931,48.58523],[-120.73066,48.5823],[-120.73523,48.58069],[-120.74158,48.57888],[-120.74413,48.57884],[-120.74548,48.57952],[-120.75386,48.58056],[-120.76046,48.58276],[-120.76466,48.58626],[-120.76586,48.58901],[-120.76914,48.58993],[-120.77383,48.59308],[-120.77404,48.59443],[-120.77858,48.59737],[-120.77956,48.5986],[-120.78366,48.60186],[-120.78531,48.60516],[-120.78531,48.60829],[-120.78396,48.61113],[-120.78211,48.61273],[-120.78244,48.61394],[-120.78752,48.62247],[-120.78831,48.62512],[-120.78715,48.62626],[-120.7823,48.6286],[-120.7806,48.63029],[-120.77748,48.63532],[-120.77408,48.63756],[-120.7733,48.641],[-120.77169,48.64263],[-120.7664,48.64436],[-120.75947,48.6441],[-120.75761,48.64456],[-120.75426,48.64752],[-120.75289,48.64938],[-120.75261,48.6523],[-120.75062,48.65372],[-120.7519,48.657],[-120.90836,48.657],[-120.90836,48.6409],[-121.68846,48.64312],[-121.72972,48.64348],[-121.73838,48.64356],[-121.92022,48.64472],[-121.94222,48.64477],[-121.9648,48.64432],[-121.98354,48.64478],[-121.99447,48.64501],[-122.09468,48.64521],[-122.12121,48.64537],[-122.16038,48.64536],[-122.16194,48.64557],[-122.21032,48.64569],[-122.21584,48.64569],[-122.21725,48.64569],[-122.25869,48.6457],[-122.26254,48.64554],[-122.26932,48.64526],[-122.32333,48.64535],[-122.32699,48.64539],[-122.34047,48.6452],[-122.35203,48.64511],[-122.3764,48.64518],[-122.37844,48.64519],[-122.37921,48.64512],[-122.46521,48.64534],[-122.48879,48.6454]]],[[[-122.7128,48.4673],[-122.7125,48.46473],[-122.71007,48.46162],[-122.70725,48.46122],[-122.70591,48.46094],[-122.70569,48.45918],[-122.69963,48.45777],[-122.69948,48.45785],[-122.69584,48.4598],[-122.69487,48.46244],[-122.69489,48.46468],[-122.69727,48.4661],[-122.69846,48.46831],[-122.69965,48.46973],[-122.70606,48.46862],[-122.70844,48.46784],[-122.71186,48.46815],[-122.7128,48.4673]]],[[[-122.71374,48.47837],[-122.71322,48.47622],[-122.71034,48.47572],[-122.70416,48.47382],[-122.69513,48.47398],[-122.69094,48.47278],[-122.68937,48.47397],[-122.688,48.47502],[-122.69014,48.47603],[-122.688,48.47824],[-122.688,48.48091],[-122.6899,48.48233],[-122.68729,48.48438],[-122.6861,48.4869],[-122.68681,48.48785],[-122.68966,48.48753],[-122.69537,48.48469],[-122.70083,48.48375],[-122.70534,48.48417],[-122.70915,48.48407],[-122.71001,48.48207],[-122.71172,48.47929],[-122.71374,48.47837]]],[[[-122.74048,48.58499],[-122.73783,48.58161],[-122.73761,48.57825],[-122.73954,48.57613],[-122.73944,48.57389],[-122.73839,48.57231],[-122.7362,48.56901],[-122.73048,48.5656],[-122.72793,48.56466],[-122.72627,48.56561],[-122.7227,48.56451],[-122.7189,48.56183],[-122.72127,48.559],[-122.72351,48.55296],[-122.72403,48.54991],[-122.72173,48.54742],[-122.72241,48.54061],[-122.71728,48.53974],[-122.71652,48.53982],[-122.70606,48.5409],[-122.69869,48.54342],[-122.69538,48.54349],[-122.6932,48.54353],[-122.68944,48.5439],[-122.68586,48.54311],[-122.68408,48.54421],[-122.68401,48.54425],[-122.68229,48.54531],[-122.68134,48.5483],[-122.68158,48.55286],[-122.68413,48.55299],[-122.68467,48.55302],[-122.68824,48.55475],[-122.69142,48.55364],[-122.6918,48.55554],[-122.68871,48.5568],[-122.68372,48.56026],[-122.67695,48.56459],[-122.67683,48.56466],[-122.6735,48.56403],[-122.67306,48.56403],[-122.67217,48.56404],[-122.67007,48.56405],[-122.66827,48.56592],[-122.6683,48.56626],[-122.66851,48.56922],[-122.66984,48.56934],[-122.67128,48.56947],[-122.67802,48.57709],[-122.68537,48.57977],[-122.69305,48.58549],[-122.69656,48.58809],[-122.69489,48.58951],[-122.69141,48.59026],[-122.69236,48.5912],[-122.69466,48.59344],[-122.69347,48.59564],[-122.69805,48.60003],[-122.69822,48.6002],[-122.70155,48.6013],[-122.70297,48.60271],[-122.7044,48.60444],[-122.70939,48.60711],[-122.71105,48.60931],[-122.71451,48.60878],[-122.71814,48.60734],[-122.7197,48.60495],[-122.72493,48.60326],[-122.72543,48.60204],[-122.72468,48.59698],[-122.72964,48.5957],[-122.73065,48.59289],[-122.72932,48.58972],[-122.73358,48.58676],[-122.74048,48.58499]]]]},"properties":{"GEOID":"53057","NAME":"Skagit"}},{"type":"Feature","geometry":{"type":"Polygon","coordinates":[[[-118.83661,49.00031],[-118.83683,48.93309],[-118.83694,48.82711],[-118.83701,48.81353],[-118.837,48.81271],[-118.83693,48.79937],[-118.83701,48.68273],[-118.83701,48.65387],[-118.86963,48.65383],[-118.86964,48.64078],[-118.86952,48.48163],[-118.84389,48.48168],[-118.84454,48.39649],[-118.84504,48.30994],[-118.8458,48.30991],[-118.84559,48.18392],[-118.84561,48.05007],[-118.84584,47.98502],[-118.84578,47.96348],[-118.85167,47.96343],[-118.85196,47.95791],[-118.84669,47.9577],[-118.84171,47.95643],[-118.83763,47.95493],[-118.83486,47.95321],[-118.83304,47.95047],[-118.8306,47.93837],[-118.83038,47.93564],[-118.8294,47.93314],[-118.82605,47.92902],[-118.82314,47.92623],[-118.81981,47.92421],[-118.81188,47.92029],[-118.8083,47.91922],[-118.80213,47.91787],[-118.79526,47.91688],[-118.78322,47.91572],[-118.76989,47.9129],[-118.76174,47.9106],[-118.75568,47.90855],[-118.75112,47.90565],[-118.74538,47.90322],[-118.74064,47.90153],[-118.73548,47.90046],[-118.73032,47.90017],[-118.71493,47.90204],[-118.71168,47.90335],[-118.7104,47.90595],[-118.71004,47.90976],[-118.71111,47.91921],[-118.70925,47.92946],[-118.70763,47.93358],[-118.7038,47.93655],[-118.69746,47.94052],[-118.6926,47.94215],[-118.69078,47.9424],[-118.68839,47.94272],[-118.67789,47.94102],[-118.67304,47.93962],[-118.66635,47.93814],[-118.66195,47.93741],[-118.66035,47.93629],[-118.65712,47.93292],[-118.65199,47.92711],[-118.64986,47.92598],[-118.64459,47.92554],[-118.64145,47.92605],[-118.6392,47.9273],[-118.63749,47.92929],[-118.63428,47.92989],[-118.62478,47.92755],[-118.61379,47.92889],[-118.61064,47.92847],[-118.60827,47.92973],[-118.60704,47.93123],[-118.59805,47.92919],[-118.59318,47.93009],[-118.58458,47.93255],[-118.57786,47.93251],[-118.573,47.93274],[-118.5704,47.93232],[-118.56344,47.92763],[-118.56079,47.92724],[-118.55605,47.92596],[-118.55337,47.9241],[-118.54857,47.92279],[-118.54104,47.92041],[-118.53666,47.91793],[-118.5335,47.91488],[-118.53211,47.9105],[-118.53291,47.90657],[-118.53459,47.90121],[-118.54217,47.89263],[-118.54398,47.88858],[-118.54409,47.88397],[-118.54258,47.88057],[-118.53922,47.87765],[-118.53686,47.87683],[-118.5313,47.87488],[-118.50789,47.87526],[-118.50111,47.87385],[-118.49924,47.87385],[-118.49664,47.874],[-118.4901,47.87567],[-118.48523,47.8759],[-118.4841,47.87633],[-118.47851,47.87667],[-118.47574,47.87715],[-118.46698,47.88239],[-118.46579,47.88218],[-118.46424,47.8819],[-118.46091,47.88033],[-118.45961,47.87842],[-118.4581,47.87741],[-118.45698,47.87488],[-118.45666,47.87136],[-118.45706,47.86974],[-118.45696,47.86427],[-118.4578,47.85953],[-118.45617,47.85447],[-118.45295,47.85084],[-118.45014,47.84849],[-118.44582,47.8455],[-118.43716,47.84175],[-118.43344,47.83983],[-118.42411,47.8385],[-118.41883,47.83569],[-118.41649,47.83502],[-118.41213,47.8346],[-118.40539,47.83314],[-118.40174,47.83289],[-118.39877,47.83188],[-118.39266,47.83068],[-118.38345,47.83036],[-118.38044,47.83106],[-118.37746,47.83241],[-118.37484,47.83306],[-118.3717,47.83234],[-118.36815,47.833],[-118.36038,47.83839],[-118.35707,47.8416],[-118.35623,47.84418],[-118.35691,47.84766],[-118.35645,47.85178],[-118.35498,47.85858],[-118.35567,47.85981],[-118.35407,47.86493],[-118.34905,47.87393],[-118.34817,47.87488],[-118.34806,47.87705],[-118.34954,47.88021],[-118.34991,47.88257],[-118.34745,47.88701],[-118.34124,47.89243],[-118.34094,47.89432],[-118.34,47.90018],[-118.35018,47.91629],[-118.35609,47.92932],[-118.35238,47.95359],[-118.34962,47.96562],[-118.34874,47.97178],[-118.35214,47.97476],[-118.37064,47.98557],[-118.3739,47.99621],[-118.37535,47.99988],[-118.3785,48.00348],[-118.38151,48.00618],[-118.38871,48.01168],[-118.39591,48.01818],[-118.39891,48.02128],[-118.40111,48.02288],[-118.40241,48.02498],[-118.40241,48.02638],[-118.40081,48.02868],[-118.39661,48.03168],[-118.38941,48.03528],[-118.38401,48.03708],[-118.37971,48.03938],[-118.37611,48.04072],[-118.36946,48.04262],[-118.36629,48.0444],[-118.3589,48.04943],[-118.35442,48.05012],[-118.34708,48.05049],[-118.33947,48.04976],[-118.3324,48.04746],[-118.31956,48.04267],[-118.3161,48.04165],[-118.3107,48.04117],[-118.29976,48.04153],[-118.28332,48.04073],[-118.27548,48.04057],[-118.2704,48.0429],[-118.2672,48.04706],[-118.26565,48.05128],[-118.26665,48.05673],[-118.26447,48.05828],[-118.26128,48.05933],[-118.25789,48.05978],[-118.25604,48.05932],[-118.2501,48.05508],[-118.2452,48.05468],[-118.2427,48.05548],[-118.2382,48.05818],[-118.2344,48.06179],[-118.2332,48.06529],[-118.2336,48.07038],[-118.2353,48.07549],[-118.235,48.07909],[-118.2341,48.08119],[-118.2313,48.08479],[-118.2311,48.08829],[-118.2322,48.09199],[-118.2351,48.09799],[-118.2357,48.10109],[-118.2375,48.10479],[-118.2394,48.10629],[-118.2432,48.10829],[-118.2477,48.10949],[-118.2511,48.11079],[-118.25359,48.11298],[-118.25468,48.11736],[-118.25368,48.12005],[-118.25358,48.12284],[-118.25439,48.12853],[-118.2511,48.13275],[-118.24761,48.13466],[-118.2426,48.13548],[-118.2333,48.13469],[-118.2301,48.13519],[-118.2253,48.13719],[-118.2212,48.13809],[-118.2075,48.13829],[-118.2057,48.13859],[-118.2005,48.14119],[-118.1965,48.14529],[-118.194,48.14919],[-118.1913,48.15859],[-118.1923,48.16709],[-118.196,48.17909],[-118.1966,48.19059],[-118.1962,48.19149],[-118.1932,48.19479],[-118.1892,48.19619],[-118.1879,48.19709],[-118.1876,48.19909],[-118.1881,48.20159],[-118.1894,48.20519],[-118.1895,48.20759],[-118.1918,48.21039],[-118.1949,48.21189],[-118.1949,48.21249],[-118.1907,48.21589],[-118.1881,48.21749],[-118.1803,48.22149],[-118.1742,48.22539],[-118.1653,48.23039],[-118.1583,48.23509],[-118.1545,48.23789],[-118.1516,48.24069],[-118.14931,48.24342],[-118.148,48.24539],[-118.1464,48.24989],[-118.14459,48.2534],[-118.1441,48.25545],[-118.14148,48.26016],[-118.14039,48.26577],[-118.13979,48.26731],[-118.14062,48.26975],[-118.14413,48.27513],[-118.14833,48.27776],[-118.15075,48.28225],[-118.15181,48.28576],[-118.15228,48.28985],[-118.1545,48.29589],[-118.1563,48.29869],[-118.1587,48.30099],[-118.1649,48.30449],[-118.1689,48.31239],[-118.17285,48.31618],[-118.1756,48.31949],[-118.17597,48.32636],[-118.1794,48.33329],[-118.1802,48.33569],[-118.18,48.34079],[-118.1794,48.34259],[-118.1801,48.34799],[-118.1796,48.35289],[-118.1802,48.35829],[-118.1802,48.36369],[-118.1812,48.36689],[-118.1819,48.37289],[-118.1832,48.37519],[-118.1858,48.37819],[-118.1869,48.38199],[-118.1876,48.38739],[-118.1897,48.39149],[-118.19286,48.39502],[-118.1961,48.39879],[-118.2005,48.40339],[-118.2026,48.40679],[-118.20351,48.40969],[-118.20313,48.41541],[-118.20244,48.41872],[-118.20071,48.4233],[-118.20041,48.4263],[-118.20141,48.4298],[-118.20351,48.4339],[-118.20271,48.4388],[-118.20291,48.4422],[-118.20481,48.4449],[-118.21201,48.45],[-118.21181,48.45],[-118.21261,48.4529],[-118.21221,48.4577],[-118.21051,48.464],[-118.20651,48.4703],[-118.20331,48.4728],[-118.19711,48.4765],[-118.19521,48.478],[-118.18921,48.4816],[-118.18916,48.48169],[-118.18331,48.4953],[-118.1817,48.4999],[-118.18112,48.50407],[-118.18127,48.50643],[-118.17964,48.51249],[-118.17875,48.51486],[-118.17912,48.5168],[-118.17731,48.51797],[-118.17487,48.52132],[-118.17071,48.52309],[-118.16915,48.52322],[-118.16339,48.52236],[-118.15672,48.52058],[-118.15385,48.52032],[-118.14971,48.52057],[-118.14705,48.52166],[-118.14192,48.52669],[-118.13993,48.53143],[-118.14191,48.53521],[-118.1423,48.53691],[-118.14203,48.54081],[-118.14344,48.54618],[-118.1431,48.54823],[-118.14025,48.55129],[-118.13979,48.55419],[-118.13848,48.5586],[-118.13862,48.56167],[-118.13792,48.56553],[-118.13648,48.5697],[-118.13488,48.57288],[-118.1335,48.57474],[-118.12862,48.57988],[-118.12545,48.58452],[-118.12553,48.58573],[-118.12755,48.59048],[-118.12703,48.59332],[-118.12744,48.59755],[-118.12722,48.60068],[-118.12844,48.60482],[-118.12765,48.60946],[-118.1261,48.60996],[-118.12722,48.61181],[-118.12701,48.61299],[-118.1261,48.61376],[-118.12545,48.61598],[-118.12306,48.61857],[-118.12053,48.61976],[-118.11787,48.62341],[-118.11812,48.62596],[-118.11892,48.62836],[-118.12007,48.62933],[-118.11984,48.63065],[-118.11708,48.63064],[-118.11638,48.63151],[-118.11614,48.63659],[-118.11453,48.63865],[-118.10713,48.64093],[-118.10515,48.6437],[-118.10452,48.64602],[-118.10496,48.6535],[-118.10615,48.65764],[-118.10872,48.66227],[-118.10913,48.66702],[-118.11001,48.66825],[-118.1102,48.67133],[-118.11181,48.67404],[-118.11639,48.674],[-118.11736,48.67474],[-118.11733,48.67714],[-118.1185,48.67933],[-118.11547,48.68035],[-118.11426,48.6839],[-118.11695,48.69262],[-118.11941,48.69616],[-118.12096,48.70227],[-118.12019,48.70519],[-118.1182,48.70834],[-118.12039,48.71139],[-118.12065,48.71297],[-118.11976,48.71577],[-118.11934,48.71887],[-118.12008,48.71997],[-118.12252,48.72125],[-118.12582,48.72468],[-118.1261,48.72775],[-118.12096,48.73149],[-118.11785,48.73445],[-118.118,48.73723],[-118.11845,48.73764],[-118.12484,48.73671],[-118.12875,48.73993],[-118.12997,48.74467],[-118.12856,48.74537],[-118.12427,48.74521],[-118.12267,48.74581],[-118.12231,48.7499],[-118.12356,48.7517],[-118.1261,48.75372],[-118.12937,48.75507],[-118.1323,48.75627],[-118.13364,48.75741],[-118.13303,48.75968],[-118.13135,48.76048],[-118.12674,48.76074],[-118.12535,48.76161],[-118.12538,48.76393],[-118.12704,48.76514],[-118.13068,48.76493],[-118.13325,48.76636],[-118.13387,48.7682],[-118.13399,48.7716],[-118.13462,48.77408],[-118.13277,48.77693],[-118.131,48.77765],[-118.12752,48.77694],[-118.12481,48.77467],[-118.12363,48.77447],[-118.12235,48.7763],[-118.122,48.77926],[-118.12463,48.78318],[-118.12572,48.78541],[-118.12683,48.78619],[-118.1297,48.78489],[-118.13408,48.78379],[-118.13579,48.783],[-118.13853,48.77977],[-118.14192,48.77905],[-118.14321,48.77929],[-118.14525,48.78087],[-118.14615,48.78596],[-118.14806,48.78814],[-118.15437,48.78984],[-118.1574,48.79097],[-118.16022,48.79332],[-118.16085,48.79486],[-118.15878,48.80001],[-118.15986,48.80125],[-118.15976,48.80471],[-118.16063,48.8057],[-118.16092,48.80896],[-118.16245,48.81124],[-118.16625,48.8146],[-118.16798,48.81811],[-118.17052,48.82555],[-118.17106,48.82803],[-118.17476,48.83004],[-118.17646,48.83168],[-118.17753,48.83422],[-118.17856,48.8352],[-118.17932,48.83764],[-118.18214,48.83833],[-118.18663,48.8381],[-118.18988,48.83873],[-118.19551,48.84073],[-118.19607,48.84255],[-118.19381,48.84878],[-118.19421,48.85154],[-118.19658,48.85411],[-118.1988,48.85504],[-118.20144,48.85759],[-118.20114,48.86063],[-118.19848,48.86727],[-118.20285,48.86956],[-118.20588,48.87054],[-118.20699,48.87035],[-118.21011,48.87229],[-118.21021,48.87368],[-118.21275,48.87608],[-118.21364,48.87797],[-118.2138,48.88018],[-118.21287,48.88187],[-118.21249,48.8856],[-118.21412,48.88673],[-118.21448,48.88816],[-118.21201,48.8906],[-118.20932,48.89521],[-118.20931,48.89791],[-118.21026,48.89846],[-118.20949,48.89983],[-118.20316,48.90153],[-118.20083,48.90422],[-118.20014,48.90762],[-118.19764,48.91176],[-118.19595,48.91326],[-118.19693,48.91445],[-118.19906,48.91506],[-118.20117,48.91482],[-118.20476,48.91688],[-118.20572,48.91868],[-118.21178,48.92238],[-118.21527,48.9256],[-118.21783,48.92875],[-118.21999,48.93403],[-118.22167,48.9371],[-118.2206,48.9391],[-118.22083,48.94078],[-118.21909,48.94255],[-118.21581,48.95111],[-118.21463,48.95328],[-118.21122,48.95639],[-118.21049,48.9576],[-118.2113,48.95926],[-118.20999,48.96077],[-118.20836,48.96122],[-118.20724,48.96308],[-118.21122,48.96699],[-118.21417,48.96841],[-118.2169,48.96767],[-118.21988,48.96835],[-118.22166,48.9705],[-118.21779,48.97347],[-118.2159,48.97754],[-118.21673,48.98108],[-118.21617,48.98424],[-118.21459,48.98602],[-118.21003,48.98563],[-118.2059,48.98743],[-118.20605,48.98873],[-118.207,48.98971],[-118.21113,48.99027],[-118.21612,48.99371],[-118.21903,48.99496],[-118.21995,48.99741],[-118.21516,48.99776],[-118.20993,48.99746],[-118.20771,48.99704],[-118.20381,48.9947],[-118.19971,48.9936],[-118.19746,48.99383],[-118.19483,48.99693],[-118.19738,49.00041],[-118.22257,49.0004],[-118.22461,49.0004],[-118.36468,49.00038],[-118.37042,49.00038],[-118.49876,49.00036],[-118.50373,49.00036],[-118.83661,49.00031]]]},"properties":{"GEOID":"53019","NAME":"Ferry"}},{"type":"Feature","geometry":{"type":"Polygon","coordinates":[[[-118.21024,46.73883],[-118.21627,46.73787],[-118.22025,46.73677],[-118.22724,46.73657],[-118.2307,46.73446],[-118.2335,46.73387],[-118.23631,46.73479],[-118.23813,46.73708],[-118.24033,46.73802],[-118.2455,46.7348],[-118.24912,46.73414],[-118.2492,46.73258],[-118.24772,46.73028],[-118.24602,46.72876],[-118.24349,46.72337],[-118.24186,46.72088],[-118.24111,46.71878],[-118.23946,46.71697],[-118.23609,46.71121],[-118.23512,46.70862],[-118.23374,46.70674],[-118.23285,46.70349],[-118.23006,46.70104],[-118.22604,46.69382],[-118.22286,46.6896],[-118.22085,46.68419],[-118.21886,46.68068],[-118.21751,46.67915],[-118.21795,46.67706],[-118.2216,46.67528],[-118.22368,46.67381],[-118.22264,46.67229],[-118.22399,46.67198],[-118.2244,46.66931],[-118.22367,46.66654],[-118.2249,46.66639],[-118.22372,46.66411],[-118.22412,46.6634],[-118.22721,46.66251],[-118.22815,46.66083],[-118.22823,46.65902],[-118.23076,46.65704],[-118.23073,46.65644],[-118.22753,46.6532],[-118.228,46.65093],[-118.22547,46.64658],[-118.22241,46.64529],[-118.22194,46.64293],[-118.21941,46.64064],[-118.21529,46.63954],[-118.21464,46.63869],[-118.21653,46.63546],[-118.21647,46.6333],[-118.21541,46.6321],[-118.21312,46.63087],[-118.20969,46.62986],[-118.20528,46.62698],[-118.1998,46.62419],[-118.19823,46.62153],[-118.19862,46.61849],[-118.19962,46.61779],[-118.19924,46.61472],[-118.19826,46.61172],[-118.1984,46.61054],[-118.20008,46.6076],[-118.20124,46.60783],[-118.20403,46.60998],[-118.20641,46.61034],[-118.20827,46.60972],[-118.20859,46.60927],[-118.20781,46.60501],[-118.20932,46.60449],[-118.2111,46.60076],[-118.21388,46.59959],[-118.21387,46.59821],[-118.21231,46.59845],[-118.21085,46.59663],[-118.21217,46.59345],[-118.21502,46.59124],[-118.21566,46.58892],[-118.2111,46.58759],[-118.20607,46.58329],[-118.20471,46.58183],[-118.20081,46.57903],[-118.19297,46.57184],[-118.18504,46.56733],[-118.18336,46.5661],[-118.17884,46.56053],[-118.17255,46.55695],[-118.16529,46.55514],[-118.1618,46.55472],[-118.15834,46.55486],[-118.1501,46.55691],[-118.14313,46.55778],[-118.13538,46.55712],[-118.12719,46.55676],[-118.11845,46.55678],[-118.11387,46.55736],[-118.11036,46.55841],[-118.107,46.55992],[-118.1044,46.56157],[-118.10246,46.56413],[-118.10169,46.56741],[-118.10005,46.57025],[-118.09664,46.57312],[-118.09289,46.57453],[-118.08892,46.57493],[-118.08334,46.57507],[-118.0731,46.5745],[-118.0691,46.57468],[-118.05599,46.57707],[-118.04827,46.57931],[-118.03912,46.58378],[-118.03516,46.58516],[-118.03141,46.58569],[-118.02286,46.58619],[-118.01211,46.58793],[-118.0086,46.58824],[-118.00096,46.58807],[-117.99996,46.58837],[-117.99306,46.58787],[-117.98896,46.58677],[-117.98526,46.58687],[-117.98005,46.58777],[-117.97425,46.58887],[-117.96915,46.58937],[-117.95805,46.59177],[-117.95285,46.59207],[-117.94555,46.59037],[-117.93885,46.58977],[-117.93185,46.58807],[-117.92165,46.58657],[-117.91705,46.58567],[-117.90905,46.58477],[-117.9018,46.58486],[-117.89186,46.58538],[-117.88762,46.58632],[-117.88503,46.58785],[-117.88311,46.58984],[-117.88186,46.59219],[-117.88045,46.59797],[-117.87985,46.60377],[-117.87825,46.60887],[-117.87405,46.61557],[-117.87055,46.61877],[-117.86645,46.62117],[-117.86164,46.62307],[-117.85964,46.62357],[-117.85185,46.62467],[-117.84935,46.62476],[-117.84523,46.62432],[-117.82909,46.62205],[-117.82585,46.62196],[-117.81989,46.62224],[-117.80918,46.62361],[-117.80466,46.62462],[-117.80071,46.62565],[-117.79724,46.62704],[-117.7923,46.62952],[-117.78997,46.63103],[-117.78009,46.63844],[-117.77598,46.64186],[-117.77247,46.64538],[-117.76692,46.65256],[-117.76503,46.65585],[-117.76365,46.65881],[-117.76244,46.66307],[-117.76033,46.67554],[-117.75889,46.67983],[-117.75617,46.68439],[-117.75447,46.68654],[-117.75116,46.6897],[-117.74939,46.69085],[-117.74087,46.69458],[-117.73824,46.69468],[-117.73413,46.69371],[-117.7329,46.69379],[-117.7242,46.69617],[-117.71922,46.69709],[-117.71162,46.69801],[-117.69927,46.69902],[-117.6961,46.69958],[-117.68748,46.70259],[-117.68428,46.7031],[-117.68109,46.70317],[-117.67599,46.7025],[-117.67101,46.70272],[-117.66531,46.70259],[-117.65792,46.70198],[-117.65173,46.7008],[-117.64825,46.69981],[-117.64536,46.69843],[-117.64317,46.69685],[-117.63939,46.69339],[-117.63419,46.68678],[-117.63016,46.68249],[-117.62629,46.6792],[-117.62061,46.67612],[-117.61646,46.67442],[-117.61109,46.67321],[-117.60272,46.6725],[-117.59779,46.67254],[-117.58733,46.6747],[-117.57931,46.67539],[-117.56753,46.67789],[-117.55955,46.6792],[-117.54962,46.6803],[-117.54416,46.68014],[-117.53653,46.67844],[-117.53042,46.67738],[-117.52673,46.6771],[-117.51716,46.67696],[-117.51442,46.67729],[-117.50915,46.67857],[-117.50417,46.68033],[-117.50065,46.68205],[-117.49843,46.68434],[-117.49761,46.68612],[-117.49696,46.68993],[-117.49351,46.69326],[-117.49,46.69538],[-117.48407,46.69793],[-117.4803,46.69932],[-117.47558,46.70036],[-117.47199,46.69991],[-117.46814,46.70004],[-117.46477,46.69963],[-117.46241,46.6986],[-117.46013,46.69707],[-117.45437,46.69153],[-117.45314,46.68845],[-117.45247,46.68493],[-117.45143,46.68351],[-117.44835,46.67487],[-117.44527,46.67037],[-117.44181,46.66651],[-117.43964,46.66473],[-117.43596,46.66258],[-117.4356,46.6619],[-117.43274,46.65945],[-117.4283,46.65711],[-117.42585,46.65623],[-117.42017,46.65509],[-117.41315,46.65588],[-117.41042,46.65653],[-117.40232,46.65569],[-117.39635,46.6548],[-117.39303,46.65402],[-117.39026,46.65278],[-117.38618,46.6497],[-117.3852,46.64793],[-117.385,46.64292],[-117.38556,46.63919],[-117.387,46.63584],[-117.38854,46.63051],[-117.38864,46.62509],[-117.38621,46.61889],[-117.38394,46.6159],[-117.38274,46.61468],[-117.3786,46.61198],[-117.37537,46.61032],[-117.37101,46.60904],[-117.36741,46.60665],[-117.36396,46.6052],[-117.35907,46.60227],[-117.35621,46.59938],[-117.35452,46.59553],[-117.35271,46.59303],[-117.3526,46.59174],[-117.34896,46.58767],[-117.34601,46.58555],[-117.34254,46.58368],[-117.33954,46.58297],[-117.33754,46.58197],[-117.33251,46.58154],[-117.32681,46.58078],[-117.31859,46.58107],[-117.31145,46.58077],[-117.30957,46.57994],[-117.30602,46.57931],[-117.30137,46.57749],[-117.29603,46.57445],[-117.29295,46.57201],[-117.29082,46.56929],[-117.2857,46.56374],[-117.28297,46.56129],[-117.2806,46.55992],[-117.27492,46.55787],[-117.27108,46.55576],[-117.26893,46.55501],[-117.25979,46.54944],[-117.25789,46.54737],[-117.25353,46.54426],[-117.25264,46.54213],[-117.25057,46.53883],[-117.24991,46.53573],[-117.24648,46.53035],[-117.2458,46.52542],[-117.24491,46.52275],[-117.24126,46.51846],[-117.24041,46.51637],[-117.23572,46.50879],[-117.2331,46.50619],[-117.23226,46.50476],[-117.23139,46.50033],[-117.23188,46.49733],[-117.23336,46.49325],[-117.23375,46.49085],[-117.23525,46.48884],[-117.23689,46.48483],[-117.23877,46.48119],[-117.23929,46.47713],[-117.2385,46.47181],[-117.23789,46.47006],[-117.237,46.46831],[-117.23293,46.46398],[-117.23167,46.46328],[-117.22812,46.46225],[-117.22574,46.46125],[-117.22173,46.4603],[-117.21542,46.45718],[-117.21227,46.45478],[-117.20842,46.45013],[-117.20653,46.44887],[-117.20579,46.44749],[-117.20609,46.44605],[-117.2087,46.44315],[-117.21289,46.43602],[-117.21451,46.43224],[-117.21449,46.43037],[-117.21356,46.42772],[-117.21071,46.42479],[-117.20863,46.42371],[-117.19986,46.42018],[-117.19671,46.42003],[-117.1897,46.42047],[-117.18598,46.42093],[-117.17962,46.42219],[-117.17441,46.42439],[-117.16982,46.42602],[-117.16368,46.42789],[-117.15589,46.42998],[-117.15159,46.43056],[-117.14446,46.43022],[-117.13186,46.42702],[-117.12863,46.42583],[-117.11703,46.42112],[-117.11019,46.42029],[-117.10181,46.4198],[-117.09817,46.41882],[-117.09622,46.41771],[-117.09288,46.41699],[-117.08946,46.41678],[-117.08615,46.41735],[-117.08084,46.42061],[-117.07531,46.42294],[-117.0722,46.42472],[-117.06754,46.42699],[-117.05791,46.42973],[-117.05292,46.43001],[-117.04832,46.42915],[-117.03981,46.4259],[-117.0398,46.43472],[-117.03976,46.45429],[-117.03975,46.45695],[-117.03974,46.4627],[-117.03976,46.46957],[-117.03977,46.47178],[-117.03966,46.54171],[-117.03953,46.62077],[-117.03953,46.62081],[-117.0395,46.63808],[-117.03949,46.64229],[-117.0394,46.70019],[-117.03941,46.70233],[-117.03947,46.71859],[-117.03948,46.72194],[-117.03952,46.7324],[-117.03953,46.73673],[-117.03983,46.81544],[-117.03982,46.81607],[-117.03972,46.82223],[-117.03966,46.8258],[-117.03966,46.82601],[-117.03968,46.8609],[-117.03968,46.87343],[-117.0397,46.91238],[-117.03973,46.9611],[-117.03973,46.96734],[-117.03978,47.04894],[-117.0398,47.09016],[-117.0398,47.09103],[-117.03982,47.12308],[-117.03982,47.12727],[-117.03982,47.13399],[-117.03984,47.15473],[-117.03987,47.18186],[-117.03989,47.20328],[-117.0399,47.22551],[-117.03995,47.24022],[-117.04002,47.25927],[-117.06461,47.25971],[-117.06767,47.25985],[-117.08863,47.25949],[-117.17214,47.25955],[-117.17283,47.25962],[-117.19311,47.25966],[-117.21296,47.25956],[-117.21407,47.25969],[-117.21501,47.25957],[-117.21649,47.25963],[-117.21927,47.25956],[-117.22083,47.25966],[-117.22558,47.25958],[-117.32675,47.25985],[-117.47328,47.25952],[-117.4887,47.25949],[-117.49336,47.25945],[-117.49941,47.25954],[-117.56335,47.25989],[-117.57298,47.25988],[-117.66563,47.25997],[-117.67431,47.25999],[-117.68605,47.25998],[-117.68677,47.25988],[-117.74921,47.26018],[-117.82363,47.26022],[-117.83262,47.26012],[-117.83706,47.26019],[-117.83725,47.26024],[-117.96093,47.26057],[-117.96042,47.22109],[-117.95984,47.12234],[-117.96006,47.11929],[-117.95973,47.0726],[-117.95955,47.06098],[-117.96001,47.0171],[-117.95961,46.93149],[-117.95961,46.92958],[-117.95934,46.91481],[-117.9671,46.91483],[-117.97091,46.86722],[-117.97286,46.86612],[-117.97664,46.86329],[-117.98324,46.86224],[-117.98711,46.86203],[-117.98827,46.86073],[-117.98837,46.85809],[-117.99247,46.85413],[-117.99579,46.85167],[-117.99933,46.84986],[-118.00412,46.84837],[-118.00474,46.84748],[-118.00409,46.84537],[-118.00506,46.8436],[-118.00418,46.84008],[-118.00339,46.83881],[-117.99783,46.83785],[-117.99223,46.83807],[-117.99168,46.83755],[-117.99171,46.83673],[-117.99369,46.83524],[-117.99234,46.83328],[-117.99242,46.83193],[-117.99692,46.82973],[-117.99826,46.8277],[-117.99905,46.82517],[-117.99788,46.82341],[-117.99752,46.82254],[-118.00108,46.82057],[-118.00365,46.82017],[-118.00671,46.81861],[-118.0076,46.81712],[-118.01157,46.81481],[-118.0129,46.81457],[-118.01824,46.81539],[-118.01933,46.81481],[-118.01988,46.81215],[-118.01802,46.80911],[-118.01735,46.80547],[-118.01637,46.80414],[-118.01791,46.79912],[-118.01704,46.79601],[-118.01566,46.7938],[-118.01362,46.79301],[-118.01244,46.79078],[-118.0146,46.78907],[-118.0146,46.78658],[-118.01557,46.78487],[-118.01984,46.783],[-118.02173,46.78325],[-118.02295,46.78551],[-118.02575,46.78783],[-118.02852,46.78781],[-118.02949,46.78667],[-118.03586,46.78502],[-118.0369,46.78423],[-118.0394,46.78014],[-118.04113,46.77653],[-118.04173,46.77452],[-118.04187,46.77116],[-118.04444,46.76916],[-118.04798,46.76822],[-118.05276,46.76978],[-118.07031,46.77245],[-118.07253,46.77372],[-118.0727,46.77603],[-118.07451,46.77654],[-118.07819,46.77607],[-118.08075,46.77524],[-118.08462,46.77537],[-118.08556,46.7766],[-118.09245,46.77763],[-118.0954,46.77899],[-118.09808,46.77619],[-118.09997,46.77307],[-118.10145,46.7725],[-118.1058,46.77348],[-118.10961,46.77221],[-118.11093,46.77103],[-118.11221,46.76843],[-118.11644,46.7662],[-118.11714,46.76492],[-118.12609,46.76139],[-118.13508,46.76012],[-118.14256,46.76031],[-118.1461,46.75992],[-118.14781,46.75862],[-118.14986,46.75852],[-118.15505,46.75954],[-118.15607,46.75935],[-118.15654,46.7557],[-118.15505,46.75338],[-118.16148,46.74708],[-118.16305,46.74654],[-118.16965,46.74663],[-118.17783,46.74691],[-118.17908,46.74689],[-118.18426,46.74788],[-118.186,46.7494],[-118.18992,46.75147],[-118.19909,46.74704],[-118.20271,46.74339],[-118.20547,46.73971],[-118.21024,46.73883]]]},"properties":{"GEOID":"53075","NAME":"Whitman"}},{"type":"Feature","geometry":{"type":"Polygon","coordinates":[[[-123.20189,47.08506],[-123.20098,47.0681],[-123.20086,47.01479],[-123.20004,47.01479],[-123.20101,47.01467],[-123.20089,47.01041],[-123.2031,46.99697],[-123.18052,46.99672],[-123.15836,46.99587],[-123.15944,46.98137],[-123.16011,46.939],[-123.16064,46.90968],[-123.16056,46.89549],[-123.16056,46.89534],[-123.16052,46.83748],[-123.1605,46.82716],[-123.1605,46.82411],[-123.1605,46.8222],[-123.16059,46.80326],[-123.16028,46.79962],[-123.1603,46.79917],[-123.16033,46.79866],[-123.16035,46.79812],[-123.16059,46.79338],[-123.16091,46.76433],[-123.12779,46.76399],[-123.11812,46.76389],[-123.03305,46.76453],[-123.00426,46.76449],[-122.99301,46.76453],[-122.99247,46.76453],[-122.97143,46.7643],[-122.92945,46.76403],[-122.9289,46.76402],[-122.89728,46.76372],[-122.81386,46.76401],[-122.80324,46.76334],[-122.78832,46.76361],[-122.78157,46.76373],[-122.76058,46.76361],[-122.69911,46.76365],[-122.68709,46.76374],[-122.6781,46.76357],[-122.64759,46.76327],[-122.6368,46.76278],[-122.61579,46.76216],[-122.571,46.76328],[-122.50963,46.76267],[-122.48677,46.76204],[-122.48675,46.76306],[-122.48124,46.76305],[-122.20312,46.76306],[-122.20337,46.76381],[-122.20799,46.76554],[-122.20956,46.76893],[-122.2113,46.77016],[-122.21361,46.76986],[-122.21589,46.76873],[-122.21803,46.76865],[-122.21976,46.76985],[-122.22274,46.7701],[-122.22655,46.76881],[-122.22949,46.76981],[-122.23055,46.77228],[-122.23381,46.7733],[-122.2361,46.77293],[-122.2381,46.77532],[-122.24062,46.77593],[-122.24784,46.77507],[-122.24998,46.77176],[-122.25159,46.77153],[-122.25685,46.77264],[-122.25953,46.77215],[-122.26096,46.77133],[-122.26209,46.76883],[-122.26162,46.76599],[-122.26248,46.7652],[-122.26591,46.76547],[-122.26962,46.7668],[-122.2778,46.77499],[-122.27995,46.77639],[-122.2809,46.77624],[-122.28472,46.77373],[-122.28576,46.7741],[-122.28712,46.77683],[-122.28872,46.77825],[-122.29304,46.7805],[-122.29536,46.78443],[-122.29675,46.78563],[-122.30058,46.78598],[-122.30329,46.78848],[-122.3049,46.78902],[-122.30847,46.78917],[-122.3097,46.79156],[-122.31141,46.79321],[-122.31252,46.79597],[-122.31006,46.80114],[-122.30801,46.80284],[-122.30626,46.80631],[-122.30247,46.80902],[-122.3026,46.81114],[-122.30416,46.81525],[-122.30416,46.82283],[-122.30281,46.8256],[-122.30358,46.82812],[-122.30568,46.82916],[-122.31011,46.82986],[-122.31569,46.82925],[-122.31858,46.82836],[-122.32133,46.82894],[-122.32511,46.83049],[-122.32559,46.8321],[-122.32389,46.83438],[-122.32477,46.83597],[-122.32938,46.83891],[-122.32808,46.84039],[-122.32556,46.8414],[-122.32553,46.84245],[-122.32768,46.84434],[-122.33053,46.84336],[-122.33414,46.8421],[-122.33826,46.83796],[-122.34422,46.83705],[-122.34682,46.83698],[-122.34988,46.83747],[-122.35205,46.83853],[-122.35599,46.83904],[-122.35747,46.83997],[-122.36042,46.8433],[-122.36336,46.84284],[-122.3641,46.84166],[-122.3688,46.84368],[-122.37119,46.84541],[-122.37291,46.84518],[-122.37492,46.8437],[-122.37852,46.83936],[-122.38296,46.83997],[-122.38487,46.84093],[-122.38557,46.84217],[-122.38825,46.84403],[-122.38854,46.84523],[-122.39068,46.84568],[-122.39421,46.84531],[-122.4017,46.84402],[-122.40598,46.84249],[-122.40833,46.84255],[-122.4095,46.84351],[-122.40781,46.84563],[-122.41132,46.84611],[-122.41296,46.84518],[-122.41661,46.8453],[-122.41747,46.84608],[-122.41696,46.84793],[-122.41897,46.84882],[-122.42147,46.84886],[-122.42279,46.84872],[-122.42641,46.85062],[-122.42791,46.85076],[-122.43244,46.85001],[-122.43985,46.85234],[-122.44255,46.85246],[-122.4438,46.85304],[-122.44391,46.85464],[-122.44601,46.85616],[-122.44825,46.85638],[-122.44977,46.85527],[-122.44877,46.85336],[-122.45174,46.85265],[-122.4557,46.85677],[-122.45885,46.85913],[-122.45902,46.86123],[-122.45803,46.86297],[-122.45839,46.86385],[-122.46662,46.86599],[-122.46887,46.8654],[-122.47149,46.86246],[-122.47384,46.86197],[-122.47529,46.86336],[-122.47541,46.86543],[-122.47934,46.86609],[-122.48436,46.86816],[-122.48784,46.86672],[-122.49108,46.86797],[-122.49162,46.87159],[-122.49141,46.87505],[-122.49072,46.87614],[-122.4888,46.877],[-122.48809,46.8792],[-122.49111,46.88024],[-122.49359,46.88004],[-122.4921,46.88235],[-122.49107,46.88506],[-122.49114,46.88811],[-122.49282,46.88901],[-122.49422,46.89246],[-122.49591,46.89384],[-122.49725,46.89715],[-122.49726,46.89938],[-122.49597,46.90375],[-122.49412,46.90522],[-122.4978,46.90884],[-122.50474,46.91228],[-122.50611,46.91339],[-122.51179,46.91533],[-122.51492,46.91559],[-122.51881,46.91531],[-122.52062,46.91561],[-122.5244,46.91843],[-122.52573,46.92007],[-122.5273,46.92351],[-122.52787,46.92498],[-122.53287,46.92659],[-122.53593,46.92725],[-122.54307,46.92944],[-122.54661,46.93081],[-122.55034,46.93071],[-122.55688,46.93196],[-122.56044,46.93346],[-122.56353,46.93562],[-122.5662,46.93983],[-122.56574,46.94315],[-122.56613,46.94425],[-122.56684,46.94758],[-122.56878,46.94964],[-122.56968,46.95386],[-122.57165,46.95821],[-122.57188,46.96105],[-122.56983,46.9625],[-122.56495,46.9634],[-122.56282,46.96531],[-122.56516,46.96657],[-122.56602,46.96678],[-122.57318,46.96441],[-122.57536,46.96704],[-122.57959,46.96844],[-122.58243,46.96817],[-122.58502,46.96605],[-122.58718,46.96685],[-122.58787,46.96861],[-122.58697,46.97059],[-122.58462,46.97147],[-122.58002,46.97104],[-122.57831,46.97054],[-122.57585,46.97071],[-122.57541,46.97226],[-122.57697,46.97495],[-122.58005,46.9775],[-122.5816,46.97717],[-122.58271,46.97556],[-122.58452,46.97429],[-122.59009,46.97396],[-122.59599,46.97404],[-122.59847,46.97464],[-122.60122,46.97614],[-122.60441,46.97655],[-122.61105,46.9767],[-122.61135,46.97476],[-122.61045,46.97149],[-122.6116,46.96721],[-122.6185,46.97021],[-122.61986,46.97054],[-122.62443,46.9706],[-122.62912,46.97146],[-122.63124,46.9732],[-122.63703,46.97684],[-122.63855,46.97909],[-122.63669,46.98311],[-122.63152,46.98808],[-122.63074,46.9903],[-122.63048,46.99594],[-122.6303,46.99834],[-122.63283,46.99919],[-122.63604,46.99827],[-122.63812,46.99821],[-122.64059,46.99988],[-122.63924,47.00144],[-122.64223,47.00294],[-122.64645,47.00394],[-122.6487,47.00655],[-122.65203,47.00737],[-122.65358,47.00506],[-122.65702,47.00297],[-122.65986,47.00323],[-122.65939,47.00434],[-122.65702,47.00614],[-122.65877,47.00952],[-122.66069,47.01046],[-122.66485,47.01177],[-122.66664,47.01362],[-122.67161,47.01485],[-122.6724,47.01542],[-122.67442,47.01909],[-122.67442,47.02061],[-122.67256,47.02363],[-122.67317,47.02468],[-122.6755,47.02611],[-122.67806,47.02694],[-122.67986,47.02819],[-122.68036,47.03055],[-122.67952,47.03276],[-122.67703,47.03514],[-122.67549,47.0372],[-122.67553,47.03827],[-122.67732,47.04328],[-122.67995,47.04556],[-122.68438,47.05071],[-122.68566,47.05157],[-122.69321,47.05329],[-122.6899,47.05741],[-122.69134,47.05802],[-122.69589,47.05966],[-122.69611,47.06177],[-122.70135,47.06329],[-122.70329,47.06501],[-122.70064,47.06783],[-122.70389,47.07169],[-122.70405,47.07187],[-122.70548,47.07481],[-122.70811,47.07761],[-122.70788,47.07886],[-122.70608,47.08073],[-122.70576,47.08274],[-122.70754,47.08533],[-122.70701,47.08601],[-122.70249,47.08755],[-122.69882,47.08826],[-122.69716,47.08961],[-122.69744,47.09194],[-122.69696,47.09426],[-122.69298,47.09641],[-122.69218,47.09921],[-122.69313,47.10225],[-122.69382,47.10389],[-122.69843,47.10377],[-122.69941,47.10229],[-122.70178,47.09873],[-122.71027,47.09986],[-122.71688,47.10072],[-122.72157,47.09843],[-122.73752,47.10612],[-122.74099,47.10646],[-122.74983,47.11079],[-122.75429,47.11297],[-122.75443,47.11303],[-122.75605,47.11577],[-122.75667,47.11682],[-122.76079,47.11876],[-122.76285,47.11973],[-122.77402,47.12054],[-122.77735,47.12167],[-122.77506,47.12311],[-122.77735,47.12571],[-122.78234,47.12636],[-122.78638,47.12668],[-122.78647,47.13056],[-122.78733,47.13257],[-122.78923,47.13703],[-122.7871,47.13913],[-122.78781,47.14285],[-122.79137,47.14511],[-122.79328,47.15255],[-122.79684,47.15384],[-122.79874,47.15934],[-122.80468,47.16467],[-122.8092,47.16516],[-122.81253,47.17097],[-122.81519,47.1791],[-122.82151,47.17657],[-122.82607,47.16564],[-122.82774,47.16095],[-122.82726,47.14899],[-122.8294,47.13881],[-122.8275,47.13509],[-122.82964,47.13283],[-122.82976,47.13027],[-122.82988,47.12781],[-122.82821,47.12555],[-122.83059,47.1207],[-122.82988,47.11682],[-122.83112,47.11589],[-122.83225,47.11504],[-122.83677,47.11908],[-122.83986,47.12442],[-122.842,47.12943],[-122.84062,47.13236],[-122.8401,47.13347],[-122.84485,47.13574],[-122.84295,47.13881],[-122.8439,47.14269],[-122.84414,47.1477],[-122.83844,47.15126],[-122.84083,47.15356],[-122.8401,47.15546],[-122.84057,47.15837],[-122.84176,47.16128],[-122.84176,47.16322],[-122.84414,47.16451],[-122.8477,47.16257],[-122.85205,47.16436],[-122.85678,47.16697],[-122.85835,47.16784],[-122.865,47.16539],[-122.87144,47.16115],[-122.87732,47.15901],[-122.87995,47.15833],[-122.89288,47.15779],[-122.89554,47.15715],[-122.90352,47.15753],[-122.9075,47.1649],[-122.90934,47.16883],[-122.90969,47.17127],[-122.91094,47.17351],[-122.91134,47.17596],[-122.91843,47.1774],[-122.92231,47.17944],[-122.93011,47.17996],[-122.93482,47.18197],[-122.93615,47.18341],[-122.93559,47.18729],[-122.93628,47.18946],[-122.93722,47.19034],[-122.93989,47.18993],[-122.9445,47.18795],[-122.94705,47.18564],[-122.94746,47.18407],[-122.94715,47.18154],[-122.94754,47.17792],[-122.94924,47.17389],[-122.95019,47.17336],[-122.95282,47.1701],[-122.96122,47.16444],[-122.96912,47.16153],[-122.9759,47.16013],[-122.98445,47.15886],[-122.99112,47.15669],[-122.99542,47.15491],[-123.00243,47.1513],[-123.00567,47.14894],[-123.00844,47.14643],[-123.01,47.14436],[-123.01046,47.14333],[-123.01146,47.13836],[-123.01299,47.13167],[-123.01539,47.12379],[-123.01657,47.12218],[-123.02136,47.11809],[-123.02726,47.1158],[-123.03411,47.11504],[-123.04012,47.11574],[-123.04818,47.11601],[-123.05539,47.11528],[-123.06058,47.11403],[-123.06645,47.11104],[-123.07365,47.10624],[-123.07474,47.10445],[-123.07496,47.09084],[-123.0751,47.0848],[-123.08981,47.08527],[-123.09607,47.08536],[-123.18019,47.08451],[-123.20189,47.08506]]]},"properties":{"GEOID":"53067","NAME":"Thurston"}},{"type":"Feature","geometry":{"type":"Polygon","coordinates":[[[-119.45319,46.67924],[-119.45699,46.67623],[-119.45746,46.6731],[-119.45599,46.67103],[-119.44793,46.66663],[-119.44293,46.66425],[-119.43326,46.66052],[-119.42494,46.65845],[-119.41984,46.657],[-119.41692,46.65562],[-119.41305,46.65263],[-119.40878,46.64688],[-119.40741,46.64247],[-119.40713,46.64043],[-119.40731,46.63544],[-119.40808,46.63094],[-119.40801,46.62677],[-119.40682,46.61968],[-119.40529,46.61604],[-119.40401,46.61408],[-119.39795,46.60834],[-119.37904,46.59384],[-119.37316,46.58837],[-119.37162,46.58645],[-119.36867,46.58427],[-119.36736,46.58266],[-119.36496,46.58094],[-119.36208,46.57908],[-119.35411,46.57481],[-119.34685,46.5715],[-119.33237,46.56648],[-119.32975,46.56528],[-119.32673,46.56325],[-119.32234,46.55964],[-119.31592,46.55317],[-119.3108,46.54686],[-119.309,46.5441],[-119.30458,46.53887],[-119.30043,46.53668],[-119.29165,46.53283],[-119.28699,46.53098],[-119.27755,46.52663],[-119.2752,46.52533],[-119.27139,46.52235],[-119.26977,46.52052],[-119.25985,46.49655],[-119.25855,46.4909],[-119.25847,46.48823],[-119.2588,46.48636],[-119.26004,46.48445],[-119.26389,46.48067],[-119.26406,46.4787],[-119.2634,46.47629],[-119.26143,46.47034],[-119.26111,46.46827],[-119.26133,46.46451],[-119.26334,46.45372],[-119.26333,46.45213],[-119.26148,46.4416],[-119.25955,46.43689],[-119.25907,46.43475],[-119.26056,46.42631],[-119.26266,46.41859],[-119.26331,46.41455],[-119.26548,46.41019],[-119.26686,46.40328],[-119.26664,46.40055],[-119.26552,46.39715],[-119.26499,46.39225],[-119.2656,46.38122],[-119.26644,46.37856],[-119.26945,46.37423],[-119.26947,46.37082],[-119.2662,46.36089],[-119.26477,46.35529],[-119.26381,46.35275],[-119.26267,46.35133],[-119.26259,46.35124],[-119.25944,46.34862],[-119.25693,46.34541],[-119.25365,46.33487],[-119.25175,46.32428],[-119.25068,46.31938],[-119.25023,46.31475],[-119.25143,46.30937],[-119.25249,46.30704],[-119.25486,46.30328],[-119.25723,46.29961],[-119.26374,46.29218],[-119.26626,46.28749],[-119.26689,46.28572],[-119.26751,46.28243],[-119.2676,46.27775],[-119.26698,46.27565],[-119.26629,46.27466],[-119.26585,46.27399],[-119.25998,46.26935],[-119.2568,46.26829],[-119.24704,46.26636],[-119.24514,46.26561],[-119.24472,46.26543],[-119.24375,46.2649],[-119.24335,46.26474],[-119.24251,46.26435],[-119.23823,46.26208],[-119.23679,46.26108],[-119.22785,46.253],[-119.21724,46.2448],[-119.2117,46.24019],[-119.20703,46.23682],[-119.20128,46.23482],[-119.19884,46.23427],[-119.1916,46.23343],[-119.18713,46.23281],[-119.18122,46.23101],[-119.1733,46.22856],[-119.168,46.22741],[-119.15905,46.22669],[-119.14859,46.22688],[-119.13543,46.2258],[-119.12575,46.22448],[-119.11982,46.2233],[-119.11324,46.22156],[-119.1045,46.21849],[-119.1012,46.21712],[-119.09758,46.21496],[-119.09656,46.21436],[-119.089,46.21094],[-119.07937,46.20788],[-119.07354,46.20575],[-119.06518,46.20217],[-119.06146,46.20077],[-119.05438,46.19867],[-119.04564,46.19529],[-119.0415,46.19267],[-119.03992,46.19626],[-119.03722,46.19806],[-119.03196,46.20738],[-119.02345,46.21662],[-119.02121,46.21747],[-119.01647,46.21853],[-119.01012,46.22074],[-119.00638,46.22236],[-119.00117,46.22542],[-118.99347,46.22797],[-118.9903,46.22927],[-118.98342,46.23288],[-118.97649,46.23755],[-118.97283,46.23871],[-118.96985,46.23886],[-118.96041,46.23893],[-118.951,46.23933],[-118.92118,46.24298],[-118.88289,46.24986],[-118.87568,46.25028],[-118.8683,46.25054],[-118.86346,46.25139],[-118.86073,46.25246],[-118.8546,46.25621],[-118.85068,46.25981],[-118.84829,46.26582],[-118.84641,46.26768],[-118.84304,46.26948],[-118.83507,46.27268],[-118.83209,46.27629],[-118.83132,46.27965],[-118.83007,46.28163],[-118.82567,46.28412],[-118.82126,46.28601],[-118.81575,46.28795],[-118.80935,46.28943],[-118.79886,46.29081],[-118.79351,46.29057],[-118.78505,46.28945],[-118.78085,46.28946],[-118.77723,46.29018],[-118.77304,46.29184],[-118.76861,46.29479],[-118.7669,46.29792],[-118.76662,46.30358],[-118.76735,46.30569],[-118.76872,46.30774],[-118.77338,46.31233],[-118.77432,46.31314],[-118.77462,46.31524],[-118.77374,46.31805],[-118.7724,46.31907],[-118.7672,46.32168],[-118.76425,46.32345],[-118.76186,46.32551],[-118.76039,46.3284],[-118.75943,46.33714],[-118.75884,46.33989],[-118.7574,46.34333],[-118.75166,46.35121],[-118.75039,46.35259],[-118.7462,46.35951],[-118.74243,46.36085],[-118.7338,46.36061],[-118.72087,46.36128],[-118.71199,46.36052],[-118.7049,46.35959],[-118.7009,46.36004],[-118.69809,46.36194],[-118.6971,46.3633],[-118.69535,46.37599],[-118.69441,46.3782],[-118.69117,46.3811],[-118.68619,46.3827],[-118.67873,46.38392],[-118.67454,46.38525],[-118.67002,46.3881],[-118.66753,46.39098],[-118.66535,46.39434],[-118.66242,46.40038],[-118.66078,46.40251],[-118.65813,46.40437],[-118.65519,46.40574],[-118.64754,46.40791],[-118.6449,46.40842],[-118.63739,46.41068],[-118.63441,46.41259],[-118.63383,46.41402],[-118.63385,46.41881],[-118.63416,46.42197],[-118.63563,46.42551],[-118.63679,46.42733],[-118.6377,46.43031],[-118.63803,46.43342],[-118.63663,46.43812],[-118.63489,46.4414],[-118.63184,46.44607],[-118.63113,46.44794],[-118.63244,46.45151],[-118.63195,46.45432],[-118.63039,46.45677],[-118.62421,46.46542],[-118.62228,46.46899],[-118.62031,46.47172],[-118.61899,46.47436],[-118.61836,46.47861],[-118.61865,46.48055],[-118.62013,46.48551],[-118.62067,46.48855],[-118.6199,46.49503],[-118.61793,46.50116],[-118.61471,46.50528],[-118.60468,46.51411],[-118.59683,46.52063],[-118.59241,46.52586],[-118.58821,46.5287],[-118.58209,46.53111],[-118.57009,46.53362],[-118.5654,46.53496],[-118.56028,46.53922],[-118.55449,46.54724],[-118.55151,46.5524],[-118.54801,46.55593],[-118.5446,46.55786],[-118.53735,46.56148],[-118.53408,46.56372],[-118.53,46.56558],[-118.52799,46.56766],[-118.52141,46.56965],[-118.51449,46.57148],[-118.50109,46.57388],[-118.49652,46.57553],[-118.49115,46.58011],[-118.48673,46.58312],[-118.48438,46.58523],[-118.47949,46.59221],[-118.47593,46.59514],[-118.47165,46.59726],[-118.46734,46.59858],[-118.46236,46.59865],[-118.45264,46.59697],[-118.44456,46.5925],[-118.42318,46.58374],[-118.41528,46.58206],[-118.40937,46.58133],[-118.40442,46.58084],[-118.39757,46.58045],[-118.38973,46.5806],[-118.38565,46.58256],[-118.38239,46.58492],[-118.37923,46.58788],[-118.37609,46.58969],[-118.37268,46.59214],[-118.36624,46.59589],[-118.36172,46.59801],[-118.35691,46.59947],[-118.35267,46.6001],[-118.33759,46.60349],[-118.32639,46.60631],[-118.32254,46.60681],[-118.31408,46.60672],[-118.30921,46.60642],[-118.30568,46.60548],[-118.30182,46.60323],[-118.29938,46.60145],[-118.28717,46.59493],[-118.28339,46.59371],[-118.27863,46.59324],[-118.27386,46.59382],[-118.26842,46.59555],[-118.26213,46.59812],[-118.25775,46.59964],[-118.25108,46.60116],[-118.24426,46.60073],[-118.24071,46.59933],[-118.23719,46.59706],[-118.23268,46.59482],[-118.22863,46.59336],[-118.22447,46.59102],[-118.21566,46.58892],[-118.21502,46.59124],[-118.21217,46.59345],[-118.21085,46.59663],[-118.21231,46.59845],[-118.21387,46.59821],[-118.21388,46.59959],[-118.2111,46.60076],[-118.20932,46.60449],[-118.20781,46.60501],[-118.20859,46.60927],[-118.20827,46.60972],[-118.20641,46.61034],[-118.20403,46.60998],[-118.20124,46.60783],[-118.20008,46.6076],[-118.1984,46.61054],[-118.19826,46.61172],[-118.19924,46.61472],[-118.19962,46.61779],[-118.19862,46.61849],[-118.19823,46.62153],[-118.1998,46.62419],[-118.20528,46.62698],[-118.20969,46.62986],[-118.21312,46.63087],[-118.21541,46.6321],[-118.21647,46.6333],[-118.21653,46.63546],[-118.21464,46.63869],[-118.21529,46.63954],[-118.21941,46.64064],[-118.22194,46.64293],[-118.22241,46.64529],[-118.22547,46.64658],[-118.228,46.65093],[-118.22753,46.6532],[-118.23073,46.65644],[-118.23076,46.65704],[-118.22823,46.65902],[-118.22815,46.66083],[-118.22721,46.66251],[-118.22412,46.6634],[-118.22372,46.66411],[-118.2249,46.66639],[-118.22367,46.66654],[-118.2244,46.66931],[-118.22399,46.67198],[-118.22264,46.67229],[-118.22368,46.67381],[-118.2216,46.67528],[-118.21795,46.67706],[-118.21751,46.67915],[-118.21886,46.68068],[-118.22085,46.68419],[-118.22286,46.6896],[-118.22604,46.69382],[-118.23006,46.70104],[-118.23285,46.70349],[-118.23374,46.70674],[-118.23512,46.70862],[-118.23609,46.71121],[-118.23946,46.71697],[-118.24111,46.71878],[-118.24186,46.72088],[-118.24349,46.72337],[-118.24602,46.72876],[-118.24772,46.73028],[-118.2492,46.73258],[-118.24912,46.73414],[-118.2455,46.7348],[-118.24033,46.73802],[-118.23813,46.73708],[-118.23631,46.73479],[-118.2335,46.73387],[-118.2307,46.73446],[-118.22724,46.73657],[-118.22025,46.73677],[-118.21627,46.73787],[-118.21024,46.73883],[-118.33925,46.73734],[-118.35888,46.73662],[-118.50547,46.73662],[-118.54772,46.73656],[-118.65159,46.73591],[-118.69386,46.73595],[-118.70306,46.73563],[-118.70634,46.73581],[-118.8986,46.73607],[-118.98434,46.73652],[-119.0808,46.73776],[-119.11238,46.73787],[-119.17647,46.73804],[-119.18977,46.73814],[-119.24388,46.73829],[-119.36943,46.73769],[-119.36916,46.67818],[-119.45319,46.67924]]]},"properties":{"GEOID":"53021","NAME":"Franklin"}},{"type":"Feature","geometry":{"type":"MultiPolygon","coordinates":[[[[-122.76657,48.7078],[-122.76663,48.70716],[-122.76633,48.70525],[-122.76599,48.70459],[-122.76618,48.7012],[-122.76498,48.69919],[-122.76429,48.69748],[-122.76429,48.6961],[-122.76369,48.69514],[-122.76214,48.6949],[-122.76147,48.69418],[-122.75935,48.69277],[-122.75825,48.69346],[-122.7576,48.69432],[-122.75775,48.69521],[-122.75992,48.69613],[-122.76197,48.69668],[-122.763,48.69741],[-122.76352,48.69862],[-122.76319,48.70001],[-122.76314,48.70084],[-122.76345,48.70166],[-122.76423,48.70399],[-122.76455,48.70582],[-122.76563,48.70801],[-122.76657,48.7078]]],[[[-122.77707,48.69881],[-122.77745,48.69679],[-122.77626,48.69593],[-122.77481,48.69642],[-122.77466,48.69662],[-122.77416,48.69725],[-122.77366,48.69817],[-122.77461,48.69886],[-122.77411,48.70024],[-122.77381,48.70166],[-122.77421,48.70212],[-122.77451,48.70334],[-122.77511,48.70413],[-122.77707,48.69881]]],[[[-122.82175,48.59091],[-122.82175,48.58781],[-122.81706,48.58998],[-122.81254,48.59045],[-122.80423,48.59435],[-122.80389,48.59641],[-122.80457,48.59778],[-122.81454,48.60122],[-122.81611,48.59674],[-122.81825,48.59265],[-122.82175,48.59091]]],[[[-122.83108,48.57253],[-122.82942,48.56183],[-122.82732,48.55452],[-122.82371,48.55239],[-122.82039,48.55412],[-122.81682,48.55223],[-122.81849,48.55003],[-122.82128,48.54651],[-122.81635,48.53996],[-122.81254,48.53618],[-122.81135,48.53319],[-122.80769,48.53132],[-122.80256,48.53241],[-122.79472,48.53445],[-122.7921,48.53823],[-122.78749,48.54142],[-122.78745,48.54253],[-122.78011,48.54659],[-122.77798,48.54901],[-122.77221,48.55245],[-122.77158,48.55577],[-122.76902,48.55928],[-122.77095,48.56309],[-122.7757,48.56561],[-122.77856,48.56954],[-122.79103,48.5801],[-122.81088,48.58888],[-122.81632,48.58601],[-122.81849,48.58369],[-122.82205,48.58385],[-122.82434,48.58367],[-122.82894,48.57929],[-122.82715,48.57667],[-122.82799,48.57457],[-122.83108,48.57253]]],[[[-122.8473,48.74772],[-122.84673,48.74628],[-122.84662,48.746],[-122.83768,48.74378],[-122.83158,48.74331],[-122.8308,48.74325],[-122.82599,48.74379],[-122.82009,48.74374],[-122.81965,48.74373],[-122.81844,48.74463],[-122.8331,48.74922],[-122.84118,48.75016],[-122.84224,48.75001],[-122.84345,48.74983],[-122.8473,48.74772]]],[[[-122.92498,48.75597],[-122.92361,48.7546],[-122.91914,48.75392],[-122.91698,48.75241],[-122.91681,48.75228],[-122.91658,48.75213],[-122.90964,48.74969],[-122.90483,48.74983],[-122.90306,48.74801],[-122.89695,48.74605],[-122.8968,48.746],[-122.89282,48.74728],[-122.89231,48.74744],[-122.89188,48.74741],[-122.88897,48.74721],[-122.88506,48.74781],[-122.88339,48.74807],[-122.8842,48.75047],[-122.87789,48.75116],[-122.89252,48.75925],[-122.9006,48.75878],[-122.90821,48.76081],[-122.91035,48.76332],[-122.90868,48.76536],[-122.90868,48.76708],[-122.90631,48.7674],[-122.90441,48.76599],[-122.89751,48.76536],[-122.88305,48.76353],[-122.87692,48.76361],[-122.87541,48.76364],[-122.89714,48.77006],[-122.89971,48.77012],[-122.90605,48.77026],[-122.91261,48.77041],[-122.91373,48.76974],[-122.91845,48.76697],[-122.91962,48.75674],[-122.92123,48.75651],[-122.92498,48.75597]]],[[[-122.94573,48.47777],[-122.94566,48.47587],[-122.94286,48.47368],[-122.94172,48.47067],[-122.94458,48.46878],[-122.94528,48.4656],[-122.94244,48.46358],[-122.94305,48.46076],[-122.94434,48.45791],[-122.93457,48.45489],[-122.93412,48.45806],[-122.93008,48.45885],[-122.92627,48.46059],[-122.92128,48.4587],[-122.91748,48.45602],[-122.91677,48.45223],[-122.91629,48.44939],[-122.91962,48.44293],[-122.92532,48.44325],[-122.93077,48.44274],[-122.92625,48.43705],[-122.90892,48.44057],[-122.90441,48.43978],[-122.90488,48.44246],[-122.90441,48.44624],[-122.89709,48.44597],[-122.89056,48.44537],[-122.8766,48.44529],[-122.86848,48.44303],[-122.86424,48.4423],[-122.8621,48.43962],[-122.8659,48.43568],[-122.86923,48.4352],[-122.86899,48.43315],[-122.87161,48.43221],[-122.87517,48.43363],[-122.87398,48.43741],[-122.87731,48.43915],[-122.88397,48.43867],[-122.88877,48.43705],[-122.88937,48.43586],[-122.88444,48.43347],[-122.87731,48.43189],[-122.87707,48.42874],[-122.87969,48.42637],[-122.88278,48.42716],[-122.88872,48.42779],[-122.88967,48.42716],[-122.89352,48.42336],[-122.89531,48.42098],[-122.88416,48.41861],[-122.8727,48.41801],[-122.85367,48.41979],[-122.84892,48.42212],[-122.8495,48.42306],[-122.85663,48.42511],[-122.86257,48.42637],[-122.86067,48.43047],[-122.85331,48.42842],[-122.84831,48.42763],[-122.84472,48.42641],[-122.84222,48.42473],[-122.83905,48.42518],[-122.84332,48.43032],[-122.83905,48.43174],[-122.83643,48.42858],[-122.83225,48.42693],[-122.8274,48.42558],[-122.82757,48.42248],[-122.82317,48.42073],[-122.82027,48.42069],[-122.81262,48.42098],[-122.8091,48.42369],[-122.80748,48.42655],[-122.80214,48.42624],[-122.80347,48.43017],[-122.80069,48.43251],[-122.80163,48.43323],[-122.80482,48.43158],[-122.80886,48.4311],[-122.81242,48.43016],[-122.81409,48.43079],[-122.811,48.43331],[-122.80767,48.43662],[-122.8091,48.43883],[-122.80793,48.4412],[-122.80767,48.44356],[-122.80292,48.44435],[-122.80013,48.44716],[-122.80073,48.44842],[-122.80173,48.4505],[-122.8031,48.45137],[-122.80489,48.45251],[-122.81192,48.4526],[-122.8156,48.45489],[-122.8186,48.45743],[-122.81917,48.46024],[-122.81765,48.4639],[-122.8147,48.46936],[-122.81322,48.47067],[-122.81333,48.4726],[-122.8167,48.47508],[-122.81893,48.47729],[-122.81813,48.4806],[-122.81619,48.48225],[-122.81748,48.48451],[-122.8162,48.48778],[-122.79933,48.49432],[-122.79651,48.49667],[-122.7927,48.50186],[-122.79288,48.50522],[-122.78996,48.50796],[-122.78469,48.51015],[-122.77596,48.50774],[-122.7698,48.50784],[-122.7692,48.50962],[-122.7694,48.5121],[-122.77455,48.51795],[-122.77741,48.5177],[-122.78649,48.52255],[-122.78826,48.52437],[-122.79296,48.52537],[-122.80339,48.52422],[-122.81599,48.52485],[-122.82869,48.5233],[-122.83191,48.51824],[-122.83701,48.51676],[-122.83905,48.51179],[-122.84058,48.50308],[-122.83678,48.48931],[-122.83405,48.48517],[-122.83334,48.47477],[-122.83404,48.46976],[-122.82976,48.46452],[-122.82669,48.46074],[-122.83149,48.45698],[-122.83691,48.45066],[-122.84135,48.45002],[-122.84415,48.44775],[-122.84927,48.44719],[-122.85117,48.44924],[-122.84855,48.45349],[-122.8438,48.45759],[-122.84355,48.46113],[-122.84713,48.45996],[-122.85174,48.45975],[-122.85735,48.45806],[-122.85949,48.46011],[-122.85758,48.46358],[-122.85307,48.47099],[-122.85426,48.47398],[-122.85188,48.47512],[-122.85069,48.47761],[-122.8507,48.48166],[-122.85402,48.48154],[-122.85449,48.48375],[-122.85354,48.48611],[-122.85782,48.48722],[-122.86044,48.48895],[-122.86238,48.49228],[-122.86495,48.49462],[-122.86616,48.49713],[-122.87089,48.49887],[-122.87351,48.50265],[-122.87327,48.50596],[-122.86638,48.51131],[-122.8614,48.52509],[-122.85925,48.53272],[-122.85426,48.53477],[-122.84831,48.53634],[-122.84665,48.53351],[-122.84427,48.53367],[-122.84451,48.53587],[-122.84309,48.53855],[-122.84177,48.53996],[-122.84475,48.54295],[-122.84879,48.53917],[-122.85236,48.53776],[-122.8564,48.5387],[-122.8583,48.54232],[-122.86234,48.54327],[-122.86994,48.54232],[-122.87375,48.54468],[-122.87351,48.54909],[-122.86994,48.55302],[-122.86614,48.55412],[-122.86458,48.55539],[-122.86543,48.55821],[-122.86497,48.56137],[-122.86614,48.56388],[-122.86914,48.56435],[-122.87232,48.56293],[-122.87327,48.55916],[-122.87184,48.55664],[-122.87208,48.55412],[-122.8785,48.55349],[-122.88302,48.55522],[-122.88205,48.55831],[-122.88349,48.56073],[-122.88297,48.56375],[-122.88373,48.56655],[-122.88254,48.5697],[-122.88298,48.5711],[-122.88326,48.572],[-122.88468,48.57316],[-122.89015,48.56907],[-122.89181,48.56482],[-122.89086,48.55821],[-122.89846,48.55648],[-122.90108,48.55475],[-122.90583,48.55019],[-122.91249,48.54972],[-122.91891,48.55145],[-122.9203,48.55066],[-122.92199,48.53886],[-122.91867,48.53256],[-122.91911,48.52984],[-122.91748,48.528],[-122.91605,48.52296],[-122.9203,48.5227],[-122.92722,48.52123],[-122.93198,48.51745],[-122.93352,48.5139],[-122.93412,48.50675],[-122.93697,48.50375],[-122.94119,48.49808],[-122.94505,48.48281],[-122.94434,48.47981],[-122.94573,48.47777]]],[[[-122.97129,48.7892],[-122.97168,48.78851],[-122.97036,48.78636],[-122.97125,48.78487],[-122.96852,48.78399],[-122.96462,48.78333],[-122.9569,48.78201],[-122.95415,48.78154],[-122.94801,48.78106],[-122.94554,48.7819],[-122.94269,48.78287],[-122.94015,48.78498],[-122.94377,48.78821],[-122.94948,48.78561],[-122.95721,48.7866],[-122.97104,48.78965],[-122.97129,48.7892]]],[[[-123.01743,48.59014],[-123.01743,48.58944],[-123.01581,48.58752],[-123.0148,48.58633],[-123.01314,48.5829],[-123.01654,48.58135],[-123.01416,48.57897],[-122.99936,48.58023],[-122.99223,48.57504],[-122.98946,48.57247],[-122.9851,48.5697],[-122.98466,48.56612],[-122.98082,48.56797],[-122.97773,48.56419],[-122.9725,48.55868],[-122.97464,48.55837],[-122.97797,48.55806],[-122.97914,48.56035],[-122.98248,48.56183],[-122.98474,48.56243],[-122.98799,48.56184],[-122.98704,48.55708],[-122.98436,48.55553],[-122.98035,48.55554],[-122.98095,48.55355],[-122.978,48.55185],[-122.97321,48.55239],[-122.96822,48.55507],[-122.96615,48.54911],[-122.95919,48.5494],[-122.95396,48.54877],[-122.94826,48.54689],[-122.94303,48.54799],[-122.94261,48.55025],[-122.93993,48.55185],[-122.94255,48.55522],[-122.94137,48.55758],[-122.93779,48.55754],[-122.93706,48.55946],[-122.93923,48.56277],[-122.93233,48.56403],[-122.92639,48.56372],[-122.92891,48.55945],[-122.92755,48.5547],[-122.92473,48.55459],[-122.92326,48.5566],[-122.92116,48.5623],[-122.91855,48.56435],[-122.90385,48.57569],[-122.9028,48.5785],[-122.9028,48.5804],[-122.90476,48.58243],[-122.91498,48.58401],[-122.91898,48.58706],[-122.92211,48.58715],[-122.92449,48.58479],[-122.9285,48.58516],[-122.93019,48.58196],[-122.93326,48.58088],[-122.92996,48.57567],[-122.93257,48.57378],[-122.9378,48.57457],[-122.93755,48.57659],[-122.94303,48.57945],[-122.94255,48.58196],[-122.93975,48.58274],[-122.94087,48.58611],[-122.9509,48.58802],[-122.95729,48.58841],[-122.96086,48.58992],[-122.96608,48.59045],[-122.96513,48.59281],[-122.96658,48.59467],[-122.96895,48.59442],[-122.97084,48.59155],[-122.9744,48.59297],[-122.9799,48.59325],[-122.98751,48.59087],[-122.99989,48.58706],[-123.0034,48.58573],[-123.00697,48.58573],[-123.00955,48.58741],[-123.01065,48.58937],[-123.01161,48.59109],[-123.01286,48.59118],[-123.01568,48.5906],[-123.01743,48.59014]]],[[[-123.01737,48.60393],[-123.01831,48.60331],[-123.01724,48.6026],[-123.01612,48.6024],[-123.01555,48.60281],[-123.01537,48.60335],[-123.01487,48.60447],[-123.01449,48.60591],[-123.01505,48.60683],[-123.01637,48.60711],[-123.01718,48.60629],[-123.01687,48.60513],[-123.01737,48.60393]]],[[[-123.0262,48.59966],[-123.02563,48.59838],[-123.02432,48.59768],[-123.02444,48.59643],[-123.02526,48.59486],[-123.02501,48.59407],[-123.02357,48.59403],[-123.019,48.59445],[-123.01837,48.59482],[-123.01812,48.59557],[-123.01937,48.59552],[-123.02025,48.59602],[-123.01981,48.59656],[-123.01918,48.59743],[-123.02087,48.59726],[-123.02238,48.59859],[-123.023,48.59962],[-123.02507,48.59954],[-123.0262,48.59966]]],[[[-123.03034,48.62989],[-123.02997,48.62094],[-123.02796,48.61085],[-123.02194,48.60931],[-123.01647,48.6112],[-123.00797,48.61514],[-123.0072,48.62094],[-123.00316,48.62094],[-123.00036,48.61514],[-122.99318,48.60947],[-122.99274,48.60562],[-122.99104,48.60366],[-122.99703,48.60181],[-123.00797,48.59896],[-123.00778,48.59464],[-123.00388,48.59297],[-122.99556,48.5925],[-122.98846,48.5942],[-122.99009,48.59737],[-122.98866,48.60114],[-122.98367,48.60114],[-122.97702,48.5991],[-122.97535,48.60208],[-122.97123,48.60382],[-122.97086,48.60943],[-122.97419,48.61371],[-122.97823,48.6189],[-122.98384,48.62226],[-122.98748,48.62251],[-122.98819,48.62644],[-122.98466,48.62704],[-122.98513,48.62989],[-122.9889,48.63147],[-122.99128,48.63115],[-122.99294,48.63461],[-122.98962,48.63649],[-122.98581,48.63806],[-122.98499,48.63961],[-122.98391,48.64215],[-122.98011,48.6412],[-122.97844,48.63775],[-122.97464,48.63508],[-122.96933,48.62979],[-122.9668,48.62852],[-122.96333,48.63023],[-122.96038,48.63147],[-122.95783,48.62755],[-122.95301,48.62534],[-122.95372,48.62094],[-122.9561,48.61847],[-122.95135,48.60758],[-122.95384,48.606],[-122.95325,48.60271],[-122.95087,48.60145],[-122.94932,48.59839],[-122.94811,48.59759],[-122.94755,48.59721],[-122.94368,48.59737],[-122.9397,48.59753],[-122.93685,48.59705],[-122.9369,48.59347],[-122.934,48.59297],[-122.92637,48.5914],[-122.91997,48.59234],[-122.91498,48.59124],[-122.91118,48.59171],[-122.90548,48.59297],[-122.90096,48.59202],[-122.89644,48.59077],[-122.89098,48.59092],[-122.8888,48.58839],[-122.88415,48.58872],[-122.88076,48.59187],[-122.87139,48.59467],[-122.8703,48.5991],[-122.86494,48.60146],[-122.86235,48.60419],[-122.86188,48.61228],[-122.86507,48.61497],[-122.86806,48.61609],[-122.87577,48.62267],[-122.87743,48.62691],[-122.87933,48.63084],[-122.88036,48.63579],[-122.88139,48.63798],[-122.89657,48.64679],[-122.90429,48.64906],[-122.90518,48.65178],[-122.90976,48.65392],[-122.91142,48.65832],[-122.91166,48.66287],[-122.91308,48.66633],[-122.9094,48.6686],[-122.9088,48.67056],[-122.91118,48.67292],[-122.91308,48.67496],[-122.91641,48.67935],[-122.91613,48.68319],[-122.92021,48.6861],[-122.91807,48.68955],[-122.91308,48.69081],[-122.90756,48.69128],[-122.90301,48.69027],[-122.89899,48.68938],[-122.89852,48.6908],[-122.89953,48.69332],[-122.89471,48.69461],[-122.8905,48.69301],[-122.88504,48.69002],[-122.88242,48.68516],[-122.88377,48.68224],[-122.88218,48.67794],[-122.88361,48.67496],[-122.88329,48.66035],[-122.88171,48.65345],[-122.87814,48.64984],[-122.87577,48.6456],[-122.87291,48.64403],[-122.86959,48.6467],[-122.86602,48.64497],[-122.86103,48.63948],[-122.85247,48.62817],[-122.8482,48.62204],[-122.83618,48.61752],[-122.83047,48.61609],[-122.82847,48.61198],[-122.83031,48.60711],[-122.83142,48.60181],[-122.82714,48.59991],[-122.81952,48.60086],[-122.81571,48.60562],[-122.81346,48.60565],[-122.80993,48.6057],[-122.80424,48.60252],[-122.79906,48.60134],[-122.79763,48.60276],[-122.80161,48.60758],[-122.80434,48.61232],[-122.80928,48.6161],[-122.8088,48.61992],[-122.8035,48.62176],[-122.79968,48.62471],[-122.79525,48.62941],[-122.78909,48.6314],[-122.78497,48.63272],[-122.78337,48.63575],[-122.77876,48.63914],[-122.77574,48.63941],[-122.76907,48.64152],[-122.76382,48.64419],[-122.7593,48.6467],[-122.7548,48.6494],[-122.75483,48.65639],[-122.7509,48.65733],[-122.74517,48.65955],[-122.74148,48.66035],[-122.74195,48.66225],[-122.77309,48.67104],[-122.78772,48.67585],[-122.79478,48.67891],[-122.8009,48.67982],[-122.8014,48.68265],[-122.81468,48.68872],[-122.81667,48.69128],[-122.82199,48.69235],[-122.82701,48.69561],[-122.83726,48.69991],[-122.848,48.70254],[-122.85842,48.70493],[-122.86649,48.7057],[-122.8703,48.70948],[-122.87758,48.7127],[-122.88069,48.71184],[-122.88424,48.71207],[-122.88527,48.71214],[-122.88811,48.71311],[-122.89272,48.71442],[-122.89891,48.71465],[-122.90626,48.71447],[-122.90804,48.71443],[-122.91713,48.71373],[-122.9271,48.71084],[-122.9313,48.71134],[-122.93892,48.70969],[-122.94588,48.71183],[-122.95182,48.71222],[-122.94992,48.71089],[-122.94646,48.70945],[-122.942,48.70541],[-122.94232,48.7021],[-122.94667,48.69785],[-122.9488,48.69371],[-122.95388,48.69098],[-122.96039,48.69033],[-122.95857,48.68683],[-122.96241,48.68362],[-122.97069,48.68086],[-122.98435,48.6748],[-122.98724,48.66915],[-122.99128,48.66664],[-122.99558,48.66438],[-122.99786,48.6616],[-123.00394,48.65839],[-123.0101,48.65496],[-123.01457,48.64906],[-123.01529,48.64291],[-123.01939,48.63893],[-123.02327,48.63448],[-123.03034,48.62989]]],[[[-123.03365,48.5925],[-123.0349,48.59163],[-123.03333,48.5908],[-123.03152,48.59147],[-123.02976,48.59213],[-123.02864,48.59296],[-123.02958,48.59321],[-123.03214,48.59316],[-123.03365,48.5925]]],[[[-123.03998,48.73258],[-123.03942,48.73224],[-123.0389,48.73178],[-123.03842,48.73157],[-123.03758,48.7316],[-123.0363,48.7316],[-123.03499,48.73145],[-123.03424,48.73147],[-123.03343,48.7316],[-123.03247,48.73187],[-123.0318,48.73212],[-123.03187,48.7326],[-123.0321,48.7331],[-123.0345,48.73289],[-123.0355,48.73307],[-123.03692,48.73308],[-123.03854,48.73297],[-123.03938,48.73276],[-123.03998,48.73258]]],[[[-123.05416,48.61853],[-123.05419,48.61752],[-123.05185,48.61605],[-123.05165,48.61349],[-123.05044,48.61193],[-123.04781,48.61083],[-123.04602,48.61094],[-123.04377,48.61198],[-123.0408,48.6109],[-123.03862,48.61049],[-123.03826,48.61212],[-123.04008,48.61698],[-123.04247,48.61869],[-123.04432,48.61947],[-123.04763,48.61954],[-123.04847,48.62092],[-123.04993,48.62134],[-123.05145,48.62067],[-123.05416,48.61853]]],[[[-123.06793,48.7003],[-123.07119,48.69935],[-123.04706,48.69577],[-123.03636,48.69008],[-123.03677,48.68811],[-123.03567,48.68535],[-123.04164,48.67863],[-123.04321,48.67757],[-123.04234,48.67566],[-123.02895,48.67833],[-123.02121,48.68142],[-123.01445,48.68498],[-123.00509,48.69434],[-123.00471,48.69779],[-123.0078,48.69983],[-123.00875,48.70281],[-123.00501,48.70391],[-123.005,48.70534],[-123.00891,48.71272],[-123.00984,48.71718],[-123.00751,48.71886],[-123.00979,48.72229],[-123.0197,48.72131],[-123.02549,48.71797],[-123.02926,48.71646],[-123.04018,48.7173],[-123.04573,48.709],[-123.05442,48.70381],[-123.06793,48.7003]]],[[[-123.08513,48.64807],[-123.08688,48.64524],[-123.08493,48.64493],[-123.0816,48.64519],[-123.07839,48.64599],[-123.07696,48.64772],[-123.07839,48.64961],[-123.08185,48.64925],[-123.08186,48.64925],[-123.08513,48.64807]]],[[[-123.13828,48.6518],[-123.13828,48.65055],[-123.13591,48.64992],[-123.13139,48.64851],[-123.12355,48.64772],[-123.1264,48.64945],[-123.12804,48.65075],[-123.13115,48.65086],[-123.13567,48.65259],[-123.13828,48.6518]]],[[[-123.15183,48.64113],[-123.15183,48.63877],[-123.14732,48.63846],[-123.14803,48.63987],[-123.14993,48.64144],[-123.15183,48.64113]]],[[[-123.16358,48.64919],[-123.16392,48.64781],[-123.16091,48.64691],[-123.14674,48.64266],[-123.13814,48.63854],[-123.12654,48.63548],[-123.11855,48.63338],[-123.11166,48.63374],[-123.10834,48.63249],[-123.10515,48.63338],[-123.10786,48.63579],[-123.1157,48.63751],[-123.11649,48.63957],[-123.12783,48.64369],[-123.13505,48.64438],[-123.14066,48.64411],[-123.15045,48.6478],[-123.15671,48.64919],[-123.16358,48.64919]]],[[[-123.20331,48.59555],[-123.20126,48.58748],[-123.19786,48.58625],[-123.19461,48.58644],[-123.18392,48.58534],[-123.18059,48.58283],[-123.1743,48.57803],[-123.17108,48.57575],[-123.17227,48.57323],[-123.17609,48.56851],[-123.17687,48.56617],[-123.17633,48.56236],[-123.17204,48.55524],[-123.16838,48.55327],[-123.16942,48.55168],[-123.16706,48.55007],[-123.16381,48.55008],[-123.16146,48.54824],[-123.16214,48.54617],[-123.16086,48.54272],[-123.16216,48.53906],[-123.16411,48.53522],[-123.16321,48.53006],[-123.15741,48.52435],[-123.15779,48.52247],[-123.15635,48.5208],[-123.15304,48.52012],[-123.15177,48.51867],[-123.15274,48.51622],[-123.15017,48.51312],[-123.1456,48.51294],[-123.14461,48.51291],[-123.14538,48.50967],[-123.14148,48.50547],[-123.13853,48.50475],[-123.13584,48.50225],[-123.13562,48.50024],[-123.13298,48.49831],[-123.12711,48.49785],[-123.12413,48.49586],[-123.11903,48.49186],[-123.1119,48.49171],[-123.10725,48.4906],[-123.10205,48.48868],[-123.0971,48.48505],[-123.0957,48.48318],[-123.09241,48.48178],[-123.08582,48.48233],[-123.08314,48.48336],[-123.07886,48.48131],[-123.07554,48.48084],[-123.07221,48.48241],[-123.07045,48.48124],[-123.06842,48.47987],[-123.06723,48.4769],[-123.06545,48.47274],[-123.06015,48.47075],[-123.05408,48.46977],[-123.05404,48.46771],[-123.05129,48.4665],[-123.04731,48.46422],[-123.04061,48.46174],[-123.03689,48.45787],[-123.03228,48.45988],[-123.02796,48.45867],[-123.02307,48.45691],[-123.01746,48.45784],[-123.01156,48.45599],[-123.00692,48.45641],[-122.97476,48.45357],[-122.96704,48.45078],[-122.96253,48.45013],[-122.96097,48.45121],[-122.96026,48.45531],[-122.96192,48.45862],[-122.95936,48.4607],[-122.95896,48.46203],[-122.96015,48.46381],[-122.96383,48.46713],[-122.96908,48.46858],[-122.97086,48.46798],[-122.97145,48.46381],[-122.97333,48.46256],[-122.97619,48.46224],[-122.98118,48.46303],[-122.98692,48.46262],[-123.0059,48.47091],[-123.00922,48.47611],[-123.00732,48.48099],[-123.00893,48.48404],[-123.01778,48.49249],[-123.01992,48.49517],[-123.01708,48.4964],[-123.01778,48.49958],[-123.02063,48.501],[-123.01992,48.50289],[-123.01583,48.50379],[-123.0154,48.50635],[-123.01897,48.50793],[-123.01944,48.51092],[-123.01681,48.51234],[-123.01669,48.51394],[-123.01825,48.5158],[-123.01635,48.51863],[-123.01476,48.51863],[-123.01279,48.51863],[-123.00494,48.52084],[-122.99948,48.51926],[-122.99758,48.51659],[-122.99194,48.51473],[-122.98664,48.51643],[-122.98237,48.51454],[-122.97205,48.52033],[-122.97143,48.52525],[-122.96848,48.52747],[-122.96848,48.53282],[-122.96977,48.53611],[-122.9788,48.53422],[-122.98216,48.53639],[-122.98973,48.53516],[-122.9952,48.53548],[-122.99781,48.53674],[-123.0012,48.53936],[-123.00518,48.54146],[-123.00542,48.54312],[-123.00548,48.54358],[-123.0059,48.54649],[-123.00477,48.55126],[-123.00801,48.55539],[-123.01112,48.55656],[-123.01131,48.55959],[-123.01635,48.56207],[-123.02202,48.56256],[-123.02413,48.56274],[-123.0357,48.56375],[-123.04868,48.56977],[-123.05176,48.57565],[-123.06083,48.58249],[-123.06562,48.58545],[-123.0747,48.59186],[-123.07871,48.59298],[-123.08504,48.59399],[-123.10049,48.59902],[-123.10144,48.60153],[-123.10002,48.60546],[-123.09697,48.61194],[-123.10073,48.61583],[-123.10054,48.61908],[-123.1053,48.62264],[-123.11095,48.6224],[-123.11214,48.62118],[-123.11737,48.62212],[-123.12069,48.62008],[-123.12469,48.62172],[-123.12949,48.62149],[-123.13131,48.6211],[-123.13614,48.62008],[-123.14114,48.62039],[-123.13757,48.62306],[-123.14575,48.62502],[-123.15255,48.62322],[-123.15112,48.62196],[-123.15136,48.61929],[-123.15658,48.61678],[-123.16181,48.61725],[-123.16752,48.61913],[-123.17417,48.62008],[-123.17966,48.62205],[-123.18208,48.61684],[-123.18685,48.61241],[-123.19176,48.60939],[-123.19572,48.60777],[-123.19888,48.60071],[-123.20331,48.59555]]],[[[-123.23606,48.68499],[-123.23782,48.6839],[-123.2304,48.67974],[-123.23174,48.67827],[-123.22931,48.67603],[-123.22382,48.67534],[-123.22008,48.67282],[-123.21974,48.67072],[-123.20036,48.66259],[-123.18922,48.6608],[-123.18282,48.65744],[-123.18009,48.66017],[-123.1794,48.66327],[-123.16701,48.66362],[-123.15801,48.66625],[-123.13574,48.65709],[-123.13058,48.65572],[-123.12749,48.65675],[-123.14351,48.66436],[-123.14914,48.66913],[-123.15849,48.673],[-123.16871,48.67724],[-123.17252,48.68081],[-123.1832,48.6843],[-123.18798,48.68528],[-123.19521,48.68573],[-123.20207,48.6869],[-123.20697,48.68885],[-123.21588,48.68992],[-123.22001,48.68921],[-123.22822,48.68962],[-123.23747,48.68906],[-123.23606,48.68499]]]]},"properties":{"GEOID":"53055","NAME":"San Juan"}},{"type":"Feature","geometry":{"type":"Polygon","coordinates":[[[-117.42997,49.00036],[-117.43038,48.92317],[-117.49896,48.92316],[-117.4985,48.8369],[-117.56386,48.83667],[-117.56396,48.78612],[-117.564,48.75589],[-117.56381,48.74296],[-117.59591,48.7429],[-117.62942,48.74263],[-117.62924,48.65585],[-117.60879,48.65595],[-117.60721,48.65613],[-117.56765,48.65604],[-117.56393,48.6562],[-117.49997,48.65619],[-117.49995,48.65277],[-117.50079,48.57167],[-117.501,48.57167],[-117.50121,48.48404],[-117.50057,48.48404],[-117.50039,48.44295],[-117.5004,48.43293],[-117.50054,48.39485],[-117.49998,48.39485],[-117.5004,48.30888],[-117.50001,48.28852],[-117.50005,48.26204],[-117.50014,48.23812],[-117.50081,48.23049],[-117.50085,48.22337],[-117.50224,48.22336],[-117.50225,48.20383],[-117.50246,48.19471],[-117.50237,48.13471],[-117.43763,48.13469],[-117.43737,48.10451],[-117.43734,48.10179],[-117.43699,48.07736],[-117.43682,48.07655],[-117.43699,48.04721],[-117.4369,48.04721],[-117.42474,48.04708],[-117.39305,48.0469],[-117.30657,48.04634],[-117.24013,48.04604],[-117.2245,48.04599],[-117.21798,48.04587],[-117.18717,48.04586],[-117.18679,48.04581],[-117.18513,48.04582],[-117.17584,48.04571],[-117.17372,48.04579],[-117.04168,48.04546],[-117.04168,48.04556],[-117.0414,48.0855],[-117.0414,48.08554],[-117.04111,48.1249],[-117.03979,48.16642],[-117.03956,48.1738],[-117.03955,48.17396],[-117.03952,48.17472],[-117.03941,48.17725],[-117.03962,48.17814],[-117.03958,48.18031],[-117.03958,48.18085],[-117.03958,48.18112],[-117.03961,48.18401],[-117.0396,48.18439],[-117.03955,48.18559],[-117.03946,48.18759],[-117.03929,48.19178],[-117.03928,48.19189],[-117.03922,48.19345],[-117.03912,48.1957],[-117.03908,48.19664],[-117.0386,48.20794],[-117.03751,48.25983],[-117.03518,48.37088],[-117.03518,48.37122],[-117.03529,48.42273],[-117.03525,48.42314],[-117.03528,48.42982],[-117.03528,48.43011],[-117.0353,48.43823],[-117.03538,48.47882],[-117.03542,48.49991],[-117.0349,48.56888],[-117.0346,48.60821],[-117.0345,48.62077],[-117.03436,48.62852],[-117.03371,48.65534],[-117.03367,48.6569],[-117.03333,48.74992],[-117.03238,48.84667],[-117.03211,48.87493],[-117.03235,48.99919],[-117.12607,48.99889],[-117.26825,48.99982],[-117.26819,48.99993],[-117.29982,49.00001],[-117.42997,49.00036]]]},"properties":{"GEOID":"53051","NAME":"Pend Oreille"}},{"type":"Feature","geometry":{"type":"Polygon","coordinates":[[[-122.24586,46.05385],[-122.24555,46.03258],[-122.24616,45.95391],[-122.24518,45.93853],[-122.24452,45.86656],[-122.2498,45.86663],[-122.24914,45.83636],[-122.25012,45.82276],[-122.24984,45.81894],[-122.2496,45.81559],[-122.2495,45.80848],[-122.24978,45.80509],[-122.24966,45.79422],[-122.25014,45.76582],[-122.25021,45.75087],[-122.24946,45.7441],[-122.24975,45.73033],[-122.24925,45.72215],[-122.24923,45.71571],[-122.24924,45.67292],[-122.24987,45.66476],[-122.24985,45.66411],[-122.24924,45.63567],[-122.24899,45.6146],[-122.249,45.61394],[-122.24898,45.58844],[-122.24897,45.58152],[-122.24897,45.57773],[-122.24922,45.54865],[-122.24891,45.54777],[-122.2017,45.56414],[-122.19753,45.56728],[-122.1837,45.5777],[-122.16683,45.58037],[-122.14075,45.58451],[-122.12955,45.58294],[-122.12949,45.58297],[-122.1262,45.58257],[-122.1262,45.58262],[-122.11236,45.58141],[-122.10167,45.58352],[-122.10018,45.5842],[-122.04437,45.60952],[-122.02257,45.61515],[-122.00369,45.61593],[-121.98304,45.62281],[-121.9798,45.62484],[-121.96355,45.63278],[-121.96126,45.63594],[-121.95573,45.64356],[-121.95184,45.64495],[-121.93515,45.64417],[-121.92203,45.64916],[-121.90827,45.6544],[-121.90445,45.65832],[-121.90086,45.66201],[-121.9009,45.66235],[-121.90186,45.67072],[-121.87716,45.68678],[-121.8757,45.68773],[-121.86717,45.69328],[-121.85821,45.69544],[-121.83811,45.70029],[-121.8113,45.70676],[-121.7351,45.69404],[-121.71171,45.69469],[-121.70736,45.69481],[-121.67596,45.70308],[-121.66836,45.70508],[-121.63812,45.70474],[-121.63117,45.70466],[-121.60932,45.70953],[-121.56273,45.71993],[-121.53382,45.72638],[-121.53311,45.72654],[-121.53198,45.72635],[-121.52369,45.7249],[-121.52151,45.73194],[-121.52276,45.73549],[-121.52303,45.73909],[-121.52412,45.74085],[-121.52501,45.74403],[-121.52283,45.74721],[-121.52151,45.74764],[-121.52523,45.74974],[-121.52645,45.75081],[-121.52902,45.7547],[-121.53128,45.75571],[-121.53285,45.7591],[-121.53446,45.76033],[-121.53678,45.76064],[-121.53676,45.76338],[-121.53839,45.76595],[-121.53808,45.77093],[-121.536,45.7725],[-121.53247,45.7731],[-121.53072,45.77414],[-121.52938,45.77682],[-121.52835,45.77738],[-121.5197,45.77789],[-121.51705,45.77884],[-121.51562,45.78005],[-121.51438,45.78211],[-121.51739,45.78199],[-121.60925,45.78252],[-121.60845,45.84261],[-121.6085,45.85813],[-121.60862,45.87036],[-121.6125,45.87042],[-121.61256,45.89887],[-121.61223,46.04409],[-121.52232,46.04401],[-121.52232,46.38822],[-121.52232,46.38863],[-121.73131,46.38863],[-121.97142,46.38863],[-121.9899,46.38863],[-121.9899,46.38798],[-122.03214,46.38781],[-122.11447,46.38832],[-122.11429,46.38648],[-122.24099,46.38586],[-122.24097,46.38536],[-122.23948,46.38542],[-122.24041,46.35624],[-122.24038,46.35589],[-122.24119,46.31281],[-122.24117,46.31239],[-122.24201,46.21162],[-122.24546,46.21133],[-122.24668,46.20058],[-122.24621,46.1428],[-122.24604,46.12815],[-122.2458,46.06325],[-122.24586,46.05385]]]},"properties":{"GEOID":"53059","NAME":"Skamania"}},{"type":"Feature","geometry":{"type":"Polygon","coordinates":[[[-118.22863,46.59336],[-118.22801,46.56041],[-118.24152,46.56042],[-118.24264,46.55975],[-118.24138,46.47697],[-118.24125,46.46962],[-118.24183,46.45495],[-118.24167,46.41096],[-118.2417,46.36746],[-118.24177,46.33862],[-118.24179,46.33847],[-118.2418,46.33124],[-118.24185,46.29506],[-118.18483,46.29551],[-118.13733,46.29543],[-118.11612,46.29546],[-118.11626,46.28554],[-118.11634,46.28082],[-118.11636,46.27925],[-118.11676,46.2502],[-118.11662,46.20805],[-118.04362,46.2079],[-117.99148,46.2077],[-117.99238,46.12758],[-117.99254,46.08458],[-117.99291,46.07752],[-117.99268,46.07064],[-117.99327,46.06356],[-117.99324,46.06274],[-117.99215,46.04143],[-117.99215,46.03827],[-117.99311,46.03379],[-117.99346,46.02682],[-117.99311,46.01972],[-117.9955,46.01289],[-117.99649,46.00597],[-117.99695,46.00079],[-117.99691,46.00079],[-117.97766,46.00072],[-117.71785,45.99987],[-117.6236,45.99906],[-117.60342,45.99889],[-117.6033,46.12131],[-117.6126,46.12132],[-117.612,46.33468],[-117.6119,46.33848],[-117.67495,46.33765],[-117.67395,46.38328],[-117.69494,46.38325],[-117.69508,46.39768],[-117.71645,46.39761],[-117.71663,46.4418],[-117.73742,46.442],[-117.73737,46.44933],[-117.7373,46.47145],[-117.77952,46.47145],[-117.82212,46.47112],[-117.86335,46.47067],[-117.86159,46.56023],[-117.85317,46.56019],[-117.85185,46.62467],[-117.85964,46.62357],[-117.86164,46.62307],[-117.86645,46.62117],[-117.87055,46.61877],[-117.87405,46.61557],[-117.87825,46.60887],[-117.87985,46.60377],[-117.88045,46.59797],[-117.88186,46.59219],[-117.88311,46.58984],[-117.88503,46.58785],[-117.88762,46.58632],[-117.89186,46.58538],[-117.9018,46.58486],[-117.90905,46.58477],[-117.91705,46.58567],[-117.92165,46.58657],[-117.93185,46.58807],[-117.93885,46.58977],[-117.94555,46.59037],[-117.95285,46.59207],[-117.95805,46.59177],[-117.96915,46.58937],[-117.97425,46.58887],[-117.98005,46.58777],[-117.98526,46.58687],[-117.98896,46.58677],[-117.99306,46.58787],[-117.99996,46.58837],[-118.00096,46.58807],[-118.0086,46.58824],[-118.01211,46.58793],[-118.02286,46.58619],[-118.03141,46.58569],[-118.03516,46.58516],[-118.03912,46.58378],[-118.04827,46.57931],[-118.05599,46.57707],[-118.0691,46.57468],[-118.0731,46.5745],[-118.08334,46.57507],[-118.08892,46.57493],[-118.09289,46.57453],[-118.09664,46.57312],[-118.10005,46.57025],[-118.10169,46.56741],[-118.10246,46.56413],[-118.1044,46.56157],[-118.107,46.55992],[-118.11036,46.55841],[-118.11387,46.55736],[-118.11845,46.55678],[-118.12719,46.55676],[-118.13538,46.55712],[-118.14313,46.55778],[-118.1501,46.55691],[-118.15834,46.55486],[-118.1618,46.55472],[-118.16529,46.55514],[-118.17255,46.55695],[-118.17884,46.56053],[-118.18336,46.5661],[-118.18504,46.56733],[-118.19297,46.57184],[-118.20081,46.57903],[-118.20471,46.58183],[-118.20607,46.58329],[-118.2111,46.58759],[-118.21566,46.58892],[-118.22447,46.59102],[-118.22863,46.59336]]]},"properties":{"GEOID":"53013","NAME":"Columbia"}},{"type":"Feature","geometry":{"type":"MultiPolygon","coordinates":[[[[-122.40547,48.25198],[-122.40652,48.25183],[-122.41655,48.25588],[-122.42853,48.25959],[-122.44204,48.26376],[-122.45121,48.2666],[-122.45602,48.26635],[-122.4584,48.26952],[-122.46396,48.27054],[-122.4668,48.2696],[-122.47019,48.26222],[-122.47449,48.25523],[-122.47709,48.25326],[-122.48093,48.25171],[-122.48355,48.25135],[-122.4863,48.25097],[-122.49345,48.25204],[-122.49773,48.25339],[-122.49965,48.25661],[-122.50379,48.25705],[-122.50694,48.2554],[-122.51368,48.25447],[-122.51761,48.25296],[-122.52213,48.25126],[-122.52685,48.25179],[-122.531,48.24982],[-122.53521,48.24021],[-122.53471,48.22924],[-122.53443,48.22301],[-122.53823,48.21344],[-122.53892,48.20968],[-122.53846,48.20271],[-122.53622,48.20057],[-122.53613,48.20001],[-122.53578,48.19789],[-122.53294,48.19542],[-122.53192,48.1906],[-122.53318,48.18686],[-122.53722,48.18375],[-122.53053,48.17453],[-122.53009,48.17022],[-122.52714,48.16901],[-122.52645,48.16873],[-122.52341,48.16619],[-122.52272,48.16562],[-122.52398,48.16249],[-122.52104,48.15751],[-122.51835,48.15536],[-122.51623,48.15115],[-122.51354,48.14836],[-122.51329,48.14598],[-122.51573,48.14192],[-122.51469,48.13967],[-122.51203,48.13393],[-122.51056,48.13221],[-122.50872,48.13117],[-122.50471,48.1303],[-122.49545,48.125],[-122.49468,48.12264],[-122.49301,48.12122],[-122.48999,48.12062],[-122.48674,48.12095],[-122.48161,48.12487],[-122.47798,48.12905],[-122.4675,48.13035],[-122.45778,48.12079],[-122.44966,48.11404],[-122.44679,48.1092],[-122.44311,48.10702],[-122.43596,48.10552],[-122.4296,48.10546],[-122.4237,48.10294],[-122.4197,48.09853],[-122.41624,48.09463],[-122.41574,48.09313],[-122.41559,48.09267],[-122.40945,48.09041],[-122.40069,48.08526],[-122.39341,48.07847],[-122.39079,48.06948],[-122.38769,48.06519],[-122.38844,48.06359],[-122.38499,48.06337],[-122.37711,48.05757],[-122.37239,48.05601],[-122.36311,48.05455],[-122.35896,48.05485],[-122.35682,48.05676],[-122.35801,48.05962],[-122.35944,48.06279],[-122.36388,48.06631],[-122.36847,48.07375],[-122.37322,48.0809],[-122.37948,48.08738],[-122.39233,48.0977],[-122.41165,48.11321],[-122.41427,48.11394],[-122.416,48.11361],[-122.42147,48.11582],[-122.42314,48.12233],[-122.42911,48.12541],[-122.43303,48.12607],[-122.43906,48.12915],[-122.44238,48.13084],[-122.44542,48.13576],[-122.44852,48.13992],[-122.44999,48.14295],[-122.45588,48.146],[-122.46202,48.1524],[-122.46433,48.15558],[-122.46592,48.16229],[-122.4758,48.16679],[-122.47448,48.17133],[-122.47639,48.17405],[-122.47901,48.1757],[-122.47836,48.17961],[-122.47853,48.18809],[-122.47025,48.19401],[-122.4648,48.19477],[-122.46189,48.19314],[-122.45493,48.19664],[-122.44205,48.20935],[-122.44173,48.21178],[-122.44451,48.21452],[-122.44951,48.21474],[-122.45084,48.22259],[-122.45362,48.22683],[-122.45371,48.22886],[-122.4496,48.2326],[-122.44118,48.23542],[-122.43377,48.23655],[-122.43058,48.23624],[-122.42873,48.23451],[-122.42557,48.23289],[-122.42511,48.23128],[-122.42511,48.22978],[-122.42405,48.2282],[-122.41829,48.22693],[-122.41527,48.22658],[-122.41198,48.22703],[-122.40893,48.22836],[-122.40425,48.2293],[-122.39612,48.22923],[-122.39468,48.22987],[-122.39298,48.23743],[-122.39368,48.23876],[-122.39554,48.23987],[-122.39915,48.2421],[-122.40083,48.24467],[-122.40083,48.24633],[-122.40255,48.24737],[-122.40547,48.25198]]],[[[-122.76994,48.22755],[-122.77004,48.2244],[-122.76304,48.21534],[-122.74461,48.20965],[-122.74068,48.20707],[-122.73503,48.19996],[-122.7159,48.19477],[-122.71151,48.19357],[-122.70496,48.18946],[-122.70093,48.1853],[-122.6974,48.18434],[-122.69308,48.18151],[-122.68663,48.17465],[-122.68415,48.16879],[-122.68307,48.16165],[-122.67956,48.15511],[-122.67674,48.15405],[-122.67123,48.15731],[-122.66531,48.16007],[-122.65602,48.16251],[-122.64608,48.16404],[-122.63317,48.16328],[-122.6243,48.16179],[-122.61746,48.15905],[-122.61271,48.1559],[-122.61166,48.15455],[-122.60957,48.15186],[-122.60516,48.14418],[-122.60211,48.13525],[-122.5983,48.11062],[-122.6047,48.09665],[-122.60729,48.08803],[-122.61322,48.07949],[-122.61403,48.07279],[-122.61233,48.0701],[-122.60604,48.06719],[-122.60573,48.06422],[-122.60095,48.06151],[-122.59741,48.05847],[-122.59492,48.05632],[-122.59362,48.0472],[-122.59679,48.03883],[-122.60071,48.03592],[-122.60734,48.03099],[-122.60078,48.02845],[-122.59666,48.02576],[-122.59368,48.01998],[-122.58808,48.01697],[-122.58178,48.01039],[-122.57978,48.01003],[-122.56002,48.0065],[-122.54759,48.00028],[-122.54292,47.9964],[-122.54156,47.993],[-122.54306,47.98598],[-122.55103,47.97735],[-122.55123,47.97664],[-122.55205,47.97364],[-122.55185,47.97236],[-122.54991,47.97182],[-122.5478,47.97049],[-122.54682,47.96722],[-122.52122,47.973],[-122.51778,47.97492],[-122.51481,47.98115],[-122.50126,47.98709],[-122.48753,47.98974],[-122.47883,47.98981],[-122.47266,47.98845],[-122.46925,47.98681],[-122.46915,47.98597],[-122.46882,47.98298],[-122.46179,47.97588],[-122.45541,47.97166],[-122.44668,47.96316],[-122.44076,47.95185],[-122.44079,47.94659],[-122.4412,47.94305],[-122.44208,47.94209],[-122.44464,47.93932],[-122.44576,47.93619],[-122.44552,47.93023],[-122.43069,47.91766],[-122.43103,47.91473],[-122.41927,47.91213],[-122.41245,47.91303],[-122.40967,47.91495],[-122.40786,47.91669],[-122.40757,47.91779],[-122.40652,47.92044],[-122.40542,47.92081],[-122.40471,47.92171],[-122.40332,47.92219],[-122.39861,47.9225],[-122.39537,47.92208],[-122.39314,47.91985],[-122.39478,47.91723],[-122.39541,47.91407],[-122.39735,47.9124],[-122.39042,47.9057],[-122.3805,47.90402],[-122.3773,47.90594],[-122.37578,47.91025],[-122.37586,47.91699],[-122.37684,47.9237],[-122.36788,47.93242],[-122.36538,47.93492],[-122.35881,47.93742],[-122.35872,47.93757],[-122.35761,47.93931],[-122.35677,47.94452],[-122.35074,47.95324],[-122.35056,47.95412],[-122.3496,47.9588],[-122.35025,47.96936],[-122.35283,47.97863],[-122.35361,47.98143],[-122.35427,47.98448],[-122.3599,47.98786],[-122.36414,47.99127],[-122.36916,47.9953],[-122.37156,48.00033],[-122.3718,48.00637],[-122.37279,48.01003],[-122.37227,48.02005],[-122.3737,48.02625],[-122.37398,48.02681],[-122.37592,48.03069],[-122.37626,48.03446],[-122.38035,48.03372],[-122.38297,48.0342],[-122.38738,48.03403],[-122.38783,48.03419],[-122.39239,48.03579],[-122.40063,48.03656],[-122.40341,48.03674],[-122.40669,48.0408],[-122.41195,48.0416],[-122.41618,48.04348],[-122.41987,48.04345],[-122.42543,48.04339],[-122.43127,48.045],[-122.43732,48.049],[-122.44512,48.0517],[-122.44842,48.05432],[-122.46161,48.0685],[-122.46898,48.07705],[-122.47278,48.07761],[-122.47866,48.08241],[-122.48133,48.08458],[-122.48398,48.08674],[-122.48761,48.09119],[-122.4911,48.09424],[-122.49176,48.09709],[-122.49602,48.09556],[-122.50514,48.09551],[-122.50868,48.09685],[-122.51328,48.09754],[-122.52542,48.09654],[-122.52272,48.08979],[-122.51691,48.08108],[-122.51108,48.0753],[-122.51393,48.06677],[-122.51777,48.06347],[-122.51464,48.06121],[-122.51399,48.05908],[-122.51631,48.05718],[-122.51607,48.05342],[-122.51227,48.04961],[-122.51344,48.04627],[-122.51132,48.04198],[-122.50965,48.03976],[-122.51275,48.03547],[-122.51334,48.034],[-122.51526,48.02921],[-122.51797,48.02243],[-122.52279,48.01912],[-122.52446,48.01818],[-122.52819,48.01607],[-122.52975,48.01612],[-122.53342,48.01623],[-122.53578,48.01615],[-122.53794,48.01607],[-122.53919,48.01666],[-122.54085,48.01743],[-122.54152,48.01775],[-122.5415,48.02],[-122.5415,48.02037],[-122.5407,48.021],[-122.5388,48.02251],[-122.53671,48.02617],[-122.53683,48.03324],[-122.53684,48.03387],[-122.53689,48.03677],[-122.53699,48.0423],[-122.53895,48.05023],[-122.54512,48.05255],[-122.54887,48.05374],[-122.54695,48.05736],[-122.54534,48.06248],[-122.54549,48.06912],[-122.54677,48.07302],[-122.54627,48.07595],[-122.55121,48.07628],[-122.55456,48.07739],[-122.56367,48.09183],[-122.56435,48.09253],[-122.56721,48.0955],[-122.57185,48.10214],[-122.57161,48.10511],[-122.56004,48.11312],[-122.55766,48.11788],[-122.55981,48.12145],[-122.56001,48.12445],[-122.56285,48.12891],[-122.5664,48.13283],[-122.56705,48.14415],[-122.56794,48.14862],[-122.57216,48.15405],[-122.57306,48.15456],[-122.57491,48.15559],[-122.57805,48.1568],[-122.58096,48.1596],[-122.58118,48.16769],[-122.58259,48.17042],[-122.58506,48.17426],[-122.58578,48.18235],[-122.58814,48.18594],[-122.59275,48.19043],[-122.60069,48.19624],[-122.60582,48.20175],[-122.60487,48.20638],[-122.60641,48.20826],[-122.6125,48.21185],[-122.61663,48.21242],[-122.62531,48.2205],[-122.62835,48.22247],[-122.63126,48.22069],[-122.63458,48.21975],[-122.63782,48.22171],[-122.64565,48.22294],[-122.64825,48.22689],[-122.65354,48.22517],[-122.65962,48.22319],[-122.66532,48.2237],[-122.66838,48.22397],[-122.67383,48.22358],[-122.67409,48.22357],[-122.67841,48.22092],[-122.68764,48.22262],[-122.68828,48.22257],[-122.69297,48.22224],[-122.69956,48.21807],[-122.70053,48.21782],[-122.70557,48.21655],[-122.71097,48.21411],[-122.71548,48.2149],[-122.72119,48.21379],[-122.7238,48.21506],[-122.72665,48.21886],[-122.72618,48.22266],[-122.72988,48.22361],[-122.73236,48.22614],[-122.73233,48.22946],[-122.72832,48.23248],[-122.71596,48.23612],[-122.70414,48.23805],[-122.69006,48.23836],[-122.68649,48.23992],[-122.68197,48.24024],[-122.68085,48.23986],[-122.67722,48.23865],[-122.66921,48.24061],[-122.65868,48.24451],[-122.65297,48.25147],[-122.65343,48.25934],[-122.65264,48.26508],[-122.66034,48.27014],[-122.6623,48.27245],[-122.66343,48.27378],[-122.66283,48.27696],[-122.66272,48.27758],[-122.6563,48.28327],[-122.64789,48.28594],[-122.64632,48.28644],[-122.64299,48.28881],[-122.6361,48.28849],[-122.63253,48.28565],[-122.63112,48.28267],[-122.63111,48.28264],[-122.63519,48.27992],[-122.63538,48.27979],[-122.64394,48.27964],[-122.6437,48.27616],[-122.6396,48.272],[-122.63824,48.27062],[-122.63111,48.26714],[-122.62378,48.26943],[-122.62396,48.2696],[-122.62588,48.27141],[-122.62493,48.2779],[-122.62442,48.2782],[-122.62142,48.27996],[-122.62077,48.28287],[-122.62075,48.28296],[-122.62587,48.28581],[-122.62666,48.28864],[-122.62676,48.28899],[-122.61847,48.29416],[-122.61682,48.29452],[-122.59953,48.2983],[-122.58409,48.29799],[-122.57487,48.2949],[-122.56889,48.29026],[-122.56678,48.28862],[-122.55833,48.28206],[-122.56008,48.27916],[-122.56019,48.27899],[-122.56123,48.27726],[-122.56079,48.27488],[-122.56049,48.27322],[-122.55844,48.27217],[-122.55784,48.27344],[-122.55865,48.27623],[-122.5589,48.27709],[-122.55766,48.27932],[-122.55566,48.28007],[-122.55557,48.2801],[-122.55179,48.28151],[-122.53098,48.28245],[-122.52276,48.2855],[-122.51953,48.28831],[-122.5107,48.29356],[-122.50583,48.29768],[-122.50473,48.30037],[-122.50657,48.31004],[-122.51598,48.32042],[-122.52232,48.32305],[-122.52725,48.32508],[-122.53095,48.32863],[-122.53571,48.33226],[-122.54455,48.33604],[-122.55133,48.34214],[-122.56552,48.34822],[-122.58516,48.3533],[-122.59387,48.35453],[-122.59403,48.35456],[-122.59712,48.35566],[-122.59723,48.3561],[-122.59759,48.35756],[-122.5946,48.35878],[-122.5945,48.35882],[-122.58889,48.36301],[-122.58024,48.37161],[-122.58017,48.37482],[-122.58391,48.37998],[-122.58405,48.38282],[-122.58601,48.38551],[-122.58578,48.38897],[-122.58529,48.39306],[-122.58504,48.39517],[-122.59046,48.39497],[-122.59535,48.3972],[-122.59673,48.40563],[-122.60198,48.40991],[-122.60971,48.41157],[-122.61717,48.40715],[-122.62017,48.40365],[-122.62429,48.40049],[-122.62612,48.40144],[-122.6273,48.40428],[-122.63087,48.40302],[-122.63499,48.40424],[-122.64453,48.40545],[-122.6448,48.40549],[-122.65107,48.40286],[-122.65749,48.40176],[-122.66153,48.40255],[-122.66466,48.40151],[-122.66493,48.37482],[-122.66688,48.36915],[-122.66841,48.36471],[-122.67373,48.35468],[-122.68282,48.34374],[-122.6872,48.34129],[-122.6903,48.33511],[-122.69488,48.32969],[-122.70026,48.32748],[-122.70266,48.32173],[-122.70708,48.31529],[-122.7081,48.31438],[-122.71226,48.31068],[-122.71648,48.30806],[-122.72242,48.30438],[-122.72259,48.30427],[-122.72724,48.29373],[-122.72879,48.28517],[-122.73013,48.28279],[-122.73202,48.27943],[-122.73886,48.27435],[-122.74833,48.26448],[-122.75256,48.26006],[-122.75621,48.25376],[-122.75746,48.25161],[-122.76239,48.23835],[-122.76626,48.23275],[-122.76994,48.22755]]],[[[-122.84568,48.31736],[-122.84527,48.31686],[-122.84353,48.31707],[-122.84237,48.31682],[-122.84151,48.31727],[-122.84099,48.3175],[-122.84073,48.31805],[-122.83961,48.31876],[-122.8381,48.31928],[-122.83759,48.31967],[-122.83906,48.31993],[-122.84006,48.32034],[-122.84123,48.32101],[-122.84132,48.32107],[-122.84202,48.3216],[-122.8428,48.32146],[-122.84444,48.32065],[-122.84512,48.31888],[-122.84568,48.31736]]]]},"properties":{"GEOID":"53029","NAME":"Island"}},{"type":"Feature","geometry":{"type":"MultiPolygon","coordinates":[[[[-122.50492,47.54653],[-122.50629,47.54424],[-122.49957,47.53654],[-122.49946,47.53369],[-122.49677,47.53175],[-122.48915,47.52948],[-122.48516,47.53009],[-122.48415,47.53169],[-122.48534,47.53434],[-122.48527,47.53749],[-122.48033,47.54009],[-122.47952,47.54186],[-122.49142,47.54543],[-122.50492,47.54653]]],[[[-122.55088,47.40344],[-122.55037,47.40667],[-122.54728,47.4078],[-122.54704,47.41053],[-122.54454,47.41154],[-122.53987,47.41792],[-122.54015,47.42034],[-122.53976,47.42066],[-122.53539,47.4242],[-122.53189,47.42883],[-122.53184,47.43031],[-122.53539,47.43562],[-122.53349,47.43916],[-122.53563,47.44928],[-122.53302,47.45362],[-122.52993,47.45603],[-122.53076,47.46197],[-122.53088,47.46255],[-122.5323,47.46921],[-122.52874,47.47226],[-122.52303,47.47531],[-122.52089,47.47756],[-122.51875,47.48126],[-122.51875,47.48576],[-122.5159,47.48736],[-122.51472,47.48993],[-122.51115,47.49218],[-122.5044,47.49969],[-122.50385,47.50117],[-122.50307,47.50326],[-122.49754,47.50731],[-122.49551,47.50957],[-122.49488,47.51027],[-122.49574,47.51278],[-122.49592,47.51287],[-122.496,47.51291],[-122.50054,47.51528],[-122.50058,47.51535],[-122.50092,47.51605],[-122.50188,47.51803],[-122.50755,47.51963],[-122.51367,47.51938],[-122.51931,47.52164],[-122.5204,47.52314],[-122.52113,47.52413],[-122.52702,47.52427],[-122.52779,47.52429],[-122.5342,47.52525],[-122.54229,47.52461],[-122.54351,47.52633],[-122.54585,47.52959],[-122.54236,47.53784],[-122.53967,47.54384],[-122.54039,47.54894],[-122.54312,47.55633],[-122.53783,47.56245],[-122.53755,47.56278],[-122.53254,47.56376],[-122.53198,47.56528],[-122.52853,47.56751],[-122.52835,47.56762],[-122.52284,47.57118],[-122.51837,47.57408],[-122.50367,47.57518],[-122.49795,47.57785],[-122.49517,47.5801],[-122.48572,47.58092],[-122.47909,47.58365],[-122.4838,47.58672],[-122.49393,47.58896],[-122.50283,47.59166],[-122.5064,47.59454],[-122.5064,47.59474],[-122.5064,47.59647],[-122.49778,47.59698],[-122.49824,47.59824],[-122.49891,47.60446],[-122.49665,47.60945],[-122.50036,47.61782],[-122.49785,47.62031],[-122.49638,47.62177],[-122.49562,47.62126],[-122.49237,47.61906],[-122.48857,47.61842],[-122.49102,47.62057],[-122.49452,47.62363],[-122.49314,47.62842],[-122.49281,47.62959],[-122.48913,47.63318],[-122.49321,47.63512],[-122.50212,47.63907],[-122.50816,47.64366],[-122.51258,47.64997],[-122.51741,47.65174],[-122.51828,47.65205],[-122.51495,47.65413],[-122.50788,47.65659],[-122.5007,47.6596],[-122.49784,47.66182],[-122.50416,47.66492],[-122.50871,47.67084],[-122.50779,47.68185],[-122.50508,47.68513],[-122.50445,47.68589],[-122.50307,47.6943],[-122.5046,47.69914],[-122.5112,47.70872],[-122.51428,47.70855],[-122.51568,47.70848],[-122.51713,47.70717],[-122.51899,47.7055],[-122.52396,47.70803],[-122.52612,47.7071],[-122.5266,47.70374],[-122.53094,47.70481],[-122.54316,47.71094],[-122.54411,47.71819],[-122.54942,47.72181],[-122.55186,47.72407],[-122.55396,47.726],[-122.55083,47.72958],[-122.54965,47.73093],[-122.54918,47.73684],[-122.5506,47.74276],[-122.55239,47.74413],[-122.55445,47.7457],[-122.55257,47.74586],[-122.53732,47.74714],[-122.53258,47.7469],[-122.52578,47.74655],[-122.51932,47.74622],[-122.51519,47.74391],[-122.50764,47.74304],[-122.50331,47.74317],[-122.49688,47.74499],[-122.48849,47.7436],[-122.47734,47.74602],[-122.47712,47.74617],[-122.47184,47.74982],[-122.47265,47.75282],[-122.47033,47.75711],[-122.4714,47.76597],[-122.47809,47.76904],[-122.47835,47.7712],[-122.48089,47.77415],[-122.48306,47.77712],[-122.48225,47.77916],[-122.48282,47.78035],[-122.48355,47.78187],[-122.48918,47.78321],[-122.49546,47.78669],[-122.50188,47.79068],[-122.50179,47.79234],[-122.50164,47.79499],[-122.50056,47.79534],[-122.49535,47.79704],[-122.48521,47.80413],[-122.48244,47.80926],[-122.48253,47.81551],[-122.48742,47.81822],[-122.50222,47.8264],[-122.50511,47.83035],[-122.50612,47.83175],[-122.50663,47.84144],[-122.50586,47.849],[-122.50817,47.8522],[-122.50786,47.85503],[-122.51193,47.85977],[-122.51266,47.86332],[-122.51278,47.86388],[-122.51446,47.86597],[-122.51181,47.87763],[-122.51257,47.88179],[-122.52612,47.89995],[-122.52759,47.90588],[-122.52533,47.91234],[-122.52745,47.91226],[-122.53233,47.91209],[-122.54011,47.91365],[-122.54907,47.91907],[-122.56266,47.92029],[-122.58185,47.92028],[-122.59218,47.92252],[-122.59849,47.92734],[-122.60151,47.93173],[-122.60386,47.94048],[-122.61196,47.94077],[-122.61702,47.93899],[-122.62032,47.93155],[-122.6162,47.93006],[-122.61549,47.92783],[-122.61787,47.92528],[-122.60693,47.92337],[-122.60524,47.92232],[-122.59623,47.92021],[-122.59515,47.9178],[-122.58823,47.91292],[-122.58634,47.90202],[-122.5731,47.87408],[-122.57332,47.8677],[-122.57367,47.85772],[-122.57367,47.85758],[-122.57373,47.85756],[-122.57722,47.85595],[-122.57773,47.85613],[-122.58127,47.85739],[-122.6081,47.85673],[-122.61459,47.85081],[-122.62319,47.8362],[-122.62766,47.83561],[-122.6307,47.83522],[-122.64789,47.82525],[-122.64811,47.82512],[-122.65242,47.82204],[-122.65376,47.81607],[-122.65444,47.8157],[-122.65813,47.81371],[-122.65845,47.81369],[-122.66198,47.81339],[-122.66487,47.81314],[-122.67151,47.80839],[-122.67203,47.80802],[-122.67325,47.80715],[-122.67491,47.80441],[-122.67751,47.80312],[-122.68201,47.80088],[-122.68408,47.79857],[-122.68496,47.79586],[-122.69056,47.77837],[-122.70177,47.77487],[-122.70635,47.77252],[-122.71461,47.76828],[-122.7148,47.76818],[-122.71971,47.76098],[-122.72165,47.75304],[-122.72267,47.7489],[-122.72269,47.74883],[-122.72601,47.74627],[-122.73301,47.73763],[-122.73547,47.73715],[-122.74016,47.73623],[-122.74015,47.73592],[-122.74003,47.73205],[-122.74303,47.72966],[-122.74348,47.7293],[-122.74356,47.72915],[-122.74714,47.72169],[-122.7473,47.72135],[-122.74935,47.71708],[-122.74907,47.70854],[-122.74645,47.70118],[-122.7455,47.69319],[-122.74674,47.69011],[-122.74764,47.68135],[-122.75034,47.67351],[-122.75144,47.6703],[-122.7543,47.6687],[-122.75905,47.66934],[-122.76109,47.66862],[-122.763,47.66795],[-122.76499,47.66534],[-122.77117,47.66326],[-122.7745,47.66342],[-122.77901,47.66038],[-122.78234,47.65926],[-122.78519,47.6599],[-122.78735,47.65917],[-122.79061,47.65807],[-122.79592,47.65521],[-122.79732,47.65446],[-122.81086,47.64981],[-122.82417,47.64229],[-122.83083,47.63924],[-122.83511,47.63892],[-122.83653,47.64149],[-122.83273,47.64789],[-122.82988,47.65109],[-122.82726,47.65317],[-122.82819,47.65506],[-122.83115,47.65527],[-122.84081,47.65253],[-122.85531,47.64757],[-122.85697,47.64485],[-122.85959,47.63876],[-122.86339,47.63524],[-122.86476,47.63467],[-122.86838,47.63316],[-122.86934,47.63318],[-122.8748,47.63332],[-122.89165,47.62831],[-122.89619,47.62547],[-122.90936,47.62305],[-122.9171,47.62074],[-122.91967,47.61767],[-122.91901,47.61361],[-122.91592,47.60929],[-122.91783,47.60721],[-122.92162,47.6024],[-122.92281,47.59791],[-122.92875,47.59663],[-122.93184,47.59422],[-122.9366,47.59005],[-122.94396,47.58781],[-122.94919,47.58669],[-122.96512,47.58525],[-122.9694,47.57787],[-122.9713,47.57114],[-122.97505,47.56768],[-122.97653,47.56633],[-122.97558,47.56248],[-122.97534,47.55959],[-122.98009,47.55815],[-122.9839,47.55863],[-122.98553,47.55672],[-122.98912,47.55253],[-122.99649,47.54435],[-123.00838,47.53215],[-123.01152,47.53127],[-123.01412,47.5287],[-123.01482,47.5284],[-123.01752,47.52723],[-123.01764,47.52718],[-123.02333,47.52074],[-122.99362,47.52028],[-122.97194,47.52145],[-122.94571,47.52225],[-122.93966,47.52251],[-122.86478,47.52128],[-122.8398,47.52129],[-122.83912,47.52127],[-122.8163,47.52066],[-122.80101,47.52041],[-122.80094,47.4841],[-122.80085,47.47625],[-122.80076,47.47058],[-122.80074,47.46956],[-122.80062,47.46201],[-122.80062,47.44489],[-122.80124,47.43263],[-122.80119,47.42922],[-122.8012,47.40358],[-122.76425,47.40343],[-122.76403,47.40343],[-122.71906,47.40334],[-122.71782,47.40321],[-122.71671,47.40328],[-122.69496,47.4035],[-122.66407,47.40331],[-122.65309,47.40309],[-122.634,47.40327],[-122.63064,47.40338],[-122.62713,47.40349],[-122.62552,47.40352],[-122.6247,47.4035],[-122.6104,47.40347],[-122.58893,47.40368],[-122.56996,47.40343],[-122.55088,47.40344]]]]},"properties":{"GEOID":"53035","NAME":"Kitsap"}},{"type":"Feature","geometry":{"type":"Polygon","coordinates":[[[-123.37095,46.79213],[-123.37271,46.73469],[-123.37045,46.73472],[-123.36897,46.71128],[-123.36785,46.69222],[-123.36497,46.63168],[-123.36483,46.62767],[-123.36541,46.62007],[-123.36462,46.59092],[-123.36558,46.57713],[-123.36502,46.56295],[-123.35951,46.56264],[-123.35892,46.55207],[-123.35838,46.54141],[-123.35847,46.51275],[-123.3581,46.49923],[-123.35844,46.4916],[-123.35765,46.48475],[-123.3582,46.44127],[-123.3579,46.42735],[-123.35833,46.38403],[-123.32107,46.38395],[-123.31757,46.38372],[-123.27981,46.38364],[-123.27525,46.38401],[-123.25907,46.38346],[-123.25399,46.38372],[-123.2441,46.38463],[-123.23933,46.38484],[-123.21795,46.38562],[-123.17651,46.38523],[-123.15517,46.38634],[-123.13945,46.38657],[-123.13443,46.38665],[-123.11423,46.38804],[-122.9551,46.38741],[-122.94371,46.38739],[-122.93257,46.38741],[-122.93223,46.38741],[-122.8786,46.38751],[-122.70246,46.38715],[-122.69805,46.38711],[-122.58007,46.38778],[-122.5739,46.38785],[-122.48952,46.38728],[-122.42984,46.38725],[-122.4273,46.38715],[-122.3637,46.38735],[-122.36365,46.38623],[-122.34567,46.38562],[-122.30223,46.38558],[-122.29068,46.38553],[-122.24097,46.38536],[-122.24099,46.38586],[-122.11429,46.38648],[-122.11447,46.38832],[-122.03214,46.38781],[-121.9899,46.38798],[-121.9899,46.38863],[-121.97142,46.38863],[-121.73131,46.38863],[-121.52232,46.38863],[-121.52232,46.38822],[-121.48672,46.38812],[-121.45944,46.38847],[-121.45654,46.38863],[-121.45363,46.38661],[-121.44911,46.38489],[-121.44723,46.38473],[-121.44571,46.38802],[-121.40267,46.38804],[-121.39982,46.38863],[-121.39655,46.38823],[-121.39612,46.38863],[-121.39575,46.38877],[-121.39549,46.38892],[-121.39467,46.38943],[-121.39376,46.39004],[-121.39373,46.3902],[-121.39386,46.39054],[-121.39386,46.39077],[-121.39298,46.39424],[-121.39151,46.39528],[-121.39172,46.39716],[-121.38994,46.40144],[-121.38857,46.40193],[-121.39087,46.40499],[-121.38735,46.40853],[-121.38656,46.4106],[-121.39032,46.4148],[-121.39087,46.41615],[-121.39319,46.41719],[-121.39678,46.42254],[-121.40203,46.42477],[-121.40471,46.42911],[-121.4073,46.4299],[-121.40822,46.43331],[-121.40768,46.4346],[-121.40805,46.43878],[-121.41005,46.44186],[-121.41071,46.44612],[-121.41232,46.44699],[-121.4136,46.45066],[-121.41464,46.45142],[-121.41482,46.45508],[-121.41329,46.45689],[-121.41238,46.45981],[-121.41558,46.4598],[-121.41915,46.46258],[-121.42537,46.46409],[-121.42615,46.46684],[-121.42773,46.46801],[-121.42974,46.47099],[-121.43442,46.47435],[-121.43586,46.47591],[-121.43657,46.47821],[-121.43514,46.4804],[-121.43508,46.48222],[-121.43198,46.48501],[-121.4318,46.48666],[-121.42987,46.48768],[-121.42851,46.48956],[-121.42339,46.49142],[-121.42324,46.49274],[-121.42638,46.49496],[-121.4273,46.49699],[-121.42998,46.49839],[-121.43322,46.49837],[-121.43856,46.49995],[-121.44449,46.50092],[-121.44687,46.50253],[-121.45014,46.50353],[-121.45107,46.50597],[-121.45256,46.50656],[-121.45171,46.50902],[-121.45232,46.51044],[-121.45563,46.51327],[-121.45598,46.51673],[-121.45457,46.52041],[-121.45463,46.52408],[-121.45259,46.52573],[-121.45236,46.52919],[-121.45061,46.53064],[-121.45097,46.53389],[-121.44617,46.5353],[-121.44011,46.53601],[-121.43393,46.53933],[-121.43008,46.53916],[-121.42744,46.54],[-121.42687,46.54123],[-121.41984,46.54475],[-121.41665,46.54824],[-121.41721,46.54926],[-121.42083,46.55126],[-121.4194,46.55413],[-121.41647,46.55538],[-121.41271,46.55867],[-121.41447,46.5603],[-121.41597,46.56069],[-121.42146,46.56518],[-121.42148,46.56682],[-121.42315,46.56928],[-121.4246,46.57001],[-121.42222,46.57253],[-121.41926,46.57655],[-121.41721,46.57583],[-121.41465,46.57651],[-121.41299,46.57863],[-121.41157,46.5809],[-121.40859,46.58096],[-121.40571,46.58234],[-121.4052,46.58504],[-121.40274,46.58842],[-121.40232,46.59426],[-121.40474,46.59719],[-121.40481,46.59825],[-121.40759,46.60148],[-121.40713,46.60286],[-121.40552,46.60526],[-121.40351,46.60639],[-121.40071,46.60664],[-121.40099,46.60934],[-121.39968,46.61189],[-121.39648,46.61323],[-121.39594,46.61452],[-121.38962,46.61671],[-121.38831,46.61794],[-121.38682,46.62083],[-121.38815,46.62482],[-121.38918,46.62565],[-121.3896,46.62874],[-121.38886,46.63093],[-121.38723,46.63316],[-121.38638,46.63604],[-121.38756,46.63753],[-121.39072,46.63959],[-121.39614,46.64018],[-121.39798,46.64179],[-121.39711,46.64354],[-121.39525,46.6457],[-121.39603,46.64642],[-121.40073,46.64614],[-121.40289,46.64729],[-121.40496,46.64741],[-121.40833,46.64844],[-121.41193,46.64821],[-121.41374,46.64871],[-121.41652,46.65192],[-121.41679,46.65502],[-121.41647,46.65952],[-121.41464,46.66312],[-121.41153,46.66564],[-121.41228,46.66842],[-121.41177,46.67241],[-121.41316,46.6745],[-121.41322,46.67587],[-121.41147,46.67733],[-121.4089,46.68056],[-121.40835,46.6828],[-121.40881,46.68348],[-121.40366,46.68457],[-121.40109,46.68584],[-121.39895,46.68808],[-121.39519,46.68723],[-121.39196,46.68742],[-121.38941,46.68694],[-121.38669,46.68726],[-121.38319,46.68596],[-121.37867,46.68595],[-121.37668,46.68649],[-121.37504,46.68886],[-121.37449,46.69287],[-121.37823,46.69627],[-121.3802,46.69917],[-121.38023,46.70094],[-121.37978,46.70176],[-121.37587,46.70528],[-121.37343,46.70617],[-121.36929,46.70685],[-121.3687,46.70888],[-121.36247,46.71079],[-121.35997,46.71193],[-121.35813,46.71218],[-121.35432,46.71128],[-121.35318,46.71195],[-121.35474,46.7153],[-121.35828,46.71676],[-121.35962,46.71798],[-121.36336,46.72298],[-121.36517,46.72377],[-121.36884,46.72617],[-121.37449,46.72726],[-121.37909,46.7272],[-121.38133,46.72843],[-121.38333,46.72849],[-121.38702,46.72725],[-121.39281,46.72764],[-121.39487,46.72686],[-121.40006,46.72731],[-121.40232,46.72824],[-121.40601,46.72739],[-121.40803,46.72826],[-121.4092,46.73022],[-121.40986,46.73277],[-121.41243,46.73556],[-121.41711,46.73621],[-121.42138,46.73801],[-121.42897,46.73922],[-121.43073,46.74061],[-121.43117,46.74189],[-121.43051,46.74388],[-121.42892,46.74618],[-121.42643,46.74802],[-121.42617,46.74945],[-121.42383,46.75233],[-121.42494,46.75384],[-121.42428,46.75663],[-121.42529,46.75743],[-121.42866,46.75818],[-121.43064,46.75815],[-121.43166,46.75901],[-121.43366,46.75921],[-121.44151,46.75826],[-121.44214,46.75943],[-121.43846,46.7612],[-121.43864,46.76256],[-121.44058,46.76525],[-121.4432,46.76762],[-121.44541,46.7682],[-121.44681,46.76775],[-121.44757,46.76993],[-121.44777,46.77311],[-121.44963,46.77384],[-121.45251,46.77668],[-121.45503,46.7806],[-121.45522,46.7838],[-121.7588,46.78357],[-121.76068,46.78225],[-121.76684,46.78049],[-121.77306,46.7771],[-121.77637,46.77659],[-121.78394,46.77246],[-121.78516,46.77096],[-121.7877,46.76982],[-121.79044,46.76657],[-121.79057,46.76418],[-121.79479,46.76326],[-121.79942,46.76101],[-121.80267,46.75782],[-121.8054,46.75613],[-121.80532,46.75491],[-121.80339,46.75295],[-121.80424,46.75111],[-121.80619,46.75048],[-121.80993,46.74782],[-121.8138,46.74699],[-121.8174,46.74729],[-121.82068,46.74492],[-121.82242,46.74194],[-121.82592,46.73798],[-121.82983,46.7352],[-121.83168,46.73143],[-121.83176,46.73025],[-121.83327,46.72957],[-121.83835,46.72955],[-121.84189,46.72846],[-121.84507,46.72841],[-121.85081,46.72929],[-121.85435,46.73036],[-121.85497,46.72925],[-121.85854,46.72955],[-121.86596,46.72964],[-121.86744,46.72914],[-121.86965,46.73038],[-121.87139,46.73018],[-121.875,46.73139],[-121.87694,46.73158],[-121.87876,46.73303],[-121.88076,46.73264],[-121.88932,46.7329],[-121.89225,46.73363],[-121.89389,46.73488],[-121.89923,46.73608],[-121.90244,46.73776],[-121.90593,46.73792],[-121.91233,46.73693],[-121.91818,46.73904],[-121.92546,46.73881],[-121.9262,46.73986],[-121.93,46.73987],[-121.93145,46.74073],[-121.93925,46.74807],[-121.94196,46.74906],[-121.94329,46.75012],[-121.94582,46.75003],[-121.94684,46.75055],[-121.94676,46.75271],[-121.95043,46.75291],[-121.95292,46.75467],[-121.95424,46.75502],[-121.95712,46.75504],[-121.95988,46.75381],[-121.96215,46.75402],[-121.96263,46.75209],[-121.96402,46.75017],[-121.96708,46.7491],[-121.96953,46.74937],[-121.97168,46.74832],[-121.97268,46.74651],[-121.97397,46.74577],[-121.97916,46.74427],[-121.98119,46.74457],[-121.98452,46.74433],[-121.98753,46.74666],[-121.99172,46.74765],[-121.99338,46.74724],[-121.99477,46.74863],[-121.99419,46.75134],[-121.99645,46.75162],[-121.99972,46.75076],[-122.00247,46.75327],[-122.0081,46.75257],[-122.01114,46.75047],[-122.01237,46.74822],[-122.01469,46.74848],[-122.01748,46.74723],[-122.01993,46.74387],[-122.02211,46.74333],[-122.02326,46.74232],[-122.02861,46.74362],[-122.03161,46.74293],[-122.03594,46.74362],[-122.03697,46.74296],[-122.0413,46.74252],[-122.04635,46.74455],[-122.05035,46.74664],[-122.05725,46.74721],[-122.0603,46.74919],[-122.06174,46.74894],[-122.06294,46.74717],[-122.06488,46.74687],[-122.06655,46.74767],[-122.06976,46.74835],[-122.07496,46.75061],[-122.07943,46.75133],[-122.0823,46.75222],[-122.08922,46.75178],[-122.09182,46.75195],[-122.09671,46.75],[-122.10037,46.75113],[-122.10952,46.74979],[-122.11082,46.74908],[-122.11556,46.7489],[-122.12169,46.7513],[-122.1241,46.75165],[-122.12468,46.75248],[-122.12903,46.75466],[-122.13187,46.75438],[-122.13387,46.75295],[-122.13554,46.75261],[-122.13811,46.75348],[-122.13944,46.75474],[-122.14196,46.75403],[-122.14566,46.75416],[-122.14745,46.7528],[-122.15152,46.75409],[-122.15494,46.75349],[-122.1573,46.7538],[-122.15981,46.75642],[-122.16459,46.75745],[-122.16686,46.757],[-122.16871,46.75554],[-122.1715,46.75538],[-122.17478,46.75635],[-122.17788,46.7552],[-122.18043,46.75696],[-122.18536,46.75819],[-122.18874,46.75979],[-122.19215,46.76223],[-122.19599,46.76177],[-122.20017,46.76076],[-122.20198,46.76155],[-122.20312,46.76306],[-122.48124,46.76305],[-122.48675,46.76306],[-122.48677,46.76204],[-122.50963,46.76267],[-122.571,46.76328],[-122.61579,46.76216],[-122.6368,46.76278],[-122.64759,46.76327],[-122.6781,46.76357],[-122.68709,46.76374],[-122.69911,46.76365],[-122.76058,46.76361],[-122.78157,46.76373],[-122.78832,46.76361],[-122.80324,46.76334],[-122.81386,46.76401],[-122.89728,46.76372],[-122.9289,46.76402],[-122.92945,46.76403],[-122.97143,46.7643],[-122.99247,46.76453],[-122.99301,46.76453],[-123.00426,46.76449],[-123.03305,46.76453],[-123.11812,46.76389],[-123.12779,46.76399],[-123.16091,46.76433],[-123.16059,46.79338],[-123.18199,46.79399],[-123.20286,46.79443],[-123.22566,46.79341],[-123.25126,46.79354],[-123.26651,46.79384],[-123.27741,46.79315],[-123.33045,46.79366],[-123.35139,46.79351],[-123.36089,46.79186],[-123.37095,46.79213]]]},"properties":{"GEOID":"53041","NAME":"Lewis"}},{"type":"Feature","geometry":{"type":"Polygon","coordinates":[[[-121.52232,46.04401],[-121.61223,46.04409],[-121.61256,45.89887],[-121.6125,45.87042],[-121.60862,45.87036],[-121.6085,45.85813],[-121.60845,45.84261],[-121.60925,45.78252],[-121.51739,45.78199],[-121.51438,45.78211],[-121.51562,45.78005],[-121.51705,45.77884],[-121.5197,45.77789],[-121.52835,45.77738],[-121.52938,45.77682],[-121.53072,45.77414],[-121.53247,45.7731],[-121.536,45.7725],[-121.53808,45.77093],[-121.53839,45.76595],[-121.53676,45.76338],[-121.53678,45.76064],[-121.53446,45.76033],[-121.53285,45.7591],[-121.53128,45.75571],[-121.52902,45.7547],[-121.52645,45.75081],[-121.52523,45.74974],[-121.52151,45.74764],[-121.52283,45.74721],[-121.52501,45.74403],[-121.52412,45.74085],[-121.52303,45.73909],[-121.52276,45.73549],[-121.52151,45.73194],[-121.52369,45.7249],[-121.52239,45.72468],[-121.50963,45.72257],[-121.49915,45.72085],[-121.49469,45.71845],[-121.48367,45.71254],[-121.48162,45.71144],[-121.46707,45.70363],[-121.46285,45.70137],[-121.44122,45.6973],[-121.42359,45.69399],[-121.40174,45.69289],[-121.38345,45.6993],[-121.37257,45.70311],[-121.36547,45.70349],[-121.35127,45.70424],[-121.33777,45.70495],[-121.3122,45.69993],[-121.29445,45.69072],[-121.28732,45.68702],[-121.25118,45.67839],[-121.21578,45.67124],[-121.20481,45.656],[-121.20037,45.64983],[-121.19663,45.63505],[-121.19523,45.62951],[-121.19615,45.62063],[-121.19656,45.61669],[-121.18384,45.60644],[-121.17047,45.60615],[-121.16785,45.6061],[-121.14553,45.60789],[-121.14056,45.61124],[-121.13948,45.61196],[-121.13195,45.60976],[-121.12923,45.61152],[-121.12772,45.6125],[-121.12379,45.61504],[-121.1222,45.61607],[-121.11705,45.61812],[-121.12006,45.62313],[-121.08493,45.64789],[-121.07145,45.65095],[-121.06437,45.65255],[-121.03358,45.651],[-121.00745,45.65322],[-120.98348,45.64834],[-120.97798,45.64935],[-120.95308,45.65675],[-120.94398,45.65645],[-120.91588,45.64135],[-120.9158,45.6413],[-120.91348,45.64005],[-120.89557,45.64295],[-120.88562,45.65008],[-120.87004,45.66124],[-120.85567,45.67155],[-120.83614,45.67584],[-120.78887,45.68625],[-120.72417,45.70645],[-120.68937,45.71585],[-120.66887,45.73015],[-120.65353,45.73725],[-120.63497,45.74585],[-120.59117,45.74655],[-120.55946,45.73835],[-120.55332,45.73368],[-120.52196,45.70985],[-120.50586,45.70005],[-120.48236,45.69445],[-120.4531,45.69624],[-120.40396,45.69925],[-120.32906,45.71105],[-120.28866,45.72015],[-120.28216,45.72125],[-120.21147,45.7259],[-120.21075,45.72595],[-120.1911,45.74351],[-120.17045,45.76195],[-120.14135,45.77315],[-120.07015,45.78515],[-120.05508,45.791],[-120.00115,45.8119],[-119.9995,45.81248],[-119.96574,45.82437],[-119.90892,45.82804],[-119.90746,45.82814],[-119.87614,45.83472],[-119.86827,45.83594],[-119.86767,45.84417],[-119.86789,45.85105],[-119.86753,45.95262],[-119.86719,46.02578],[-119.86583,46.04086],[-119.99005,46.04097],[-120.03153,46.04107],[-120.1136,46.04166],[-120.14646,46.04118],[-120.1522,46.04144],[-120.33107,46.04149],[-120.34025,46.04142],[-120.36642,46.04163],[-120.42833,46.04017],[-120.43881,46.04106],[-120.44933,46.04148],[-120.47983,46.0415],[-120.48995,46.04174],[-120.57421,46.0415],[-120.59296,46.04076],[-120.61429,46.04096],[-120.93632,46.04209],[-120.94587,46.04237],[-121.04958,46.04287],[-121.06871,46.04217],[-121.0912,46.04294],[-121.11172,46.04421],[-121.23726,46.04471],[-121.24995,46.04464],[-121.25572,46.04489],[-121.41688,46.04468],[-121.42553,46.0444],[-121.42719,46.04435],[-121.52232,46.04401]]]},"properties":{"GEOID":"53039","NAME":"Klickitat"}},{"type":"Feature","geometry":{"type":"Polygon","coordinates":[[[-118.97978,47.26171],[-118.97993,47.23257],[-118.9799,47.2034],[-118.98078,47.17413],[-118.98122,47.08421],[-118.98127,47.07193],[-118.98152,47.04855],[-118.98146,47.04544],[-118.98152,47.04521],[-118.98211,46.95662],[-118.98265,46.91134],[-119.07901,46.9118],[-119.09394,46.91188],[-119.15349,46.91224],[-119.21716,46.91222],[-119.23735,46.91223],[-119.28092,46.91252],[-119.36866,46.91256],[-119.36892,46.87254],[-119.36857,46.86873],[-119.36914,46.82004],[-119.36922,46.80997],[-119.36938,46.79559],[-119.36943,46.73769],[-119.24388,46.73829],[-119.18977,46.73814],[-119.17647,46.73804],[-119.11238,46.73787],[-119.0808,46.73776],[-118.98434,46.73652],[-118.8986,46.73607],[-118.70634,46.73581],[-118.70306,46.73563],[-118.69386,46.73595],[-118.65159,46.73591],[-118.54772,46.73656],[-118.50547,46.73662],[-118.35888,46.73662],[-118.33925,46.73734],[-118.21024,46.73883],[-118.20547,46.73971],[-118.20271,46.74339],[-118.19909,46.74704],[-118.18992,46.75147],[-118.186,46.7494],[-118.18426,46.74788],[-118.17908,46.74689],[-118.17783,46.74691],[-118.16965,46.74663],[-118.16305,46.74654],[-118.16148,46.74708],[-118.15505,46.75338],[-118.15654,46.7557],[-118.15607,46.75935],[-118.15505,46.75954],[-118.14986,46.75852],[-118.14781,46.75862],[-118.1461,46.75992],[-118.14256,46.76031],[-118.13508,46.76012],[-118.12609,46.76139],[-118.11714,46.76492],[-118.11644,46.7662],[-118.11221,46.76843],[-118.11093,46.77103],[-118.10961,46.77221],[-118.1058,46.77348],[-118.10145,46.7725],[-118.09997,46.77307],[-118.09808,46.77619],[-118.0954,46.77899],[-118.09245,46.77763],[-118.08556,46.7766],[-118.08462,46.77537],[-118.08075,46.77524],[-118.07819,46.77607],[-118.07451,46.77654],[-118.0727,46.77603],[-118.07253,46.77372],[-118.07031,46.77245],[-118.05276,46.76978],[-118.04798,46.76822],[-118.04444,46.76916],[-118.04187,46.77116],[-118.04173,46.77452],[-118.04113,46.77653],[-118.0394,46.78014],[-118.0369,46.78423],[-118.03586,46.78502],[-118.02949,46.78667],[-118.02852,46.78781],[-118.02575,46.78783],[-118.02295,46.78551],[-118.02173,46.78325],[-118.01984,46.783],[-118.01557,46.78487],[-118.0146,46.78658],[-118.0146,46.78907],[-118.01244,46.79078],[-118.01362,46.79301],[-118.01566,46.7938],[-118.01704,46.79601],[-118.01791,46.79912],[-118.01637,46.80414],[-118.01735,46.80547],[-118.01802,46.80911],[-118.01988,46.81215],[-118.01933,46.81481],[-118.01824,46.81539],[-118.0129,46.81457],[-118.01157,46.81481],[-118.0076,46.81712],[-118.00671,46.81861],[-118.00365,46.82017],[-118.00108,46.82057],[-117.99752,46.82254],[-117.99788,46.82341],[-117.99905,46.82517],[-117.99826,46.8277],[-117.99692,46.82973],[-117.99242,46.83193],[-117.99234,46.83328],[-117.99369,46.83524],[-117.99171,46.83673],[-117.99168,46.83755],[-117.99223,46.83807],[-117.99783,46.83785],[-118.00339,46.83881],[-118.00418,46.84008],[-118.00506,46.8436],[-118.00409,46.84537],[-118.00474,46.84748],[-118.00412,46.84837],[-117.99933,46.84986],[-117.99579,46.85167],[-117.99247,46.85413],[-117.98837,46.85809],[-117.98827,46.86073],[-117.98711,46.86203],[-117.98324,46.86224],[-117.97664,46.86329],[-117.97286,46.86612],[-117.97091,46.86722],[-117.9671,46.91483],[-117.95934,46.91481],[-117.95961,46.92958],[-117.95961,46.93149],[-117.96001,47.0171],[-117.95955,47.06098],[-117.95973,47.0726],[-117.96006,47.11929],[-117.95984,47.12234],[-117.96042,47.22109],[-117.96093,47.26057],[-118.07054,47.26017],[-118.07932,47.26026],[-118.0863,47.26065],[-118.10743,47.26096],[-118.14191,47.26106],[-118.14422,47.26117],[-118.2088,47.26118],[-118.23036,47.26115],[-118.25195,47.26122],[-118.27331,47.2612],[-118.29487,47.26119],[-118.32026,47.26079],[-118.32152,47.26088],[-118.44474,47.26084],[-118.55729,47.2611],[-118.97978,47.26171]]]},"properties":{"GEOID":"53001","NAME":"Adams"}},{"type":"Feature","geometry":{"type":"Polygon","coordinates":[[[-117.82095,47.82578],[-117.82022,47.74492],[-117.82017,47.74394],[-117.82031,47.74307],[-117.82018,47.68709],[-117.81972,47.67881],[-117.81982,47.67257],[-117.81971,47.65746],[-117.81962,47.63022],[-117.8195,47.62882],[-117.81941,47.6146],[-117.82177,47.61459],[-117.82192,47.57986],[-117.82212,47.55133],[-117.82285,47.42056],[-117.82296,47.40943],[-117.82363,47.26022],[-117.74921,47.26018],[-117.68677,47.25988],[-117.68605,47.25998],[-117.67431,47.25999],[-117.66563,47.25997],[-117.57298,47.25988],[-117.56335,47.25989],[-117.49941,47.25954],[-117.49336,47.25945],[-117.4887,47.25949],[-117.47328,47.25952],[-117.32675,47.25985],[-117.22558,47.25958],[-117.22083,47.25966],[-117.21927,47.25956],[-117.21649,47.25963],[-117.21501,47.25957],[-117.21407,47.25969],[-117.21296,47.25956],[-117.19311,47.25966],[-117.17283,47.25962],[-117.17214,47.25955],[-117.08863,47.25949],[-117.06767,47.25985],[-117.06461,47.25971],[-117.04002,47.25927],[-117.03992,47.31054],[-117.03984,47.3472],[-117.03984,47.34721],[-117.04007,47.36603],[-117.04018,47.3749],[-117.03988,47.39909],[-117.03991,47.40516],[-117.03995,47.41241],[-117.03995,47.43489],[-117.03995,47.4349],[-117.03997,47.46331],[-117.03994,47.47782],[-117.04051,47.52229],[-117.04051,47.52235],[-117.04052,47.52333],[-117.04054,47.52756],[-117.04074,47.53291],[-117.04128,47.55821],[-117.04117,47.55853],[-117.0409,47.57152],[-117.04085,47.57412],[-117.04088,47.5786],[-117.04088,47.57976],[-117.04091,47.58474],[-117.04099,47.59852],[-117.04112,47.62185],[-117.04113,47.62358],[-117.04143,47.67814],[-117.04143,47.67819],[-117.04143,47.68],[-117.04153,47.68319],[-117.04159,47.6954],[-117.04159,47.69695],[-117.0416,47.69768],[-117.0416,47.69784],[-117.04161,47.70112],[-117.04161,47.70177],[-117.04162,47.70454],[-117.04163,47.7048],[-117.04163,47.7064],[-117.04163,47.70677],[-117.04168,47.72271],[-117.04165,47.73111],[-117.04163,47.7353],[-117.04167,47.73586],[-117.04167,47.73592],[-117.04213,47.7441],[-117.04206,47.7451],[-117.04266,47.76086],[-117.04262,47.76122],[-117.04252,47.7649],[-117.04248,47.76652],[-117.04206,47.77863],[-117.042,47.8224],[-117.04229,47.8325],[-117.04247,47.83901],[-117.04245,47.86131],[-117.04244,47.87446],[-117.04243,47.88615],[-117.04237,47.95836],[-117.04236,47.96634],[-117.04226,47.97745],[-117.04168,48.04546],[-117.17372,48.04579],[-117.17584,48.04571],[-117.18513,48.04582],[-117.18679,48.04581],[-117.18717,48.04586],[-117.21798,48.04587],[-117.2245,48.04599],[-117.24013,48.04604],[-117.30657,48.04634],[-117.39305,48.0469],[-117.42474,48.04708],[-117.4369,48.04721],[-117.43699,48.04721],[-117.50176,48.04753],[-117.53526,48.04778],[-117.53526,48.0332],[-117.53526,47.98636],[-117.53527,47.93169],[-117.53526,47.90288],[-117.53526,47.88937],[-117.53526,47.84891],[-117.53526,47.83063],[-117.53527,47.8179],[-117.53526,47.79446],[-117.53738,47.79713],[-117.54522,47.79936],[-117.55127,47.80147],[-117.55326,47.80173],[-117.56122,47.80122],[-117.56525,47.80132],[-117.56784,47.80066],[-117.57191,47.79614],[-117.5715,47.79463],[-117.5758,47.79352],[-117.57892,47.79343],[-117.58652,47.79486],[-117.58999,47.7965],[-117.59488,47.79912],[-117.60012,47.80302],[-117.60215,47.80593],[-117.60763,47.81052],[-117.61004,47.81383],[-117.61311,47.81667],[-117.61501,47.81778],[-117.61642,47.81947],[-117.61768,47.82345],[-117.61815,47.82625],[-117.62002,47.82831],[-117.62345,47.8286],[-117.62678,47.83058],[-117.63007,47.83423],[-117.63251,47.83512],[-117.63651,47.83584],[-117.64079,47.83601],[-117.6458,47.83553],[-117.64787,47.83488],[-117.65111,47.83472],[-117.65193,47.83526],[-117.65273,47.8367],[-117.65596,47.8389],[-117.65678,47.84094],[-117.66089,47.84363],[-117.66371,47.84858],[-117.66425,47.8502],[-117.66442,47.85436],[-117.66392,47.85687],[-117.66419,47.85859],[-117.66585,47.86177],[-117.66758,47.86375],[-117.66722,47.86577],[-117.66746,47.8702],[-117.66603,47.87458],[-117.66594,47.87789],[-117.66651,47.88044],[-117.67138,47.88747],[-117.67275,47.88867],[-117.67521,47.8891],[-117.67823,47.88884],[-117.68639,47.88606],[-117.69221,47.88342],[-117.6944,47.881],[-117.6978,47.87535],[-117.69752,47.8748],[-117.69936,47.86906],[-117.70179,47.86512],[-117.70152,47.86245],[-117.69854,47.86033],[-117.69797,47.8592],[-117.69777,47.85628],[-117.69974,47.8552],[-117.7037,47.85506],[-117.70751,47.85241],[-117.70995,47.84895],[-117.71272,47.8471],[-117.71505,47.84589],[-117.72004,47.84485],[-117.73267,47.83939],[-117.73617,47.83746],[-117.73892,47.8335],[-117.74266,47.8305],[-117.7463,47.82972],[-117.75301,47.82682],[-117.75593,47.82766],[-117.75847,47.82954],[-117.76117,47.83064],[-117.76546,47.83181],[-117.76711,47.83182],[-117.77133,47.8302],[-117.77341,47.82896],[-117.77754,47.82824],[-117.78116,47.82645],[-117.78273,47.82436],[-117.78485,47.8203],[-117.78585,47.81739],[-117.7889,47.81436],[-117.79046,47.81136],[-117.79235,47.81103],[-117.7989,47.81191],[-117.806,47.81223],[-117.80906,47.814],[-117.81162,47.8175],[-117.81802,47.8213],[-117.82095,47.82578]]]},"properties":{"GEOID":"53063","NAME":"Spokane"}},{"type":"Feature","geometry":{"type":"Polygon","coordinates":[[[-117.85185,46.62467],[-117.85317,46.56019],[-117.86159,46.56023],[-117.86335,46.47067],[-117.82212,46.47112],[-117.77952,46.47145],[-117.7373,46.47145],[-117.73737,46.44933],[-117.73742,46.442],[-117.71663,46.4418],[-117.71645,46.39761],[-117.69508,46.39768],[-117.69494,46.38325],[-117.67395,46.38328],[-117.67495,46.33765],[-117.6119,46.33848],[-117.612,46.33468],[-117.6126,46.12132],[-117.6033,46.12131],[-117.60342,45.99889],[-117.60316,45.99889],[-117.50483,45.99832],[-117.4801,45.99787],[-117.47994,45.99787],[-117.47999,46.12199],[-117.41948,46.12196],[-117.41975,46.20655],[-117.41943,46.27759],[-117.41943,46.27929],[-117.41956,46.29416],[-117.42075,46.29416],[-117.42077,46.33866],[-117.41933,46.38314],[-117.39834,46.38346],[-117.39843,46.398],[-117.35576,46.39765],[-117.35598,46.41219],[-117.2288,46.41131],[-117.22801,46.46073],[-117.22812,46.46225],[-117.23167,46.46328],[-117.23293,46.46398],[-117.237,46.46831],[-117.23789,46.47006],[-117.2385,46.47181],[-117.23929,46.47713],[-117.23877,46.48119],[-117.23689,46.48483],[-117.23525,46.48884],[-117.23375,46.49085],[-117.23336,46.49325],[-117.23188,46.49733],[-117.23139,46.50033],[-117.23226,46.50476],[-117.2331,46.50619],[-117.23572,46.50879],[-117.24041,46.51637],[-117.24126,46.51846],[-117.24491,46.52275],[-117.2458,46.52542],[-117.24648,46.53035],[-117.24991,46.53573],[-117.25057,46.53883],[-117.25264,46.54213],[-117.25353,46.54426],[-117.25789,46.54737],[-117.25979,46.54944],[-117.26893,46.55501],[-117.27108,46.55576],[-117.27492,46.55787],[-117.2806,46.55992],[-117.28297,46.56129],[-117.2857,46.56374],[-117.29082,46.56929],[-117.29295,46.57201],[-117.29603,46.57445],[-117.30137,46.57749],[-117.30602,46.57931],[-117.30957,46.57994],[-117.31145,46.58077],[-117.31859,46.58107],[-117.32681,46.58078],[-117.33251,46.58154],[-117.33754,46.58197],[-117.33954,46.58297],[-117.34254,46.58368],[-117.34601,46.58555],[-117.34896,46.58767],[-117.3526,46.59174],[-117.35271,46.59303],[-117.35452,46.59553],[-117.35621,46.59938],[-117.35907,46.60227],[-117.36396,46.6052],[-117.36741,46.60665],[-117.37101,46.60904],[-117.37537,46.61032],[-117.3786,46.61198],[-117.38274,46.61468],[-117.38394,46.6159],[-117.38621,46.61889],[-117.38864,46.62509],[-117.38854,46.63051],[-117.387,46.63584],[-117.38556,46.63919],[-117.385,46.64292],[-117.3852,46.64793],[-117.38618,46.6497],[-117.39026,46.65278],[-117.39303,46.65402],[-117.39635,46.6548],[-117.40232,46.65569],[-117.41042,46.65653],[-117.41315,46.65588],[-117.42017,46.65509],[-117.42585,46.65623],[-117.4283,46.65711],[-117.43274,46.65945],[-117.4356,46.6619],[-117.43596,46.66258],[-117.43964,46.66473],[-117.44181,46.66651],[-117.44527,46.67037],[-117.44835,46.67487],[-117.45143,46.68351],[-117.45247,46.68493],[-117.45314,46.68845],[-117.45437,46.69153],[-117.46013,46.69707],[-117.46241,46.6986],[-117.46477,46.69963],[-117.46814,46.70004],[-117.47199,46.69991],[-117.47558,46.70036],[-117.4803,46.69932],[-117.48407,46.69793],[-117.49,46.69538],[-117.49351,46.69326],[-117.49696,46.68993],[-117.49761,46.68612],[-117.49843,46.68434],[-117.50065,46.68205],[-117.50417,46.68033],[-117.50915,46.67857],[-117.51442,46.67729],[-117.51716,46.67696],[-117.52673,46.6771],[-117.53042,46.67738],[-117.53653,46.67844],[-117.54416,46.68014],[-117.54962,46.6803],[-117.55955,46.6792],[-117.56753,46.67789],[-117.57931,46.67539],[-117.58733,46.6747],[-117.59779,46.67254],[-117.60272,46.6725],[-117.61109,46.67321],[-117.61646,46.67442],[-117.62061,46.67612],[-117.62629,46.6792],[-117.63016,46.68249],[-117.63419,46.68678],[-117.63939,46.69339],[-117.64317,46.69685],[-117.64536,46.69843],[-117.64825,46.69981],[-117.65173,46.7008],[-117.65792,46.70198],[-117.66531,46.70259],[-117.67101,46.70272],[-117.67599,46.7025],[-117.68109,46.70317],[-117.68428,46.7031],[-117.68748,46.70259],[-117.6961,46.69958],[-117.69927,46.69902],[-117.71162,46.69801],[-117.71922,46.69709],[-117.7242,46.69617],[-117.7329,46.69379],[-117.73413,46.69371],[-117.73824,46.69468],[-117.74087,46.69458],[-117.74939,46.69085],[-117.75116,46.6897],[-117.75447,46.68654],[-117.75617,46.68439],[-117.75889,46.67983],[-117.76033,46.67554],[-117.76244,46.66307],[-117.76365,46.65881],[-117.76503,46.65585],[-117.76692,46.65256],[-117.77247,46.64538],[-117.77598,46.64186],[-117.78009,46.63844],[-117.78997,46.63103],[-117.7923,46.62952],[-117.79724,46.62704],[-117.80071,46.62565],[-117.80466,46.62462],[-117.80918,46.62361],[-117.81989,46.62224],[-117.82585,46.62196],[-117.82909,46.62205],[-117.84523,46.62432],[-117.84935,46.62476],[-117.85185,46.62467]]]},"properties":{"GEOID":"53023","NAME":"Garfield"}},{"type":"Feature","geometry":{"type":"Polygon","coordinates":[[[-117.22812,46.46225],[-117.22801,46.46073],[-117.2288,46.41131],[-117.35598,46.41219],[-117.35576,46.39765],[-117.39843,46.398],[-117.39834,46.38346],[-117.41933,46.38314],[-117.42077,46.33866],[-117.42075,46.29416],[-117.41956,46.29416],[-117.41943,46.27929],[-117.41943,46.27759],[-117.41975,46.20655],[-117.41948,46.12196],[-117.47999,46.12199],[-117.47994,45.99787],[-117.47536,45.99786],[-117.47515,45.99789],[-117.43994,45.99863],[-117.39074,45.9986],[-117.38213,45.99807],[-117.35393,45.99635],[-117.33767,45.99866],[-117.27842,45.99851],[-117.21673,45.99836],[-117.21453,45.99832],[-117.21262,45.99832],[-117.09019,45.99762],[-117.07005,45.99751],[-117.0513,45.99685],[-116.98588,45.99697],[-116.94068,45.99627],[-116.91599,45.99541],[-116.91718,45.99658],[-116.91868,45.99988],[-116.92116,46.01353],[-116.923,46.01829],[-116.92759,46.0204],[-116.92985,46.02358],[-116.93036,46.03239],[-116.92968,46.03468],[-116.93171,46.03965],[-116.93586,46.04359],[-116.93905,46.04494],[-116.94347,46.05442],[-116.94266,46.061],[-116.94856,46.06793],[-116.95737,46.07545],[-116.96042,46.07635],[-116.96319,46.07591],[-116.97001,46.07677],[-116.97894,46.08001],[-116.98196,46.08491],[-116.98248,46.08939],[-116.9825,46.09135],[-116.98175,46.09288],[-116.97882,46.09573],[-116.97696,46.09667],[-116.97406,46.09771],[-116.95955,46.09906],[-116.95526,46.10224],[-116.95127,46.11116],[-116.95098,46.11885],[-116.95028,46.12346],[-116.94834,46.12589],[-116.94295,46.12927],[-116.94059,46.13243],[-116.93583,46.13568],[-116.93395,46.13892],[-116.93547,46.14245],[-116.93438,46.15423],[-116.9306,46.15682],[-116.92265,46.16074],[-116.92126,46.1648],[-116.92187,46.16781],[-116.92396,46.17092],[-116.92762,46.17318],[-116.93357,46.17362],[-116.93973,46.17954],[-116.93961,46.18189],[-116.94172,46.18503],[-116.95242,46.19351],[-116.95481,46.19492],[-116.96297,46.19968],[-116.96584,46.20342],[-116.96657,46.2075],[-116.96613,46.20945],[-116.95943,46.21981],[-116.95603,46.22598],[-116.95526,46.23088],[-116.9588,46.24232],[-116.96438,46.25328],[-116.96674,46.25692],[-116.9703,46.26123],[-116.97259,46.26327],[-116.97605,46.26601],[-116.98739,46.27287],[-116.99113,46.27634],[-116.99142,46.27847],[-116.99089,46.28037],[-116.98491,46.28974],[-116.98463,46.29271],[-116.98669,46.29666],[-116.98979,46.2994],[-116.99726,46.30315],[-117.00749,46.3053],[-117.01641,46.31124],[-117.02066,46.31479],[-117.02229,46.31747],[-117.02294,46.32018],[-117.02342,46.32643],[-117.02271,46.32899],[-117.02315,46.33476],[-117.0238,46.33589],[-117.02384,46.33598],[-117.02774,46.33875],[-117.03067,46.34032],[-117.03445,46.34132],[-117.04547,46.34249],[-117.05173,46.34383],[-117.05369,46.34461],[-117.05598,46.34553],[-117.05919,46.3479],[-117.05998,46.34848],[-117.0607,46.34902],[-117.06263,46.35252],[-117.06275,46.35362],[-117.06278,46.36529],[-117.06104,46.36775],[-117.06078,46.36802],[-117.05752,46.3714],[-117.05305,46.37469],[-117.05177,46.37564],[-117.04947,46.37682],[-117.04709,46.37939],[-117.04692,46.37958],[-117.04396,46.38707],[-117.0438,46.38748],[-117.04195,46.39216],[-117.04174,46.3952],[-117.04147,46.39604],[-117.04066,46.39859],[-117.03828,46.40604],[-117.03773,46.40657],[-117.03694,46.40733],[-117.03645,46.40779],[-117.03554,46.41001],[-117.0347,46.41832],[-117.03563,46.42045],[-117.03566,46.42053],[-117.03656,46.4226],[-117.03851,46.4243],[-117.03965,46.42529],[-117.03981,46.42543],[-117.03981,46.4259],[-117.04832,46.42915],[-117.05292,46.43001],[-117.05791,46.42973],[-117.06754,46.42699],[-117.0722,46.42472],[-117.07531,46.42294],[-117.08084,46.42061],[-117.08615,46.41735],[-117.08946,46.41678],[-117.09288,46.41699],[-117.09622,46.41771],[-117.09817,46.41882],[-117.10181,46.4198],[-117.11019,46.42029],[-117.11703,46.42112],[-117.12863,46.42583],[-117.13186,46.42702],[-117.14446,46.43022],[-117.15159,46.43056],[-117.15589,46.42998],[-117.16368,46.42789],[-117.16982,46.42602],[-117.17441,46.42439],[-117.17962,46.42219],[-117.18598,46.42093],[-117.1897,46.42047],[-117.19671,46.42003],[-117.19986,46.42018],[-117.20863,46.42371],[-117.21071,46.42479],[-117.21356,46.42772],[-117.21449,46.43037],[-117.21451,46.43224],[-117.21289,46.43602],[-117.2087,46.44315],[-117.20609,46.44605],[-117.20579,46.44749],[-117.20653,46.44887],[-117.20842,46.45013],[-117.21227,46.45478],[-117.21542,46.45718],[-117.22173,46.4603],[-117.22574,46.46125],[-117.22812,46.46225]]]},"properties":{"GEOID":"53003","NAME":"Asotin"}},{"type":"Feature","geometry":{"type":"Polygon","coordinates":[[[-123.35833,46.38403],[-123.49077,46.38358],[-123.51035,46.38376],[-123.51471,46.38382],[-123.52289,46.38395],[-123.65734,46.38446],[-123.72656,46.38487],[-123.72736,46.31465],[-123.7278,46.30755],[-123.7279,46.28969],[-123.72404,46.29506],[-123.72406,46.29564],[-123.72427,46.30116],[-123.71541,46.30246],[-123.70073,46.3046],[-123.68776,46.29924],[-123.68057,46.29603],[-123.67876,46.29072],[-123.67807,46.28647],[-123.67877,46.28348],[-123.68008,46.27794],[-123.67912,46.2725],[-123.67668,46.27106],[-123.6695,46.26683],[-123.66149,46.26621],[-123.65278,46.26553],[-123.65137,46.26542],[-123.64996,46.2654],[-123.63562,46.26522],[-123.62488,46.26154],[-123.61354,46.25999],[-123.6032,46.26164],[-123.58909,46.26059],[-123.58164,46.2605],[-123.5765,46.26214],[-123.56916,46.26164],[-123.56438,46.26132],[-123.56295,46.26378],[-123.56054,46.26483],[-123.55992,46.2651],[-123.55716,46.26521],[-123.55556,46.26527],[-123.55225,46.26541],[-123.54764,46.2656],[-123.54766,46.25911],[-123.53809,46.26061],[-123.52639,46.2634],[-123.51619,46.26615],[-123.50124,46.271],[-123.47964,46.26913],[-123.47484,46.26783],[-123.46874,46.26453],[-123.46455,46.26162],[-123.44759,46.24983],[-123.43625,46.2382],[-123.42763,46.22935],[-123.42805,46.2233],[-123.43099,46.18157],[-123.42265,46.17599],[-123.3904,46.15443],[-123.37954,46.151],[-123.37143,46.14637],[-123.36374,46.14632],[-123.36056,46.14631],[-123.34625,46.14506],[-123.34066,46.14618],[-123.33234,46.14613],[-123.30259,46.14471],[-123.30103,46.14463],[-123.28017,46.14484],[-123.25123,46.15645],[-123.24203,46.16097],[-123.23081,46.16429],[-123.22243,46.16768],[-123.21305,46.17254],[-123.21322,46.17298],[-123.21399,46.19901],[-123.21407,46.20625],[-123.21383,46.21344],[-123.21592,46.2134],[-123.21672,46.23141],[-123.21615,46.2697],[-123.21514,46.28352],[-123.2161,46.32412],[-123.21616,46.32617],[-123.21751,46.34155],[-123.21708,46.35586],[-123.21815,46.36307],[-123.21831,46.36974],[-123.21795,46.38562],[-123.23933,46.38484],[-123.2441,46.38463],[-123.25399,46.38372],[-123.25907,46.38346],[-123.27525,46.38401],[-123.27981,46.38364],[-123.31757,46.38372],[-123.32107,46.38395],[-123.35833,46.38403]]]},"properties":{"GEOID":"53069","NAME":"Wahkiakum"}},{"type":"Feature","geometry":{"type":"Polygon","coordinates":[[[-119.87059,47.96046],[-119.86809,47.9587],[-119.86756,47.95681],[-119.86588,47.95489],[-119.8615,47.94703],[-119.85973,47.94194],[-119.86339,47.93703],[-119.87201,47.93039],[-119.87617,47.92748],[-119.88159,47.92519],[-119.8825,47.92295],[-119.88703,47.91939],[-119.88931,47.91716],[-119.89577,47.91477],[-119.90457,47.91052],[-119.91257,47.90449],[-119.91506,47.90137],[-119.91578,47.89951],[-119.91568,47.89741],[-119.91472,47.89422],[-119.91254,47.88983],[-119.91125,47.888],[-119.90908,47.8838],[-119.90843,47.87941],[-119.9094,47.87713],[-119.91406,47.87027],[-119.91501,47.86769],[-119.91731,47.86443],[-119.91929,47.86232],[-119.92505,47.85919],[-119.92935,47.85606],[-119.93203,47.85483],[-119.94444,47.85148],[-119.95262,47.84887],[-119.95704,47.84782],[-119.95939,47.84655],[-119.96013,47.84581],[-119.96205,47.83969],[-119.96291,47.83389],[-119.96307,47.83101],[-119.96468,47.82619],[-119.97277,47.81414],[-119.9746,47.81275],[-119.97539,47.81179],[-119.9766,47.80821],[-119.9776,47.80239],[-119.97842,47.8007],[-119.98081,47.79753],[-119.98424,47.79386],[-119.98685,47.79254],[-119.99096,47.78561],[-119.99268,47.78315],[-119.99495,47.78135],[-119.99697,47.78035],[-120.00118,47.77926],[-120.00337,47.77911],[-120.00834,47.77958],[-120.01134,47.78018],[-120.01603,47.77878],[-120.02088,47.77931],[-120.02526,47.77867],[-120.02935,47.77782],[-120.03107,47.77698],[-120.03825,47.77595],[-120.04375,47.77424],[-120.04604,47.77288],[-120.05193,47.77179],[-120.05566,47.77073],[-120.06441,47.76877],[-120.0695,47.76665],[-120.07681,47.7653],[-120.08272,47.76443],[-120.0839,47.76378],[-120.08731,47.76321],[-120.09364,47.76352],[-120.09628,47.76452],[-120.09814,47.76647],[-120.10156,47.76845],[-120.10714,47.77102],[-120.11083,47.77158],[-120.1174,47.77494],[-120.11992,47.77496],[-120.12194,47.7756],[-120.12732,47.7766],[-120.13091,47.7766],[-120.13391,47.77612],[-120.13801,47.77498],[-120.14307,47.77419],[-120.1492,47.7722],[-120.15429,47.77016],[-120.16169,47.76787],[-120.17715,47.76384],[-120.18496,47.76154],[-120.19141,47.7595],[-120.19674,47.75655],[-120.19978,47.75522],[-120.20772,47.75006],[-120.20939,47.74836],[-120.2107,47.74611],[-120.21567,47.74091],[-120.21822,47.73707],[-120.22022,47.7333],[-120.22255,47.72599],[-120.22286,47.72331],[-120.22116,47.71902],[-120.2199,47.71768],[-120.21585,47.71485],[-120.21417,47.71185],[-120.21328,47.71042],[-120.21235,47.70846],[-120.20767,47.70411],[-120.20522,47.70206],[-120.20326,47.69883],[-120.20201,47.69241],[-120.19974,47.68805],[-120.19919,47.68594],[-120.19905,47.68228],[-120.20249,47.67677],[-120.20314,47.67361],[-120.20456,47.67158],[-120.21001,47.66759],[-120.21678,47.66368],[-120.21872,47.66028],[-120.22021,47.65811],[-120.22078,47.6551],[-120.22047,47.65331],[-120.22086,47.65029],[-120.22377,47.64801],[-120.22741,47.64728],[-120.2288,47.64571],[-120.23388,47.63798],[-120.23693,47.63178],[-120.23755,47.62796],[-120.23804,47.62485],[-120.23509,47.62119],[-120.23481,47.61979],[-120.23524,47.61449],[-120.23661,47.60933],[-120.23594,47.60316],[-120.23358,47.59763],[-120.23718,47.5933],[-120.23804,47.59047],[-120.23777,47.58906],[-120.23842,47.58631],[-120.24132,47.58164],[-120.2445,47.57915],[-120.25009,47.57563],[-120.2536,47.57257],[-120.25494,47.56955],[-120.25613,47.56539],[-120.25716,47.56341],[-120.25833,47.55965],[-120.25944,47.55849],[-120.26742,47.55483],[-120.27363,47.55225],[-120.27527,47.55181],[-120.27651,47.55061],[-120.27994,47.54867],[-120.28592,47.54465],[-120.2868,47.5436],[-120.29281,47.53817],[-120.29428,47.5356],[-120.29406,47.53412],[-120.29553,47.53124],[-120.29635,47.53018],[-120.30001,47.5237],[-120.30214,47.5219],[-120.30293,47.52006],[-120.30576,47.5067],[-120.30772,47.50411],[-120.30868,47.49785],[-120.30858,47.49635],[-120.30988,47.49065],[-120.31248,47.48365],[-120.31458,47.47985],[-120.31428,47.47605],[-120.31528,47.47485],[-120.31659,47.47127],[-120.31698,47.46695],[-120.31778,47.46275],[-120.31808,47.45775],[-120.31738,47.45535],[-120.31608,47.45085],[-120.31188,47.44525],[-120.31136,47.44233],[-120.31098,47.44055],[-120.31041,47.43904],[-120.30948,47.43515],[-120.30894,47.43327],[-120.30798,47.43165],[-120.30452,47.42761],[-120.30201,47.4244],[-120.3006,47.42037],[-120.29713,47.41442],[-120.2964,47.41314],[-120.2955,47.40983],[-120.29485,47.40509],[-120.29317,47.40077],[-120.29258,47.40017],[-120.28996,47.39753],[-120.28653,47.39311],[-120.27918,47.39016],[-120.26983,47.38745],[-120.26637,47.38603],[-120.26029,47.38389],[-120.25308,47.38164],[-120.24915,47.38125],[-120.24811,47.38104],[-120.23859,47.3792],[-120.23648,47.37875],[-120.23222,47.37877],[-120.22604,47.37938],[-120.2176,47.37764],[-120.21218,47.37703],[-120.20698,47.37708],[-120.20161,47.3765],[-120.19652,47.37544],[-120.19334,47.37446],[-120.19033,47.37411],[-120.18564,47.37301],[-120.1787,47.37151],[-120.17459,47.37167],[-120.17148,47.37075],[-120.16558,47.36771],[-120.15785,47.36746],[-120.15094,47.36674],[-120.14917,47.36625],[-120.14447,47.36705],[-120.14107,47.36705],[-120.13797,47.36655],[-120.13367,47.36665],[-120.12997,47.36625],[-120.12637,47.36395],[-120.11857,47.35975],[-120.11407,47.35645],[-120.11207,47.35405],[-120.10527,47.34815],[-120.10287,47.34445],[-120.10077,47.34295],[-120.09827,47.34235],[-120.09428,47.34235],[-120.08964,47.34135],[-120.08631,47.33894],[-120.08327,47.33369],[-120.08462,47.33191],[-120.08506,47.32918],[-120.08734,47.32384],[-120.08927,47.32215],[-120.09004,47.31998],[-120.0903,47.31924],[-120.08904,47.3166],[-120.08739,47.31464],[-120.08724,47.3122],[-120.08784,47.30859],[-120.08633,47.30247],[-120.08605,47.3003],[-120.08684,47.29724],[-120.08913,47.2905],[-120.08964,47.28485],[-120.08992,47.27712],[-120.09263,47.27479],[-120.0932,47.2689],[-120.09332,47.26437],[-120.09446,47.26216],[-120.09506,47.2584],[-120.09632,47.25461],[-120.09579,47.25192],[-120.09358,47.2466],[-120.09221,47.24233],[-120.09029,47.23924],[-120.08852,47.23724],[-120.08401,47.23394],[-120.08003,47.23017],[-120.07759,47.22698],[-120.07597,47.2259],[-120.07286,47.22478],[-120.0681,47.22406],[-120.06142,47.22388],[-120.05592,47.22405],[-120.05184,47.22445],[-120.04715,47.22552],[-120.04382,47.22587],[-120.0397,47.22563],[-120.03159,47.22659],[-120.01909,47.22665],[-120.01599,47.22614],[-120.01191,47.22406],[-120.00707,47.22013],[-120.0049,47.22108],[-120.00478,47.2306],[-120.00439,47.24596],[-120.00291,47.26232],[-120.0044,47.2623],[-120.00478,47.30582],[-120.00476,47.3093],[-120.0047,47.31999],[-119.98312,47.32043],[-119.98323,47.33462],[-119.96182,47.33495],[-119.96134,47.34878],[-119.94044,47.34944],[-119.94024,47.36436],[-119.91892,47.36448],[-119.91875,47.39345],[-119.89738,47.39347],[-119.89717,47.40797],[-119.87582,47.40831],[-119.87576,47.43749],[-119.8541,47.43738],[-119.74739,47.43931],[-119.74729,47.43931],[-119.64091,47.44063],[-119.63927,47.44095],[-119.61906,47.44138],[-119.60131,47.44108],[-119.5981,47.44111],[-119.56008,47.44128],[-119.55781,47.44114],[-119.53362,47.44121],[-119.53335,47.47001],[-119.53289,47.52776],[-119.51169,47.52763],[-119.51209,47.54204],[-119.49047,47.54202],[-119.4901,47.55654],[-119.46917,47.55661],[-119.4691,47.57076],[-119.44768,47.57046],[-119.4478,47.5849],[-119.42684,47.58478],[-119.42677,47.59906],[-119.40532,47.59901],[-119.4052,47.61264],[-119.34177,47.61239],[-119.34162,47.62142],[-119.34148,47.62675],[-119.3203,47.6268],[-119.32014,47.67023],[-119.29884,47.6704],[-119.29865,47.72833],[-119.27724,47.72824],[-119.27717,47.7426],[-119.25578,47.74251],[-119.25586,47.77169],[-119.23417,47.77198],[-119.2339,47.80066],[-119.21241,47.8007],[-119.21229,47.8092],[-119.21225,47.83579],[-119.21232,47.85838],[-119.21217,47.87308],[-119.21222,47.88771],[-119.19063,47.88781],[-119.19055,47.90247],[-119.1474,47.90265],[-119.1474,47.91739],[-119.1259,47.9173],[-119.12558,47.9468],[-119.10397,47.94669],[-119.10387,47.96176],[-119.01381,47.96208],[-118.9908,47.96213],[-118.98906,47.96211],[-118.98481,47.96206],[-118.98223,47.96203],[-118.98224,47.96227],[-118.98243,47.96912],[-118.98177,47.96969],[-118.97855,47.97302],[-118.97182,47.97759],[-118.96894,47.98006],[-118.96532,47.98375],[-118.96392,47.98592],[-118.96109,47.99196],[-118.961,47.99814],[-118.96004,47.99958],[-118.95621,48.0026],[-118.95486,48.00423],[-118.95232,48.00856],[-118.952,48.01198],[-118.95101,48.01469],[-118.95078,48.01888],[-118.95209,48.02058],[-118.95726,48.02452],[-118.96725,48.02938],[-118.97169,48.03214],[-118.97579,48.03539],[-118.97886,48.03687],[-118.99316,48.03975],[-118.99865,48.04144],[-119.00319,48.04326],[-119.00472,48.04428],[-119.00869,48.04915],[-119.01013,48.05163],[-119.01216,48.05646],[-119.01413,48.06292],[-119.01522,48.0651],[-119.01773,48.0677],[-119.01879,48.06978],[-119.01994,48.0746],[-119.02212,48.08023],[-119.02287,48.08448],[-119.02231,48.0894],[-119.02246,48.09314],[-119.02395,48.09903],[-119.02464,48.10312],[-119.02642,48.1079],[-119.02954,48.11419],[-119.03189,48.11683],[-119.03463,48.11886],[-119.03948,48.12187],[-119.04523,48.12686],[-119.04966,48.13042],[-119.05242,48.13386],[-119.05585,48.13647],[-119.05841,48.13749],[-119.07008,48.1404],[-119.075,48.14026],[-119.07886,48.13967],[-119.08685,48.13752],[-119.08998,48.13721],[-119.09833,48.13767],[-119.10167,48.13835],[-119.10508,48.13945],[-119.11034,48.14222],[-119.11431,48.14497],[-119.11968,48.1479],[-119.12377,48.14971],[-119.12652,48.15056],[-119.13096,48.15119],[-119.13531,48.15075],[-119.14128,48.14786],[-119.14401,48.14715],[-119.15098,48.14607],[-119.15373,48.14497],[-119.15577,48.14325],[-119.16011,48.14085],[-119.16543,48.13724],[-119.17025,48.13251],[-119.17282,48.13055],[-119.17702,48.12829],[-119.17935,48.12789],[-119.18249,48.12817],[-119.1871,48.12931],[-119.18919,48.12936],[-119.19232,48.12856],[-119.1959,48.12672],[-119.20019,48.1252],[-119.20837,48.11812],[-119.21166,48.11622],[-119.21384,48.11546],[-119.2153,48.11531],[-119.22003,48.11648],[-119.22189,48.1165],[-119.23301,48.11329],[-119.23468,48.11235],[-119.23757,48.10939],[-119.24689,48.10469],[-119.25255,48.10259],[-119.25439,48.10223],[-119.26016,48.10211],[-119.26299,48.10261],[-119.26669,48.10408],[-119.26942,48.10456],[-119.28856,48.11399],[-119.29207,48.11497],[-119.29859,48.11549],[-119.30319,48.11334],[-119.30729,48.11178],[-119.31103,48.10957],[-119.31713,48.10602],[-119.32469,48.10013],[-119.32752,48.09666],[-119.32829,48.09066],[-119.32961,48.0842],[-119.32973,48.08071],[-119.3288,48.07936],[-119.32808,48.07532],[-119.32793,48.07027],[-119.33024,48.06396],[-119.33043,48.06239],[-119.33311,48.05604],[-119.33514,48.05334],[-119.33858,48.05092],[-119.34123,48.04985],[-119.34352,48.04943],[-119.34823,48.05002],[-119.35579,48.05167],[-119.36001,48.0523],[-119.36669,48.0528],[-119.37048,48.05267],[-119.379,48.05164],[-119.38583,48.05114],[-119.39192,48.05006],[-119.39621,48.04982],[-119.40223,48.05042],[-119.40586,48.05203],[-119.40636,48.05312],[-119.40881,48.05474],[-119.41239,48.05622],[-119.41797,48.05916],[-119.42325,48.06256],[-119.42756,48.06689],[-119.42982,48.07045],[-119.43053,48.07084],[-119.43394,48.07487],[-119.43626,48.07669],[-119.44073,48.07867],[-119.44515,48.0792],[-119.44988,48.07814],[-119.45696,48.07891],[-119.46073,48.08008],[-119.4669,48.08029],[-119.4703,48.07863],[-119.47285,48.0782],[-119.48417,48.0787],[-119.48647,48.07933],[-119.49279,48.082],[-119.49529,48.08252],[-119.49931,48.0827],[-119.50099,48.08243],[-119.50723,48.07961],[-119.50937,48.07901],[-119.51336,48.07676],[-119.51611,48.07478],[-119.51591,48.07173],[-119.5166,48.06961],[-119.51652,48.06684],[-119.51757,48.06262],[-119.52003,48.06026],[-119.52413,48.05704],[-119.53039,48.05402],[-119.53903,48.05279],[-119.54581,48.04974],[-119.54984,48.04683],[-119.55087,48.04662],[-119.5547,48.04437],[-119.55962,48.03906],[-119.5644,48.03547],[-119.57092,48.03198],[-119.57843,48.0288],[-119.58322,48.02701],[-119.59084,48.02342],[-119.5951,48.02086],[-119.59909,48.01788],[-119.60166,48.01556],[-119.60422,48.0139],[-119.60755,48.0107],[-119.61032,48.00682],[-119.61138,48.00474],[-119.61445,48.00009],[-119.61552,47.99903],[-119.62072,47.99678],[-119.62406,47.99677],[-119.62838,47.99631],[-119.63402,47.99647],[-119.64096,47.99751],[-119.64757,47.99897],[-119.65482,48.00105],[-119.6584,48.00257],[-119.66467,48.00828],[-119.66886,48.01081],[-119.67417,48.01421],[-119.68456,48.01978],[-119.68868,48.02273],[-119.6908,48.02494],[-119.69307,48.02852],[-119.69371,48.03206],[-119.69048,48.03724],[-119.68282,48.04566],[-119.68082,48.04892],[-119.6783,48.0551],[-119.67639,48.05877],[-119.67416,48.0621],[-119.67215,48.06474],[-119.67047,48.06792],[-119.6697,48.0718],[-119.66971,48.07523],[-119.67052,48.07786],[-119.67266,48.08105],[-119.68072,48.09028],[-119.68372,48.09303],[-119.68529,48.09322],[-119.68874,48.09162],[-119.69542,48.08706],[-119.70088,48.08402],[-119.70484,48.0828],[-119.70742,48.08244],[-119.71618,48.08187],[-119.72193,48.08248],[-119.72507,48.08376],[-119.7289,48.08726],[-119.7324,48.09179],[-119.73438,48.09569],[-119.7363,48.09762],[-119.73801,48.09889],[-119.7425,48.10124],[-119.74684,48.10257],[-119.75215,48.10329],[-119.75501,48.10312],[-119.76188,48.10431],[-119.76657,48.10475],[-119.77026,48.10475],[-119.77459,48.10421],[-119.77595,48.10337],[-119.77642,48.10144],[-119.77404,48.09425],[-119.7746,48.09196],[-119.7768,48.08901],[-119.78083,48.08696],[-119.78338,48.08638],[-119.78988,48.08572],[-119.80271,48.08627],[-119.80844,48.08686],[-119.81213,48.08655],[-119.81598,48.08524],[-119.82316,48.08096],[-119.82815,48.07926],[-119.83198,48.07879],[-119.83526,48.07879],[-119.84121,48.07762],[-119.84394,48.07684],[-119.84983,48.0748],[-119.85236,48.07361],[-119.86115,48.06746],[-119.8637,48.0661],[-119.87043,48.06356],[-119.885,48.05867],[-119.88856,48.05699],[-119.89251,48.05414],[-119.89343,48.05142],[-119.89442,48.05122],[-119.89535,48.05004],[-119.89501,48.04809],[-119.89323,48.0446],[-119.88515,48.03499],[-119.88322,48.03162],[-119.87512,48.02351],[-119.87042,48.01978],[-119.8692,48.01832],[-119.86738,48.00975],[-119.86708,48.00705],[-119.86821,48.00484],[-119.86876,48.00036],[-119.87081,47.99593],[-119.87245,47.99314],[-119.87779,47.98952],[-119.88044,47.98663],[-119.88198,47.98316],[-119.8824,47.97889],[-119.88391,47.97449],[-119.88393,47.97296],[-119.88211,47.96987],[-119.87704,47.96537],[-119.87059,47.96046]]]},"properties":{"GEOID":"53017","NAME":"Douglas"}}]}