{"type":"FeatureCollection","features":[{"type":"Feature","geometry":{"type":"Polygon","coordinates":[[[-120.8169,48.1484],[-120.8064,48.1357],[-120.8117,48.1281],[-120.7949,48.1119],[-120.7925,48.1027],[-120.7715,48.0965],[-120.7641,48.0872],[-120.7512,48.0813],[-120.7477,48.0738],[-120.7477,48.0576],[-120.7415,48.0434],[-120.7306,48.0386],[-120.7261,48.0209],[-120.7128,48.0132],[-120.7101,48.0075],[-120.6823,47.9968],[-120.6728,47.9833],[-120.6681,47.9815],[-120.6669,47.9705],[-120.6744,47.9678],[-120.6619,47.9524],[-120.6381,47.9611],[-120.632,47.9454],[-120.6393,47.9398],[-120.6463,47.9446],[-120.6594,47.9394],[-120.6574,47.9226],[-120.6448,47.9185],[-120.6366,47.9024],[-120.6303,47.9009],[-120.6322,47.8939],[-120.6262,47.8933],[-120.6244,47.8806],[-120.6092,47.8592],[-120.6077,47.8461],[-120.6032,47.8366],[-120.5857,47.8214],[-120.5782,47.8053],[-120.5573,47.7886],[-120.5511,47.7856],[-120.5346,47.7692],[-120.537,47.7647],[-120.5292,47.7526],[-120.5228,47.7344],[-120.526,47.7283],[-120.5131,47.7044],[-120.4929,47.7051],[-120.4989,47.7028],[-120.4898,47.6873],[-120.4774,47.6838],[-120.484,47.6783],[-120.4804,47.6729],[-120.4603,47.6746],[-120.4647,47.6577],[-120.451,47.6565],[-120.4484,47.6434],[-120.442,47.6376],[-120.4319,47.6334],[-120.4204,47.6243],[-120.4078,47.6224],[-120.3997,47.6151],[-120.371,47.6153],[-120.3579,47.6049],[-120.346,47.6119],[-120.3436,47.6066],[-120.3316,47.6148],[-120.3231,47.6112],[-120.307,47.6235],[-120.3095,47.6172],[-120.2924,47.6212],[-120.2897,47.6187],[-120.2652,47.6213],[-120.2375,47.628],[-120.2274,47.6473],[-120.2209,47.6503],[-120.2168,47.6637],[-120.2046,47.6716],[-120.199,47.6823],[-120.2052,47.7021],[-120.2229,47.7233],[-120.2202,47.7333],[-120.2069,47.7506],[-120.185,47.7615],[-120.1981,47.7604],[-120.2013,47.7635],[-120.2285,47.7746],[-120.2496,47.7891],[-120.2401,47.7958],[-120.2427,47.8081],[-120.2156,47.8211],[-120.2156,47.8508],[-120.2371,47.8508],[-120.2369,47.8579],[-120.245,47.8524],[-120.2669,47.8486],[-120.2714,47.8449],[-120.2875,47.8535],[-120.3059,47.8522],[-120.3128,47.8584],[-120.3247,47.8603],[-120.3277,47.8649],[-120.3255,47.8782],[-120.343,47.8891],[-120.3484,47.8966],[-120.3586,47.9002],[-120.3736,47.9145],[-120.3826,47.9182],[-120.3842,47.9275],[-120.3915,47.9315],[-120.3996,47.9293],[-120.4013,47.9355],[-120.4189,47.9398],[-120.4105,47.9578],[-120.4184,47.9761],[-120.4419,47.9829],[-120.4539,47.9908],[-120.4849,47.9988],[-120.492,48.0151],[-120.4993,48.0179],[-120.5226,48.0194],[-120.5269,48.0254],[-120.5188,48.0434],[-120.5233,48.0546],[-120.5305,48.055],[-120.5304,48.0617],[-120.5501,48.0686],[-120.5475,48.0728],[-120.5721,48.0815],[-120.5761,48.0903],[-120.5905,48.0896],[-120.6142,48.1055],[-120.6247,48.1095],[-120.6298,48.1154],[-120.6469,48.122],[-120.656,48.1313],[-120.664,48.127],[-120.6709,48.1302],[-120.6742,48.1403],[-120.6889,48.1401],[-120.7025,48.1587],[-120.7223,48.1668],[-120.7345,48.1672],[-120.7512,48.1588],[-120.7676,48.1631],[-120.7717,48.1587],[-120.7874,48.1566],[-120.8044,48.1621],[-120.8104,48.1603],[-120.8169,48.1484]],[[-120.3503,47.7091],[-120.3585,47.7038],[-120.381,47.7011],[-120.4035,47.6957],[-120.4124,47.696],[-120.4116,47.7081],[-120.4026,47.7177],[-120.368,47.7285],[-120.3796,47.7288],[-120.368,47.7384],[-120.3632,47.7312],[-120.354,47.7312],[-120.3446,47.7242],[-120.3433,47.7172],[-120.336,47.7145],[-120.3503,47.7091]]]},"properties":{"ZCTA5CE10":"98822"}},{"type":"Feature","geometry":{"type":"Polygon","coordinates":[[[-120.5524,47.5786],[-120.5557,47.5676],[-120.5718,47.5641],[-120.5728,47.5459],[-120.5507,47.5353],[-120.5401,47.5353],[-120.5556,47.5476],[-120.5505,47.5594],[-120.5542,47.5724],[-120.5524,47.5786]]]},"properties":{"ZCTA5CE10":"98821"}},{"type":"Feature","geometry":{"type":"Polygon","coordinates":[[[-124.5476,48.3544],[-124.5652,48.3678],[-124.5733,48.366],[-124.589,48.3728],[-124.6123,48.366],[-124.6281,48.3712],[-124.6375,48.3824],[-124.6367,48.3878],[-124.6592,48.3913],[-124.6672,48.3882],[-124.6762,48.3916],[-124.6957,48.3899],[-124.7063,48.386],[-124.717,48.3903],[-124.7318,48.3813],[-124.7263,48.3706],[-124.7128,48.3659],[-124.7072,48.3545],[-124.6978,48.3509],[-124.6952,48.3433],[-124.6843,48.3392],[-124.6799,48.344],[-124.6646,48.3375],[-124.6595,48.3246],[-124.6675,48.319],[-124.6622,48.3135],[-124.6647,48.3014],[-124.6713,48.2958],[-124.6793,48.2956],[-124.6873,48.2902],[-124.6801,48.2752],[-124.6229,48.2749],[-124.5575,48.275],[-124.5586,48.3485],[-124.5519,48.3483],[-124.5476,48.3544]]]},"properties":{"ZCTA5CE10":"98357"}},{"type":"Feature","geometry":{"type":"Polygon","coordinates":[[[-122.6916,45.6708],[-122.6882,45.6503],[-122.6853,45.6554],[-122.6705,45.6545],[-122.6716,45.6319],[-122.6648,45.6316],[-122.6536,45.6271],[-122.6502,45.6323],[-122.6582,45.6332],[-122.6589,45.6396],[-122.6484,45.6415],[-122.636,45.6568],[-122.6365,45.6716],[-122.6571,45.6634],[-122.6695,45.6646],[-122.6927,45.6779],[-122.6916,45.6708]]]},"properties":{"ZCTA5CE10":"98663"}},{"type":"Feature","geometry":{"type":"Polygon","coordinates":[[[-122.4568,45.6388],[-122.4811,45.6407],[-122.489,45.643],[-122.5438,45.6429],[-122.5631,45.6421],[-122.5594,45.6318],[-122.5594,45.621],[-122.5041,45.6155],[-122.4956,45.6212],[-122.4759,45.6213],[-122.4759,45.6355],[-122.4618,45.6356],[-122.4568,45.6388]]]},"properties":{"ZCTA5CE10":"98684"}},{"type":"Feature","geometry":{"type":"Polygon","coordinates":[[[-119.9483,46.971],[-119.8697,46.9719],[-119.704,46.9718],[-119.6511,46.9639],[-119.6053,47.0307],[-119.6204,47.0305],[-119.6198,47.1038],[-119.7367,47.1035],[-119.6829,47.1042],[-119.6831,47.1331],[-119.715,47.1328],[-119.715,47.162],[-119.738,47.162],[-119.7256,47.1698],[-119.725,47.2055],[-119.7042,47.2056],[-119.708,47.2202],[-119.7252,47.2201],[-119.7253,47.2346],[-119.7146,47.2351],[-119.7134,47.2418],[-119.6929,47.2441],[-119.693,47.2493],[-119.6823,47.2529],[-119.6835,47.2649],[-119.6832,47.3088],[-119.7475,47.3082],[-119.7474,47.4392],[-119.8758,47.4374],[-119.876,47.4083],[-119.8972,47.4081],[-119.8974,47.3935],[-119.9187,47.3935],[-119.9189,47.3645],[-119.9402,47.3644],[-119.9404,47.3495],[-119.9613,47.3489],[-119.9617,47.335],[-119.9831,47.3347],[-119.9831,47.3205],[-120.0048,47.3201],[-120.0047,47.3092],[-120.0047,47.3058],[-120.0257,47.307],[-120.0261,47.2991],[-120.0371,47.2991],[-120.0377,47.2912],[-120.0491,47.2913],[-120.0466,47.2467],[-120.0472,47.2255],[-120.0186,47.2267],[-120.0039,47.216],[-120.0059,47.1973],[-120.0042,47.1827],[-120.0105,47.1723],[-120.0106,47.1613],[-120.0012,47.1459],[-120.0021,47.1262],[-120.012,47.1119],[-120.0261,47.1069],[-120.0345,47.0936],[-120.0429,47.0735],[-120.039,47.0609],[-120.033,47.0543],[-120.0169,47.0435],[-120.0073,47.0337],[-120.0058,47.0163],[-120.0019,47.0102],[-120.0021,46.9973],[-119.9866,46.9718],[-119.9483,46.971]],[[-119.8664,47.0733],[-119.8663,47.0785],[-119.8577,47.0851],[-119.8508,47.0741],[-119.8664,47.0733]]]},"properties":{"ZCTA5CE10":"98848"}},{"type":"Feature","geometry":{"type":"Polygon","coordinates":[[[-118.8365,48.827],[-118.8367,48.7866],[-118.8352,48.6939],[-118.836,48.6827],[-118.8528,48.6827],[-118.8528,48.69],[-118.8638,48.6899],[-118.8637,48.6826],[-118.9025,48.6827],[-118.9026,48.6899],[-118.9242,48.6899],[-118.9242,48.6971],[-118.9464,48.6972],[-118.9465,48.7296],[-118.9631,48.7298],[-118.9532,48.7179],[-118.9578,48.7009],[-118.9337,48.6876],[-118.9059,48.68],[-118.8899,48.6683],[-118.8959,48.6537],[-118.8809,48.6537],[-118.8809,48.6406],[-118.8695,48.6408],[-118.8699,48.5683],[-118.8695,48.4819],[-118.8434,48.4817],[-118.8439,48.4389],[-118.8444,48.3965],[-118.7748,48.3965],[-118.7744,48.3839],[-118.7621,48.3841],[-118.7482,48.3803],[-118.7484,48.3683],[-118.7408,48.3597],[-118.7493,48.3381],[-118.7306,48.2906],[-118.7103,48.2708],[-118.6937,48.2714],[-118.6872,48.2981],[-118.6669,48.3238],[-118.6588,48.3295],[-118.6498,48.322],[-118.6421,48.2983],[-118.6241,48.3073],[-118.6215,48.3139],[-118.6117,48.323],[-118.6124,48.3334],[-118.6039,48.3468],[-118.5989,48.3437],[-118.5901,48.3495],[-118.5908,48.3558],[-118.5752,48.3538],[-118.5909,48.3584],[-118.6044,48.3545],[-118.611,48.3635],[-118.6005,48.3759],[-118.6,48.3886],[-118.5959,48.3964],[-118.4756,48.3968],[-118.4551,48.4059],[-118.4551,48.4531],[-118.4703,48.4596],[-118.4855,48.4615],[-118.4932,48.4598],[-118.5114,48.4693],[-118.5153,48.4814],[-118.3761,48.4813],[-118.2862,48.4813],[-118.2962,48.4818],[-118.3095,48.4908],[-118.3287,48.4965],[-118.3381,48.5139],[-118.3493,48.5166],[-118.3818,48.5126],[-118.4003,48.5189],[-118.4094,48.5248],[-118.4279,48.5425],[-118.417,48.5516],[-118.41,48.5533],[-118.3872,48.5489],[-118.3476,48.549],[-118.3365,48.5526],[-118.3227,48.5618],[-118.3186,48.5677],[-118.2459,48.568],[-118.2407,48.5795],[-118.2818,48.5774],[-118.2965,48.5785],[-118.3065,48.5876],[-118.345,48.5969],[-118.3718,48.6098],[-118.372,48.6144],[-118.3937,48.6179],[-118.4114,48.6235],[-118.4215,48.6243],[-118.444,48.621],[-118.4436,48.6292],[-118.4368,48.6407],[-118.4401,48.6449],[-118.4403,48.6617],[-118.4376,48.6695],[-118.4428,48.6749],[-118.4436,48.6856],[-118.4387,48.6895],[-118.4374,48.7008],[-118.4451,48.7019],[-118.4429,48.7165],[-118.4338,48.7235],[-118.4396,48.7319],[-118.4353,48.7409],[-118.572,48.7406],[-118.5716,48.7695],[-118.6149,48.7694],[-118.6149,48.7839],[-118.6484,48.7734],[-118.6562,48.7771],[-118.6507,48.7828],[-118.6353,48.7834],[-118.6366,48.7914],[-118.7059,48.7915],[-118.706,48.7989],[-118.7434,48.799],[-118.7409,48.8061],[-118.7445,48.8145],[-118.7397,48.8283],[-118.7469,48.8284],[-118.7483,48.8355],[-118.7602,48.8473],[-118.7685,48.8291],[-118.7729,48.8337],[-118.7812,48.8298],[-118.7907,48.8361],[-118.8027,48.828],[-118.8091,48.8282],[-118.8119,48.8092],[-118.8268,48.8263],[-118.8365,48.827]]]},"properties":{"ZCTA5CE10":"99166"}},{"type":"Feature","geometry":{"type":"Polygon","coordinates":[[[-119.5334,47.47],[-119.5336,47.4413],[-119.5981,47.4411],[-119.5976,47.4047],[-119.5894,47.4046],[-119.5808,47.3961],[-119.5727,47.3952],[-119.5641,47.3847],[-119.5332,47.3743],[-119.5333,47.3689],[-119.5224,47.369],[-119.533,47.3591],[-119.5329,47.354],[-119.4915,47.3546],[-119.4766,47.3595],[-119.476,47.3488],[-119.4824,47.3216],[-119.4712,47.2744],[-119.4503,47.2573],[-119.3886,47.3464],[-119.387,47.3359],[-119.3799,47.3274],[-119.3611,47.3204],[-119.3411,47.3207],[-119.3413,47.3388],[-119.3304,47.3386],[-119.3305,47.3702],[-119.3382,47.3723],[-119.3494,47.3821],[-119.2771,47.3808],[-119.2771,47.3954],[-119.2768,47.4275],[-119.2773,47.4753],[-119.2985,47.4755],[-119.2829,47.4992],[-119.2762,47.4998],[-119.2768,47.5079],[-119.2768,47.5366],[-119.2988,47.5125],[-119.3072,47.5052],[-119.3232,47.5054],[-119.3474,47.5014],[-119.3586,47.5045],[-119.3628,47.4986],[-119.3809,47.4903],[-119.3888,47.4801],[-119.3946,47.4791],[-119.3947,47.5309],[-119.4535,47.5312],[-119.4535,47.5275],[-119.4898,47.5271],[-119.5329,47.5276],[-119.5334,47.47]]]},"properties":{"ZCTA5CE10":"98851"}},{"type":"Feature","geometry":{"type":"Polygon","coordinates":[[[-119.055,47.8648],[-119.0702,47.8679],[-119.0828,47.8635],[-119.0829,47.8444],[-119.0724,47.8445],[-119.0615,47.8404],[-119.0609,47.83],[-119.0832,47.7917],[-119.0836,47.801],[-119.1049,47.801],[-119.1052,47.7428],[-119.1119,47.7428],[-119.1216,47.7281],[-119.0839,47.7281],[-119.0838,47.7136],[-119.0405,47.7134],[-119.0406,47.7082],[-119.029,47.7135],[-118.9758,47.7136],[-118.9764,47.6623],[-118.9779,47.6099],[-118.978,47.5534],[-118.9575,47.5532],[-118.9572,47.5459],[-118.9142,47.5456],[-118.9136,47.5237],[-118.871,47.5232],[-118.8712,47.5374],[-118.8495,47.5375],[-118.8283,47.5377],[-118.829,47.5953],[-118.8276,47.6119],[-118.8286,47.6845],[-118.8301,47.7179],[-118.8262,47.7257],[-118.83,47.732],[-118.8425,47.7286],[-118.8738,47.7286],[-118.8298,47.7439],[-118.8304,47.8015],[-118.851,47.8014],[-118.8508,47.8806],[-118.8481,47.8907],[-118.8407,47.9032],[-118.8506,47.9034],[-118.8505,47.9253],[-118.8937,47.9253],[-118.8938,47.918],[-118.9157,47.9181],[-118.918,47.9108],[-118.9739,47.9108],[-118.974,47.9064],[-118.9746,47.8663],[-118.9843,47.8683],[-119.0052,47.88],[-119.0144,47.8788],[-119.0305,47.8648],[-119.0345,47.8583],[-119.055,47.8648]]]},"properties":{"ZCTA5CE10":"99103"}},{"type":"Feature","geometry":{"type":"Polygon","coordinates":[[[-119.6053,47.0307],[-119.6511,46.9639],[-119.704,46.9718],[-119.8697,46.9719],[-119.9483,46.971],[-119.9411,46.9315],[-119.9205,46.9291],[-119.9183,46.9135],[-119.9178,46.8836],[-119.8542,46.8832],[-119.8121,46.8844],[-119.7905,46.8839],[-119.791,46.8469],[-119.7847,46.847],[-119.791,46.8391],[-119.7904,46.8324],[-119.8163,46.8314],[-119.8074,46.8293],[-119.7825,46.8309],[-119.7408,46.8315],[-119.7608,46.8006],[-119.7614,46.7956],[-119.6842,46.7953],[-119.642,46.7958],[-119.4957,46.7954],[-119.3691,46.7956],[-119.3691,46.82],[-119.4588,46.8584],[-119.5052,46.8691],[-119.5052,46.8752],[-119.475,46.8756],[-119.4746,46.8977],[-119.496,46.8974],[-119.4957,46.9131],[-119.5155,46.9132],[-119.5149,46.9489],[-119.5224,46.9457],[-119.55,46.9435],[-119.5624,46.9405],[-119.5578,46.945],[-119.5576,46.963],[-119.5569,47.0305],[-119.6053,47.0307]]]},"properties":{"ZCTA5CE10":"99357"}},{"type":"Feature","geometry":{"type":"Polygon","coordinates":[[[-123.8396,47.2442],[-123.8472,47.2404],[-123.861,47.2405],[-123.8563,47.2352],[-123.8427,47.2316],[-123.8371,47.2341],[-123.8396,47.2207],[-123.8397,47.2016],[-123.833,47.1916],[-123.8372,47.1849],[-123.8292,47.181],[-123.8034,47.187],[-123.7906,47.1828],[-123.7918,47.1743],[-123.7829,47.1705],[-123.7837,47.1608],[-123.7797,47.1538],[-123.7816,47.1452],[-123.7736,47.1449],[-123.7793,47.1328],[-123.778,47.1223],[-123.7911,47.1131],[-123.7806,47.0982],[-123.7743,47.0994],[-123.7775,47.0888],[-123.7701,47.083],[-123.7772,47.0768],[-123.7728,47.0726],[-123.7804,47.066],[-123.7959,47.0663],[-123.7922,47.0731],[-123.8055,47.0625],[-123.819,47.0573],[-123.8203,47.0152],[-123.8234,47.0093],[-123.8416,47.0091],[-123.8414,46.9952],[-123.8372,46.9935],[-123.8522,46.9804],[-123.8517,46.95],[-123.8448,46.9533],[-123.8384,46.9474],[-123.8491,46.9434],[-123.867,46.9434],[-123.8772,46.9401],[-123.892,46.9424],[-123.9285,46.9444],[-123.9936,46.944],[-124.0481,46.9386],[-124.079,46.9347],[-124.0901,46.9317],[-124.1263,46.9208],[-124.1263,46.9054],[-124.1166,46.9133],[-124.0878,46.899],[-124.0828,46.8748],[-124.0891,46.8748],[-124.0893,46.8677],[-124.0708,46.8618],[-124.0636,46.8589],[-124.0408,46.8575],[-124.0088,46.8386],[-123.9905,46.84],[-123.9741,46.8324],[-123.9687,46.8185],[-123.9632,46.8138],[-123.9654,46.7929],[-123.9152,46.7926],[-123.8782,46.791],[-123.8522,46.7916],[-123.8541,46.8028],[-123.8451,46.8191],[-123.8575,46.8262],[-123.8391,46.8221],[-123.8375,46.8285],[-123.8284,46.8258],[-123.8207,46.8288],[-123.8216,46.834],[-123.814,46.8373],[-123.8013,46.8281],[-123.7818,46.8348],[-123.7957,46.8361],[-123.7908,46.8508],[-123.7931,46.8579],[-123.8037,46.8595],[-123.8082,46.8743],[-123.8149,46.8794],[-123.805,46.8917],[-123.8106,46.8985],[-123.7987,46.8957],[-123.789,46.8975],[-123.7767,46.8947],[-123.779,46.9081],[-123.7784,46.9223],[-123.8212,46.9226],[-123.8206,46.9492],[-123.8147,46.9426],[-123.8065,46.9419],[-123.7971,46.9334],[-123.7865,46.9291],[-123.7648,46.9251],[-123.7608,46.9263],[-123.7379,46.9173],[-123.7405,46.9248],[-123.7306,46.9339],[-123.7602,46.9474],[-123.7617,46.9435],[-123.7886,46.9447],[-123.789,46.9552],[-123.7814,46.9559],[-123.7835,46.9624],[-123.7764,46.9639],[-123.7643,46.9576],[-123.7513,46.9609],[-123.7417,46.96],[-123.7365,46.9508],[-123.7283,46.9536],[-123.7174,46.9508],[-123.7093,46.9549],[-123.6863,46.9589],[-123.6763,46.9573],[-123.6736,46.981],[-123.708,46.9807],[-123.7132,46.9784],[-123.7361,46.9784],[-123.7356,46.989],[-123.7116,47.0013],[-123.6997,47.0092],[-123.722,47.019],[-123.7361,47.0147],[-123.735,47.0887],[-123.7174,47.088],[-123.7108,47.0932],[-123.7043,47.1077],[-123.6955,47.1187],[-123.6924,47.1345],[-123.6836,47.1451],[-123.6682,47.1565],[-123.6557,47.1601],[-123.6624,47.1653],[-123.6495,47.1739],[-123.6483,47.1917],[-123.6564,47.1976],[-123.6557,47.2046],[-123.6477,47.2119],[-123.662,47.2172],[-123.6625,47.2208],[-123.6765,47.2228],[-123.6718,47.2367],[-123.6642,47.2426],[-123.6536,47.2429],[-123.6546,47.2387],[-123.6398,47.2242],[-123.6358,47.235],[-123.6476,47.2394],[-123.6453,47.2462],[-123.651,47.2552],[-123.6411,47.2577],[-123.6454,47.2636],[-123.655,47.2619],[-123.6507,47.2801],[-123.6595,47.2862],[-123.647,47.2869],[-123.6526,47.2911],[-123.6532,47.2998],[-123.6386,47.313],[-123.6433,47.3293],[-123.6497,47.3342],[-123.6411,47.3381],[-123.6452,47.345],[-123.671,47.3447],[-123.6739,47.3428],[-123.6967,47.3445],[-123.6958,47.2989],[-123.7159,47.2989],[-123.7159,47.3018],[-123.7548,47.3022],[-123.7547,47.3156],[-123.7545,47.327],[-123.7924,47.3287],[-123.7861,47.3257],[-123.7739,47.3093],[-123.7878,47.2961],[-123.7808,47.2835],[-123.7904,47.2779],[-123.793,47.267],[-123.8072,47.255],[-123.8311,47.2492],[-123.8396,47.2442]]]},"properties":{"ZCTA5CE10":"98520"}},{"type":"Feature","geometry":{"type":"Polygon","coordinates":[[[-122.5273,48.0637],[-122.5067,48.0659],[-122.5067,48.0582],[-122.49,48.0582],[-122.4897,48.0321],[-122.4863,48.0264],[-122.4946,48.0215],[-122.5037,48.0252],[-122.507,48.0144],[-122.5073,48.0008],[-122.4948,48.0007],[-122.5003,47.9934],[-122.4846,47.9911],[-122.4658,48.0002],[-122.4469,47.9972],[-122.4406,47.9786],[-122.4183,47.9819],[-122.4157,47.988],[-122.4215,47.9903],[-122.4151,48.0011],[-122.4016,47.9964],[-122.3949,47.9895],[-122.3854,47.9961],[-122.3734,47.9993],[-122.3642,47.9913],[-122.3558,47.9939],[-122.3634,48.0004],[-122.3639,48.03],[-122.3738,48.0387],[-122.391,48.0398],[-122.3983,48.0436],[-122.4202,48.0479],[-122.4433,48.0605],[-122.4626,48.0809],[-122.4725,48.0852],[-122.4879,48.103],[-122.5072,48.1006],[-122.5323,48.106],[-122.5383,48.1037],[-122.5362,48.0973],[-122.519,48.073],[-122.5273,48.0637]]]},"properties":{"ZCTA5CE10":"98260"}},{"type":"Feature","geometry":{"type":"Polygon","coordinates":[[[-122.4057,48.2522],[-122.4152,48.2608],[-122.4548,48.2709],[-122.4605,48.2753],[-122.4705,48.2739],[-122.4822,48.2556],[-122.4873,48.2546],[-122.4925,48.2623],[-122.5013,48.2636],[-122.5407,48.2507],[-122.5425,48.2203],[-122.5466,48.208],[-122.5443,48.1962],[-122.5392,48.1905],[-122.5469,48.1826],[-122.5377,48.1685],[-122.5207,48.1476],[-122.5222,48.1386],[-122.5177,48.1293],[-122.4963,48.1171],[-122.4863,48.1153],[-122.4759,48.1237],[-122.468,48.1236],[-122.4576,48.1132],[-122.4513,48.1024],[-122.4346,48.1],[-122.4116,48.0818],[-122.3991,48.0742],[-122.3943,48.0616],[-122.3844,48.0543],[-122.3724,48.0508],[-122.3562,48.0522],[-122.3546,48.0644],[-122.3598,48.0686],[-122.3724,48.0919],[-122.4011,48.116],[-122.4153,48.1192],[-122.4158,48.1247],[-122.4315,48.1314],[-122.4398,48.1432],[-122.4529,48.1516],[-122.4623,48.167],[-122.4691,48.1851],[-122.4592,48.1872],[-122.4445,48.1952],[-122.4336,48.2099],[-122.4341,48.2154],[-122.4435,48.2203],[-122.4457,48.2259],[-122.4339,48.2279],[-122.4158,48.2221],[-122.398,48.2238],[-122.3925,48.2344],[-122.4057,48.2522]]]},"properties":{"ZCTA5CE10":"98282"}},{"type":"Feature","geometry":{"type":"Polygon","coordinates":[[[-122.7275,48.3076],[-122.7032,48.3079],[-122.69,48.3261],[-122.6802,48.326],[-122.6801,48.3387],[-122.6664,48.3392],[-122.6597,48.3328],[-122.6419,48.3259],[-122.6319,48.3285],[-122.6367,48.3374],[-122.6367,48.3502],[-122.6176,48.3491],[-122.6176,48.3545],[-122.6263,48.356],[-122.6528,48.3548],[-122.6586,48.3693],[-122.6711,48.3699],[-122.6796,48.3557],[-122.6913,48.3442],[-122.696,48.3352],[-122.7064,48.3292],[-122.7127,48.3169],[-122.7275,48.3076]]]},"properties":{"ZCTA5CE10":"98278"}},{"type":"Feature","geometry":{"type":"Polygon","coordinates":[[[-122.7591,48.053],[-122.7691,48.0799],[-122.7682,48.1007],[-122.749,48.1109],[-122.7491,48.1168],[-122.7618,48.1303],[-122.762,48.1358],[-122.7548,48.1444],[-122.7839,48.1428],[-122.8307,48.1343],[-122.8382,48.1363],[-122.8512,48.1248],[-122.8815,48.1086],[-122.8852,48.1044],[-122.8794,48.0968],[-122.8794,48.0898],[-122.8912,48.0776],[-122.8751,48.075],[-122.8575,48.0655],[-122.8524,48.056],[-122.846,48.0528],[-122.854,48.0495],[-122.873,48.0473],[-122.8801,48.0411],[-122.882,48.0277],[-122.9271,48.0255],[-122.947,48.0268],[-122.9492,47.9926],[-122.9432,47.9919],[-122.9137,47.9778],[-122.8962,47.9771],[-122.8957,47.9739],[-122.882,47.969],[-122.8814,47.9544],[-122.8843,47.9467],[-122.8794,47.9441],[-122.8522,47.9402],[-122.8217,47.9259],[-122.8217,47.9542],[-122.8147,47.954],[-122.8218,47.9672],[-122.8218,47.9989],[-122.811,47.9991],[-122.8106,48.0422],[-122.7917,48.042],[-122.789,48.0492],[-122.7705,48.0479],[-122.7705,48.0528],[-122.7591,48.053]]]},"properties":{"ZCTA5CE10":"98368"}},{"type":"Feature","geometry":{"type":"Polygon","coordinates":[[[-122.2056,47.3434],[-122.2024,47.3508],[-122.1655,47.3489],[-122.1654,47.385],[-122.1708,47.3797],[-122.1814,47.3797],[-122.1814,47.3869],[-122.2311,47.3867],[-122.2268,47.3718],[-122.23,47.3701],[-122.2292,47.3538],[-122.2183,47.3538],[-122.2128,47.3576],[-122.2056,47.3434]]]},"properties":{"ZCTA5CE10":"98030"}},{"type":"Feature","geometry":{"type":"Polygon","coordinates":[[[-122.3297,47.3502],[-122.3248,47.3485],[-122.3341,47.3404],[-122.3132,47.3489],[-122.3094,47.3579],[-122.3006,47.3746],[-122.3005,47.3795],[-122.2866,47.4082],[-122.2812,47.4085],[-122.2844,47.4228],[-122.308,47.4228],[-122.3352,47.4233],[-122.3339,47.4101],[-122.3436,47.4085],[-122.3359,47.4032],[-122.3303,47.3917],[-122.331,47.3721],[-122.3297,47.3502]]]},"properties":{"ZCTA5CE10":"98198"}},{"type":"Feature","geometry":{"type":"Polygon","coordinates":[[[-122.2967,47.3578],[-122.2931,47.3456],[-122.2959,47.3196],[-122.3069,47.2897],[-122.2923,47.2949],[-122.2925,47.2644],[-122.298,47.2621],[-122.2937,47.2573],[-122.2623,47.2576],[-122.2608,47.2733],[-122.2464,47.2729],[-122.2464,47.2791],[-122.2394,47.2791],[-122.2365,47.2719],[-122.2307,47.2719],[-122.2324,47.3036],[-122.2287,47.3031],[-122.2278,47.3147],[-122.2324,47.3145],[-122.2323,47.3339],[-122.2266,47.3339],[-122.2269,47.3463],[-122.2267,47.35],[-122.2324,47.3537],[-122.2645,47.3537],[-122.2737,47.356],[-122.2901,47.3554],[-122.2967,47.3578]]]},"properties":{"ZCTA5CE10":"98001"}},{"type":"Feature","geometry":{"type":"Polygon","coordinates":[[[-122.3156,47.6188],[-122.2913,47.6189],[-122.2797,47.6164],[-122.2802,47.6262],[-122.2635,47.6243],[-122.2557,47.6471],[-122.3046,47.6474],[-122.3104,47.6471],[-122.316,47.6407],[-122.3125,47.6323],[-122.3156,47.6188]]]},"properties":{"ZCTA5CE10":"98112"}},{"type":"Feature","geometry":{"type":"Polygon","coordinates":[[[-122.1852,47.4741],[-122.1866,47.4231],[-122.17,47.4252],[-122.1615,47.4193],[-122.16,47.4232],[-122.144,47.4245],[-122.1438,47.4366],[-122.1373,47.4372],[-122.1276,47.429],[-122.122,47.4134],[-122.1014,47.4159],[-122.1015,47.4015],[-122.0936,47.4015],[-122.0979,47.3938],[-122.0833,47.3911],[-122.0802,47.4033],[-122.0846,47.4115],[-122.0818,47.4185],[-122.0744,47.4214],[-122.0613,47.4145],[-122.0507,47.4177],[-122.0635,47.4288],[-122.0611,47.4303],[-122.0772,47.4429],[-122.0736,47.4466],[-122.0796,47.458],[-122.0767,47.4599],[-122.0796,47.4698],[-122.1038,47.4693],[-122.1048,47.4662],[-122.1375,47.4703],[-122.1426,47.4661],[-122.1601,47.4695],[-122.1535,47.474],[-122.1685,47.4777],[-122.1805,47.4774],[-122.1852,47.4741]]]},"properties":{"ZCTA5CE10":"98058"}},{"type":"Feature","geometry":{"type":"Polygon","coordinates":[[[-122.1534,47.6606],[-122.1433,47.6606],[-122.1431,47.6279],[-122.1324,47.6327],[-122.1109,47.6461],[-122.1109,47.6276],[-122.0792,47.6275],[-122.0814,47.6342],[-122.0984,47.6487],[-122.0876,47.6574],[-122.0793,47.664],[-122.0817,47.6786],[-122.0915,47.6901],[-122.0899,47.6942],[-122.0787,47.6959],[-122.0843,47.7026],[-122.0838,47.7094],[-122.0779,47.7178],[-122.0876,47.7184],[-122.0941,47.7184],[-122.0997,47.7289],[-122.1126,47.7328],[-122.1102,47.7254],[-122.1157,47.721],[-122.1264,47.7213],[-122.1361,47.7336],[-122.1425,47.7256],[-122.1495,47.7257],[-122.1519,47.7186],[-122.1543,47.7114],[-122.1617,47.7115],[-122.1644,47.7041],[-122.1539,47.6861],[-122.1641,47.6854],[-122.164,47.6666],[-122.1587,47.6607],[-122.1534,47.6606]]]},"properties":{"ZCTA5CE10":"98052"}},{"type":"Feature","geometry":{"type":"Polygon","coordinates":[[[-122.1685,47.4777],[-122.1707,47.4847],[-122.1642,47.4849],[-122.1645,47.5165],[-122.1734,47.5197],[-122.1747,47.5249],[-122.1622,47.5239],[-122.1656,47.54],[-122.1906,47.5421],[-122.202,47.546],[-122.2082,47.5319],[-122.2254,47.5214],[-122.2166,47.5013],[-122.2106,47.4868],[-122.2075,47.4956],[-122.1969,47.5027],[-122.1922,47.4936],[-122.1966,47.4841],[-122.1805,47.4774],[-122.1685,47.4777]]]},"properties":{"ZCTA5CE10":"98056"}},{"type":"Feature","geometry":{"type":"Polygon","coordinates":[[[-122.1143,47.7956],[-122.1222,47.7937],[-122.11,47.7811],[-122.1093,47.7761],[-122.0995,47.7757],[-122.1046,47.7687],[-122.0998,47.7614],[-122.0897,47.7589],[-122.09,47.7502],[-122.0831,47.7515],[-122.08,47.738],[-122.0876,47.7184],[-122.0779,47.7178],[-122.0838,47.7094],[-122.0695,47.7061],[-122.0569,47.7114],[-122.0564,47.717],[-122.0346,47.7166],[-122.0337,47.7265],[-122.0286,47.7206],[-122.0191,47.7205],[-122.014,47.7141],[-122.0082,47.717],[-122.0123,47.7325],[-122.0235,47.7325],[-122.0247,47.7473],[-122.0087,47.744],[-122.0077,47.7753],[-122.0183,47.7754],[-122.0657,47.7756],[-122.066,47.7904],[-122.0776,47.7881],[-122.0967,47.7947],[-122.1025,47.7994],[-122.1143,47.7956]]]},"properties":{"ZCTA5CE10":"98077"}},{"type":"Feature","geometry":{"type":"Polygon","coordinates":[[[-122.3395,47.3224],[-122.3347,47.326],[-122.3341,47.3404],[-122.3248,47.3485],[-122.3297,47.3502],[-122.3391,47.3452],[-122.3679,47.3395],[-122.3808,47.3305],[-122.3974,47.3309],[-122.4039,47.3267],[-122.4226,47.3241],[-122.4183,47.3206],[-122.3358,47.2638],[-122.3346,47.2899],[-122.3449,47.2967],[-122.3324,47.3031],[-122.3347,47.3233],[-122.3395,47.3224]]]},"properties":{"ZCTA5CE10":"98023"}},{"type":"Feature","geometry":{"type":"Polygon","coordinates":[[[-122.2269,47.3463],[-122.2266,47.3339],[-122.2323,47.3339],[-122.2324,47.3145],[-122.2278,47.3147],[-122.2287,47.3031],[-122.2324,47.3036],[-122.2307,47.2719],[-122.23,47.2659],[-122.2169,47.2742],[-122.2008,47.2769],[-122.1922,47.2838],[-122.1921,47.2961],[-122.2061,47.3038],[-122.1975,47.3028],[-122.2084,47.3175],[-122.2046,47.3269],[-122.2125,47.3336],[-122.2056,47.3434],[-122.2128,47.3576],[-122.2183,47.3538],[-122.2292,47.3538],[-122.2324,47.3537],[-122.2267,47.35],[-122.2269,47.3463]]]},"properties":{"ZCTA5CE10":"98002"}},{"type":"Feature","geometry":{"type":"Polygon","coordinates":[[[-122.336,47.2559],[-122.3357,47.2426],[-122.3265,47.2379],[-122.314,47.2392],[-122.3099,47.2429],[-122.2939,47.2427],[-122.2937,47.2573],[-122.298,47.2621],[-122.3162,47.2612],[-122.3183,47.2574],[-122.3349,47.2576],[-122.336,47.2559]]]},"properties":{"ZCTA5CE10":"98354"}},{"type":"Feature","geometry":{"type":"Polygon","coordinates":[[[-122.5266,47.4051],[-122.5311,47.3917],[-122.5203,47.3787],[-122.5213,47.3709],[-122.5293,47.3628],[-122.5315,47.3436],[-122.521,47.3296],[-122.4943,47.3259],[-122.484,47.3319],[-122.4835,47.3386],[-122.4748,47.3424],[-122.4581,47.3384],[-122.4504,47.3401],[-122.4405,47.3582],[-122.4154,47.3715],[-122.372,47.3836],[-122.3703,47.3912],[-122.3941,47.4034],[-122.4178,47.405],[-122.4334,47.4093],[-122.4343,47.4159],[-122.4257,47.4177],[-122.4262,47.4261],[-122.4354,47.4376],[-122.4382,47.4535],[-122.4298,47.4637],[-122.4307,47.4696],[-122.4419,47.476],[-122.4446,47.4816],[-122.4548,47.487],[-122.4558,47.4947],[-122.448,47.5041],[-122.4511,47.5076],[-122.4683,47.5141],[-122.4803,47.5121],[-122.4855,47.4846],[-122.5011,47.4789],[-122.5027,47.4718],[-122.5159,47.4569],[-122.5186,47.4414],[-122.516,47.4317],[-122.5186,47.4158],[-122.5266,47.4051]]]},"properties":{"ZCTA5CE10":"98070"}},{"type":"Feature","geometry":{"type":"Polygon","coordinates":[[[-121.843,47.6161],[-121.8435,47.555],[-121.8332,47.5544],[-121.8287,47.5486],[-121.8429,47.5471],[-121.8376,47.5407],[-121.8447,47.5379],[-121.8515,47.5445],[-121.8655,47.5471],[-121.8874,47.5473],[-121.8937,47.5436],[-121.8907,47.5364],[-121.8819,47.5364],[-121.8818,47.5289],[-121.9087,47.5295],[-121.8955,47.5217],[-121.9012,47.5195],[-121.8968,47.5136],[-121.8834,47.5097],[-121.8845,47.5046],[-121.8792,47.5039],[-121.8619,47.4781],[-121.8463,47.4727],[-121.8434,47.4542],[-121.8323,47.4475],[-121.8227,47.4475],[-121.8227,47.4877],[-121.8397,47.506],[-121.8487,47.5091],[-121.8485,47.5139],[-121.8355,47.516],[-121.8082,47.5052],[-121.8074,47.5117],[-121.7889,47.5105],[-121.7861,47.5252],[-121.7766,47.5204],[-121.7612,47.5243],[-121.7595,47.5292],[-121.7394,47.5375],[-121.7192,47.5414],[-121.7107,47.549],[-121.7144,47.5585],[-121.7175,47.5966],[-121.7098,47.6241],[-121.6987,47.6356],[-121.7055,47.6443],[-121.7141,47.6493],[-121.7155,47.6428],[-121.7244,47.6421],[-121.7409,47.6523],[-121.7421,47.6696],[-121.7478,47.6748],[-121.7333,47.6875],[-121.7154,47.6889],[-121.7265,47.6927],[-121.7465,47.6927],[-121.7536,47.6988],[-121.7671,47.7005],[-121.7853,47.6981],[-121.7916,47.6936],[-121.792,47.6907],[-121.8124,47.6772],[-121.8076,47.674],[-121.8139,47.6695],[-121.8151,47.6599],[-121.8304,47.6515],[-121.8312,47.6267],[-121.8439,47.6225],[-121.843,47.6161]]]},"properties":{"ZCTA5CE10":"98065"}},{"type":"Feature","geometry":{"type":"Polygon","coordinates":[[[-122.3329,47.6061],[-122.3323,47.6054],[-122.3318,47.6066],[-122.3329,47.6061]]]},"properties":{"ZCTA5CE10":"98164"}},{"type":"Feature","geometry":{"type":"Polygon","coordinates":[[[-122.5096,47.546],[-122.5011,47.5294],[-122.488,47.5251],[-122.4802,47.5287],[-122.4772,47.5458],[-122.4918,47.5501],[-122.5096,47.546]]]},"properties":{"ZCTA5CE10":"98353"}},{"type":"Feature","geometry":{"type":"MultiPolygon","coordinates":[[[[-120.6305,46.655],[-120.6308,46.6455],[-120.6263,46.6414],[-120.6201,46.646],[-120.6305,46.655]]],[[[-120.6311,46.6747],[-120.6311,46.6719],[-120.6163,46.6663],[-120.6133,46.6556],[-120.594,46.6582],[-120.6007,46.6657],[-120.621,46.6744],[-120.6311,46.6747]]],[[[-120.6311,46.6747],[-120.6389,46.6817],[-120.6408,46.6949],[-120.6239,46.6946],[-120.6144,46.6993],[-120.6233,46.7115],[-120.6307,46.7154],[-120.6354,46.7258],[-120.6317,46.7385],[-120.6218,46.7386],[-120.6212,46.7445],[-120.6321,46.754],[-120.6396,46.7538],[-120.6738,46.7379],[-120.6853,46.741],[-120.702,46.7531],[-120.7285,46.7532],[-120.7233,46.7638],[-120.7271,46.7685],[-120.7331,46.7925],[-120.7532,46.7863],[-120.7577,46.7884],[-120.7951,46.7889],[-120.8115,46.7973],[-120.8237,46.8071],[-120.8484,46.8207],[-120.8834,46.8323],[-120.907,46.848],[-120.9159,46.8633],[-120.9135,46.8723],[-120.92,46.8759],[-120.9228,46.8914],[-120.915,46.8998],[-120.9234,46.9069],[-120.9154,46.9113],[-121.0265,46.9113],[-121.0264,46.9982],[-121.1209,46.9982],[-121.1324,47.0102],[-121.1361,47.0178],[-121.1508,47.0266],[-121.1555,47.0267],[-121.1658,47.0353],[-121.1788,47.0393],[-121.1812,47.0439],[-121.1895,47.0424],[-121.2094,47.0525],[-121.2178,47.0649],[-121.2521,47.0764],[-121.282,47.089],[-121.3023,47.0849],[-121.3108,47.0771],[-121.3337,47.0752],[-121.3416,47.0792],[-121.3599,47.0707],[-121.3664,47.0726],[-121.3797,47.0868],[-121.3836,47.083],[-121.3752,47.0731],[-121.377,47.0611],[-121.3736,47.0564],[-121.4003,47.0334],[-121.3946,47.0234],[-121.4045,47.0155],[-121.4104,46.996],[-121.4454,46.98],[-121.4419,46.973],[-121.458,46.9609],[-121.4523,46.9563],[-121.4493,46.9344],[-121.4565,46.9227],[-121.4649,46.9214],[-121.475,46.9138],[-121.4942,46.9091],[-121.5066,46.9003],[-121.5136,46.8918],[-121.5113,46.8881],[-121.5233,46.8733],[-121.5097,46.8695],[-121.5074,46.8644],[-121.4977,46.8637],[-121.4887,46.8432],[-121.4716,46.8292],[-121.4745,46.8203],[-121.4615,46.8118],[-121.4503,46.7977],[-121.4433,46.7945],[-121.4564,46.7837],[-121.4469,46.7682],[-121.4389,46.7628],[-121.4419,46.7578],[-121.4251,46.7578],[-121.4236,46.7532],[-121.4311,46.7429],[-121.4296,46.7395],[-121.4121,46.7356],[-121.4064,46.7273],[-121.3816,46.7288],[-121.3681,46.7261],[-121.3523,46.7124],[-121.3574,46.7125],[-121.3795,46.7025],[-121.3736,46.6907],[-121.3762,46.6859],[-121.3991,46.6877],[-121.4136,46.6753],[-121.4115,46.6654],[-121.4172,46.6554],[-121.413,46.6483],[-121.3947,46.6457],[-121.3987,46.6412],[-121.3865,46.6349],[-121.3896,46.627],[-121.3882,46.6169],[-121.4006,46.6102],[-121.4078,46.6009],[-121.4017,46.5932],[-121.4067,46.5814],[-121.4124,46.5786],[-121.241,46.5787],[-121.2311,46.5894],[-121.2186,46.5924],[-121.1944,46.6078],[-121.1612,46.6079],[-121.1518,46.6118],[-121.1499,46.6079],[-120.9122,46.6073],[-120.8878,46.6167],[-120.8879,46.6212],[-120.932,46.6416],[-120.9173,46.6462],[-120.9031,46.6573],[-120.8835,46.6828],[-120.8724,46.6871],[-120.8686,46.6953],[-120.8543,46.7039],[-120.8257,46.7066],[-120.8256,46.7174],[-120.815,46.7172],[-120.8087,46.7278],[-120.7966,46.7307],[-120.7862,46.7433],[-120.7687,46.746],[-120.7541,46.7426],[-120.7455,46.7363],[-120.7213,46.7306],[-120.7105,46.7202],[-120.7103,46.7112],[-120.7044,46.7055],[-120.6891,46.7004],[-120.6891,46.6949],[-120.6784,46.6951],[-120.6784,46.6877],[-120.6678,46.6848],[-120.6305,46.655],[-120.6305,46.6605],[-120.6473,46.6702],[-120.6533,46.6874],[-120.6311,46.6747]],[[-121.3212,46.8562],[-121.3195,46.8613],[-121.2856,46.8867],[-121.2777,46.8849],[-121.2958,46.8658],[-121.3063,46.8682],[-121.3129,46.8591],[-121.3212,46.8562]]]]},"properties":{"ZCTA5CE10":"98937"}},{"type":"Feature","geometry":{"type":"Polygon","coordinates":[[[-121.4837,45.7125],[-121.4817,45.723],[-121.4659,45.7208],[-121.4783,45.7293],[-121.4746,45.7394],[-121.4749,45.7544],[-121.4721,45.7609],[-121.4662,45.7576],[-121.466,45.7242],[-121.4526,45.7245],[-121.4512,45.7196],[-121.4349,45.7161],[-121.4198,45.7014],[-121.3943,45.6984],[-121.3833,45.7049],[-121.3835,45.6993],[-121.3726,45.7031],[-121.3513,45.7042],[-121.35,45.7183],[-121.3567,45.7333],[-121.3649,45.7403],[-121.3782,45.759],[-121.37,45.7782],[-121.3696,45.7875],[-121.3633,45.7891],[-121.3524,45.7986],[-121.3442,45.8011],[-121.3382,45.8111],[-121.3316,45.8119],[-121.3221,45.812],[-121.3221,45.8551],[-121.3153,45.8608],[-121.3218,45.8695],[-121.3221,45.8914],[-121.3848,45.8911],[-121.4025,45.8867],[-121.452,45.9103],[-121.4535,45.9168],[-121.4595,45.9049],[-121.4772,45.9045],[-121.5028,45.9102],[-121.508,45.9036],[-121.5267,45.903],[-121.5375,45.9062],[-121.5291,45.9273],[-121.5329,45.9294],[-121.5431,45.9242],[-121.5645,45.92],[-121.5622,45.9267],[-121.5671,45.9295],[-121.578,45.9279],[-121.5855,45.9306],[-121.5994,45.9245],[-121.5904,45.9186],[-121.5771,45.9166],[-121.5802,45.9061],[-121.5753,45.8914],[-121.5836,45.8869],[-121.5857,45.8777],[-121.5928,45.8771],[-121.5968,45.8619],[-121.589,45.8575],[-121.5832,45.8491],[-121.5751,45.8448],[-121.5849,45.8354],[-121.5996,45.836],[-121.6086,45.8426],[-121.6089,45.7826],[-121.6069,45.7826],[-121.5734,45.7824],[-121.5687,45.7723],[-121.5472,45.7662],[-121.5392,45.7702],[-121.5371,45.7607],[-121.521,45.7476],[-121.5249,45.7437],[-121.5213,45.732],[-121.5224,45.7247],[-121.4992,45.7208],[-121.4837,45.7125]]]},"properties":{"ZCTA5CE10":"98672"}},{"type":"Feature","geometry":{"type":"Polygon","coordinates":[[[-120.9425,45.6677],[-120.9426,45.6729],[-120.9318,45.6729],[-120.9318,45.6683],[-120.9083,45.6696],[-120.8835,45.6765],[-120.8436,45.6921],[-120.8501,45.6971],[-120.858,45.6968],[-120.8543,45.7043],[-120.8437,45.7078],[-120.8228,45.7078],[-120.8231,45.7296],[-120.8162,45.7308],[-120.823,45.7458],[-120.8233,45.7371],[-120.8346,45.7413],[-120.8439,45.7375],[-120.8442,45.7589],[-120.8636,45.7589],[-120.8642,45.7553],[-120.885,45.7551],[-120.8848,45.7972],[-120.9058,45.7957],[-120.9093,45.8134],[-120.9285,45.8127],[-120.9466,45.8088],[-120.9475,45.8041],[-120.9376,45.7958],[-120.9262,45.7958],[-120.9267,45.7813],[-120.9895,45.7817],[-120.9899,45.8034],[-121.0309,45.8033],[-121.0308,45.8211],[-121.0466,45.8199],[-121.0611,45.8217],[-121.0632,45.8251],[-121.0719,45.825],[-121.0724,45.7419],[-121.0876,45.7383],[-121.0874,45.7237],[-121.0722,45.7237],[-121.0723,45.7203],[-121.0929,45.7237],[-121.093,45.7092],[-121.0724,45.7091],[-121.0723,45.6948],[-121.0517,45.6948],[-121.0516,45.6708],[-121.04,45.6728],[-121.0349,45.6801],[-121.0142,45.6804],[-120.9681,45.667],[-120.9681,45.6731],[-120.9525,45.673],[-120.9425,45.6677]]]},"properties":{"ZCTA5CE10":"98613"}},{"type":"Feature","geometry":{"type":"Polygon","coordinates":[[[-122.2954,46.6499],[-122.2955,46.7026],[-122.3096,46.7152],[-122.31,46.7239],[-122.3167,46.7347],[-122.3153,46.745],[-122.3091,46.7519],[-122.3168,46.763],[-122.4811,46.7631],[-122.4901,46.7548],[-122.4921,46.745],[-122.4843,46.7316],[-122.49,46.7156],[-122.4994,46.7092],[-122.5251,46.7011],[-122.526,46.6894],[-122.52,46.6822],[-122.5364,46.6781],[-122.545,46.6688],[-122.524,46.6627],[-122.5353,46.664],[-122.5537,46.6573],[-122.5571,46.6506],[-122.5778,46.6447],[-122.5665,46.6402],[-122.5741,46.6274],[-122.5693,46.6252],[-122.5694,46.6167],[-122.5573,46.6162],[-122.5545,46.6061],[-122.5402,46.605],[-122.553,46.5904],[-122.5699,46.5998],[-122.5691,46.5915],[-122.5896,46.5854],[-122.5941,46.5754],[-122.5943,46.561],[-122.573,46.5609],[-122.573,46.5681],[-122.553,46.5683],[-122.5723,46.56],[-122.5706,46.5562],[-122.5793,46.5408],[-122.5784,46.5338],[-122.5579,46.5475],[-122.5539,46.5652],[-122.5414,46.5645],[-122.5264,46.5704],[-122.5227,46.5757],[-122.5056,46.5842],[-122.4951,46.5869],[-122.4947,46.5925],[-122.4786,46.5978],[-122.4689,46.5939],[-122.4691,46.6037],[-122.3804,46.6027],[-122.3726,46.6058],[-122.3807,46.6134],[-122.3675,46.6237],[-122.3478,46.6279],[-122.3463,46.6337],[-122.3252,46.6473],[-122.3072,46.6495],[-122.3084,46.6434],[-122.2954,46.6499]]]},"properties":{"ZCTA5CE10":"98533"}},{"type":"Feature","geometry":{"type":"Polygon","coordinates":[[[-122.6257,46.5466],[-122.5954,46.5462],[-122.5969,46.5306],[-122.591,46.5275],[-122.5882,46.5033],[-122.5762,46.5061],[-122.5659,46.516],[-122.5616,46.5363],[-122.5417,46.5442],[-122.5313,46.5557],[-122.5271,46.5449],[-122.5153,46.5554],[-122.5047,46.5571],[-122.4958,46.5488],[-122.4844,46.5529],[-122.4618,46.536],[-122.4472,46.541],[-122.4245,46.5345],[-122.3686,46.5215],[-122.3683,46.5313],[-122.3819,46.5249],[-122.3771,46.5331],[-122.3981,46.5334],[-122.3976,46.561],[-122.4273,46.5614],[-122.4276,46.5751],[-122.4479,46.5751],[-122.4481,46.5891],[-122.4688,46.5898],[-122.4689,46.5939],[-122.4786,46.5978],[-122.4947,46.5925],[-122.4951,46.5869],[-122.5056,46.5842],[-122.5227,46.5757],[-122.5264,46.5704],[-122.5414,46.5645],[-122.5539,46.5652],[-122.5579,46.5475],[-122.5784,46.5338],[-122.5793,46.5408],[-122.5706,46.5562],[-122.5723,46.56],[-122.553,46.5683],[-122.573,46.5681],[-122.573,46.5609],[-122.5943,46.561],[-122.6051,46.561],[-122.6063,46.554],[-122.6256,46.5538],[-122.6257,46.5466]]]},"properties":{"ZCTA5CE10":"98585"}},{"type":"Feature","geometry":{"type":"Polygon","coordinates":[[[-122.1272,46.7539],[-122.1156,46.7489],[-122.0826,46.7522],[-122.0648,46.7468],[-122.0605,46.7492],[-122.033,46.7416],[-122.0259,46.7356],[-122.0134,46.7369],[-121.9797,46.7343],[-121.9696,46.7357],[-121.9569,46.7327],[-121.9387,46.7333],[-121.9248,46.7304],[-121.901,46.7357],[-121.8873,46.7272],[-121.8508,46.7292],[-121.8326,46.7297],[-121.8181,46.7468],[-121.8038,46.7513],[-121.8053,46.7564],[-121.7909,46.7642],[-121.7878,46.7699],[-121.7589,46.7837],[-121.6262,46.7839],[-121.6214,46.7836],[-121.4564,46.7837],[-121.4433,46.7945],[-121.4503,46.7977],[-121.4615,46.8118],[-121.4745,46.8203],[-121.4716,46.8292],[-121.4887,46.8432],[-121.4977,46.8637],[-121.5074,46.8644],[-121.5097,46.8695],[-121.5233,46.8733],[-121.5113,46.8881],[-121.5136,46.8918],[-121.5066,46.9003],[-121.4942,46.9091],[-121.5034,46.9111],[-121.5068,46.9256],[-121.4999,46.9345],[-121.5005,46.9513],[-121.5187,46.9781],[-121.5412,46.9784],[-121.5345,46.9948],[-121.7013,46.996],[-121.8545,46.996],[-121.866,46.998],[-121.9033,47.0008],[-121.916,46.9966],[-121.9158,46.949],[-121.9133,46.9154],[-121.917,46.9049],[-121.9173,46.8581],[-121.9183,46.7644],[-121.9423,46.7645],[-121.9477,46.7626],[-121.9627,46.7649],[-122.045,46.764],[-122.0453,46.7989],[-122.0685,46.7966],[-122.1004,46.8134],[-122.1115,46.8226],[-122.1145,46.8353],[-122.1286,46.8353],[-122.1288,46.8209],[-122.1387,46.8208],[-122.1403,46.8394],[-122.1489,46.8434],[-122.1714,46.8393],[-122.1715,46.8208],[-122.176,46.8207],[-122.1565,46.8124],[-122.1465,46.7984],[-122.1505,46.7957],[-122.1657,46.8058],[-122.1628,46.7968],[-122.1561,46.793],[-122.1618,46.7887],[-122.1588,46.7831],[-122.1382,46.7778],[-122.1299,46.7719],[-122.1437,46.7608],[-122.1259,46.759],[-122.1272,46.7539]]]},"properties":{"ZCTA5CE10":"98304"}},{"type":"Feature","geometry":{"type":"Polygon","coordinates":[[[-117.9102,47.7947],[-117.9096,47.8034],[-117.8923,47.8027],[-117.8918,47.8118],[-117.8868,47.8111],[-117.8737,47.8177],[-117.8748,47.8253],[-117.8561,47.8225],[-117.8611,47.8183],[-117.8563,47.8137],[-117.8584,47.8065],[-117.8535,47.8032],[-117.8205,47.8031],[-117.8204,47.7887],[-117.8094,47.7886],[-117.7985,47.7814],[-117.7337,47.7811],[-117.7339,47.7871],[-117.734,47.8004],[-117.7125,47.8028],[-117.7129,47.8401],[-117.7202,47.8359],[-117.7314,47.8235],[-117.7388,47.8206],[-117.7362,47.8159],[-117.7448,47.8136],[-117.7447,47.8268],[-117.7238,47.8412],[-117.7127,47.8454],[-117.7,47.8606],[-117.7118,47.8577],[-117.7186,47.8493],[-117.7447,47.8402],[-117.7609,47.8385],[-117.7732,47.8459],[-117.7995,47.8456],[-117.8001,47.8549],[-117.7928,47.8588],[-117.7894,47.8538],[-117.7807,47.8536],[-117.7912,47.8678],[-117.7887,47.875],[-117.7792,47.8789],[-117.7777,47.8874],[-117.7693,47.9056],[-117.7718,47.9114],[-117.7689,47.9228],[-117.7614,47.921],[-117.7447,47.9269],[-117.741,47.9395],[-117.7586,47.9455],[-117.7665,47.9432],[-117.7776,47.9408],[-117.7853,47.9458],[-117.7808,47.9502],[-117.7753,47.966],[-117.7606,47.975],[-117.7546,47.9929],[-117.7387,47.9904],[-117.727,47.9949],[-117.7314,48.0018],[-117.8716,48.0019],[-117.9229,48.0024],[-117.9381,47.9955],[-117.9346,47.9766],[-117.9236,47.9748],[-117.9267,47.9823],[-117.9074,47.9961],[-117.9051,47.9815],[-117.899,47.976],[-117.9132,47.9707],[-117.9079,47.9634],[-117.9082,47.9259],[-117.8874,47.9141],[-117.8908,47.9016],[-117.9012,47.9036],[-117.9118,47.9008],[-117.9242,47.9032],[-117.9279,47.895],[-117.9257,47.8774],[-117.9097,47.8765],[-117.896,47.8789],[-117.9108,47.8715],[-117.9134,47.8648],[-117.8989,47.8609],[-117.8883,47.8617],[-117.8836,47.858],[-117.8907,47.8538],[-117.8932,47.8452],[-117.9024,47.8396],[-117.9184,47.8344],[-117.9251,47.8257],[-117.9351,47.8232],[-117.9487,47.8273],[-117.9419,47.823],[-117.9776,47.8305],[-117.9884,47.8298],[-117.9895,47.8174],[-117.9707,47.8173],[-117.965,47.81],[-117.9493,47.8099],[-117.9494,47.8028],[-117.9389,47.8031],[-117.9388,47.7958],[-117.9283,47.796],[-117.9227,47.7865],[-117.9102,47.7947]]]},"properties":{"ZCTA5CE10":"99013"}},{"type":"Feature","geometry":{"type":"Polygon","coordinates":[[[-117.9379,47.6607],[-117.9375,47.6216],[-117.9052,47.6218],[-117.9052,47.6249],[-117.8838,47.6207],[-117.8868,47.6119],[-117.8869,47.5794],[-117.8218,47.5798],[-117.8218,47.6146],[-117.798,47.6145],[-117.7979,47.646],[-117.7765,47.6436],[-117.7765,47.629],[-117.7703,47.629],[-117.7612,47.6214],[-117.7611,47.6289],[-117.7333,47.6289],[-117.7334,47.658],[-117.7118,47.6578],[-117.7119,47.6432],[-117.7279,47.6434],[-117.7279,47.6397],[-117.7066,47.6431],[-117.6889,47.661],[-117.7023,47.6747],[-117.6954,47.6818],[-117.7111,47.6834],[-117.7116,47.7013],[-117.7332,47.7014],[-117.7333,47.7698],[-117.7251,47.7688],[-117.7174,47.7808],[-117.7339,47.7871],[-117.7337,47.7811],[-117.7985,47.7814],[-117.8094,47.7886],[-117.8204,47.7887],[-117.8205,47.8031],[-117.8535,47.8032],[-117.8584,47.8065],[-117.8563,47.8137],[-117.8611,47.8183],[-117.8561,47.8225],[-117.8748,47.8253],[-117.8737,47.8177],[-117.8868,47.8111],[-117.8918,47.8118],[-117.8923,47.8027],[-117.9096,47.8034],[-117.9102,47.7947],[-117.9099,47.7918],[-117.8941,47.7816],[-117.8963,47.7725],[-117.8925,47.7689],[-117.8879,47.7508],[-117.9067,47.7423],[-117.9065,47.7307],[-117.9285,47.7305],[-117.9278,47.6944],[-117.9497,47.6942],[-117.9493,47.6753],[-117.9401,47.666],[-117.93,47.6676],[-117.9379,47.6607]]]},"properties":{"ZCTA5CE10":"99029"}},{"type":"Feature","geometry":{"type":"Polygon","coordinates":[[[-120.752,48.6575],[-120.7497,48.6537],[-120.7582,48.6441],[-120.7686,48.6442],[-120.7798,48.6308],[-120.789,48.6254],[-120.782,48.613],[-120.7839,48.6022],[-120.7601,48.583],[-120.7446,48.5786],[-120.7303,48.5829],[-120.7235,48.5882],[-120.7214,48.597],[-120.7047,48.5898],[-120.6886,48.5755],[-120.6854,48.5661],[-120.6997,48.5561],[-120.7089,48.542],[-120.7016,48.5316],[-120.6868,48.5306],[-120.6517,48.5366],[-120.649,48.5269],[-120.6548,48.523],[-120.6445,48.5143],[-120.6454,48.5247],[-120.632,48.5455],[-120.6313,48.5553],[-120.6361,48.5645],[-120.629,48.5785],[-120.6153,48.5897],[-120.6019,48.5963],[-120.5574,48.6012],[-120.5247,48.5973],[-120.5012,48.5884],[-120.4744,48.587],[-120.473,48.5787],[-120.4663,48.5856],[-120.4479,48.5939],[-120.4339,48.593],[-120.4184,48.5874],[-120.4094,48.5872],[-120.4047,48.5926],[-120.3716,48.5783],[-120.3759,48.5839],[-120.3672,48.5948],[-120.3703,48.6048],[-120.3688,48.6163],[-120.3629,48.6247],[-120.3743,48.6162],[-120.3784,48.6069],[-120.3889,48.6079],[-120.4092,48.6161],[-120.4381,48.6253],[-120.4312,48.6327],[-120.44,48.6429],[-120.4305,48.658],[-120.4371,48.6634],[-120.4363,48.6744],[-120.4579,48.6756],[-120.4856,48.6698],[-120.4965,48.6658],[-120.4941,48.6887],[-120.4896,48.6926],[-120.4921,48.7004],[-120.4998,48.7018],[-120.5067,48.7115],[-120.5052,48.7345],[-120.5192,48.7502],[-120.5298,48.7584],[-120.5547,48.7712],[-120.5704,48.7953],[-120.5718,48.8112],[-120.5646,48.8201],[-120.5821,48.8217],[-120.5953,48.8193],[-120.5971,48.8236],[-120.6164,48.8362],[-120.6176,48.8561],[-120.622,48.8612],[-120.6236,48.8804],[-120.6371,48.8967],[-120.6419,48.8851],[-120.658,48.8732],[-120.6666,48.8721],[-120.6829,48.8631],[-120.6807,48.8539],[-120.6997,48.8406],[-120.7024,48.8358],[-120.7376,48.8403],[-120.7362,48.8318],[-120.743,48.8235],[-120.7427,48.8118],[-120.7356,48.8038],[-120.7337,48.7829],[-120.7257,48.7733],[-120.7113,48.772],[-120.6995,48.7573],[-120.6922,48.756],[-120.6893,48.7454],[-120.6807,48.7415],[-120.6768,48.735],[-120.665,48.7331],[-120.6547,48.7242],[-120.658,48.7203],[-120.6699,48.7211],[-120.6812,48.7132],[-120.677,48.7015],[-120.681,48.6942],[-120.7033,48.6972],[-120.7119,48.6893],[-120.7189,48.6746],[-120.7168,48.6649],[-120.7328,48.6666],[-120.752,48.6575]]]},"properties":{"ZCTA5CE10":"98833"}},{"type":"Feature","geometry":{"type":"Polygon","coordinates":[[[-120.2381,48.0954],[-120.2359,48.0892],[-120.2192,48.0847],[-120.2135,48.0791],[-120.2008,48.0772],[-120.1874,48.0785],[-120.1706,48.0698],[-120.1433,48.0651],[-120.1347,48.0585],[-120.1348,48.0526],[-120.1425,48.0537],[-120.1283,48.0442],[-120.1032,48.0523],[-120.0674,48.0481],[-120.0489,48.0494],[-120.0364,48.0539],[-120.011,48.0778],[-120.0168,48.0853],[-120.0208,48.1005],[-120.0129,48.0996],[-120.0092,48.1013],[-120.0038,48.1087],[-120.0058,48.1194],[-119.9967,48.1312],[-119.9982,48.1352],[-119.9795,48.1377],[-119.9708,48.1454],[-119.9655,48.1566],[-119.9571,48.1647],[-119.9611,48.1752],[-119.9823,48.1845],[-119.9957,48.1973],[-120.0019,48.1954],[-119.9997,48.187],[-119.994,48.1879],[-119.9929,48.1776],[-120.0142,48.1789],[-120.0793,48.1791],[-120.0793,48.1662],[-120.0923,48.1791],[-120.1208,48.1792],[-120.1398,48.1624],[-120.1675,48.146],[-120.1701,48.1361],[-120.1668,48.13],[-120.1739,48.1223],[-120.1977,48.1116],[-120.214,48.1161],[-120.2279,48.1164],[-120.2282,48.108],[-120.2381,48.0954]],[[-120.0208,48.1005],[-120.014,48.1021],[-120.0089,48.1099],[-120.0049,48.1082],[-120.0133,48.1001],[-120.0208,48.1005]]]},"properties":{"ZCTA5CE10":"98834"}},{"type":"Feature","geometry":{"type":"Polygon","coordinates":[[[-119.9561,48.5579],[-119.9219,48.5568],[-119.9121,48.5539],[-119.9054,48.5563],[-119.895,48.5491],[-119.8783,48.5466],[-119.8597,48.5523],[-119.8215,48.5429],[-119.8237,48.5391],[-119.805,48.5419],[-119.7889,48.5294],[-119.7975,48.5221],[-119.7993,48.5138],[-119.7751,48.5017],[-119.7711,48.4972],[-119.7543,48.5044],[-119.7273,48.5028],[-119.7142,48.5064],[-119.7091,48.5214],[-119.7025,48.5241],[-119.7093,48.5351],[-119.7435,48.5461],[-119.7495,48.5556],[-119.7354,48.5649],[-119.7184,48.5649],[-119.6995,48.5702],[-119.6942,48.5815],[-119.6969,48.5951],[-119.706,48.5965],[-119.7102,48.6123],[-119.7048,48.6134],[-119.7057,48.622],[-119.6972,48.6439],[-119.696,48.6597],[-119.6836,48.678],[-119.688,48.6848],[-119.688,48.6998],[-119.7109,48.6928],[-119.7197,48.6929],[-119.7443,48.6877],[-119.755,48.6895],[-119.7787,48.6999],[-119.791,48.7072],[-119.8085,48.7098],[-119.8294,48.7166],[-119.8445,48.7166],[-119.8494,48.7127],[-119.8622,48.7114],[-119.8773,48.7016],[-119.8948,48.7002],[-119.9062,48.7048],[-119.9193,48.6962],[-119.9298,48.6825],[-119.9297,48.6777],[-119.9423,48.6704],[-119.9389,48.6548],[-119.9334,48.6471],[-119.9233,48.6441],[-119.9256,48.6361],[-119.9166,48.6242],[-119.923,48.61],[-119.9335,48.6011],[-119.943,48.5989],[-119.9573,48.5889],[-119.9624,48.5794],[-119.9565,48.5709],[-119.9561,48.5579]]]},"properties":{"ZCTA5CE10":"98819"}},{"type":"Feature","geometry":{"type":"Polygon","coordinates":[[[-123.9637,46.5621],[-123.841,46.562],[-123.8597,46.5719],[-123.8587,46.6098],[-123.8687,46.6026],[-123.8899,46.6025],[-123.8974,46.5974],[-123.9069,46.5976],[-123.9152,46.6033],[-123.9194,46.599],[-123.939,46.5989],[-123.9536,46.6063],[-123.9452,46.6114],[-123.9452,46.6204],[-123.9552,46.6351],[-123.9405,46.639],[-123.9389,46.6432],[-123.923,46.6497],[-124.0013,46.647],[-124.0013,46.6166],[-123.9826,46.6005],[-123.9637,46.5621]]]},"properties":{"ZCTA5CE10":"98527"}},{"type":"Feature","geometry":{"type":"Polygon","coordinates":[[[-124.0471,46.3259],[-124.0444,46.3322],[-124.0599,46.3303],[-124.0587,46.3386],[-124.0679,46.3388],[-124.0692,46.3303],[-124.0579,46.3212],[-124.0471,46.3259]]]},"properties":{"ZCTA5CE10":"98644"}},{"type":"Feature","geometry":{"type":"Polygon","coordinates":[[[-124.0869,46.7172],[-124.0735,46.6698],[-124.0648,46.6467],[-124.0732,46.6344],[-124.0725,46.601],[-124.0706,46.5934],[-124.0641,46.5365],[-124.0628,46.5091],[-124.0605,46.4998],[-124.0603,46.4649],[-124.0562,46.4648],[-124.0566,46.4465],[-124.034,46.4453],[-124.0266,46.4475],[-124.028,46.4595],[-124.0061,46.4585],[-124.0067,46.4615],[-124.0087,46.4808],[-124.0044,46.4986],[-123.9966,46.5033],[-123.955,46.5369],[-123.9637,46.5621],[-123.9826,46.6005],[-124.0013,46.6166],[-124.0013,46.647],[-124.0013,46.6766],[-124.0191,46.6871],[-124.0204,46.6902],[-124.0286,46.6984],[-124.0525,46.7112],[-124.064,46.7149],[-124.0869,46.7172]],[[-124.0305,46.5424],[-124.031,46.5491],[-124.0285,46.5491],[-124.0305,46.5424]]]},"properties":{"ZCTA5CE10":"98640"}},{"type":"Feature","geometry":{"type":"Polygon","coordinates":[[[-123.6438,46.3559],[-123.6234,46.3562],[-123.624,46.3355],[-123.6128,46.3283],[-123.6044,46.3287],[-123.5647,46.3205],[-123.5661,46.3126],[-123.5585,46.3116],[-123.5506,46.3054],[-123.5492,46.2989],[-123.5372,46.3149],[-123.5299,46.3133],[-123.5298,46.3211],[-123.5139,46.3317],[-123.5115,46.3394],[-123.5151,46.3454],[-123.523,46.3475],[-123.523,46.378],[-123.515,46.3836],[-123.4603,46.3837],[-123.4624,46.3897],[-123.4798,46.3942],[-123.4788,46.4013],[-123.466,46.4092],[-123.462,46.426],[-123.4672,46.4414],[-123.4831,46.44],[-123.516,46.441],[-123.5187,46.444],[-123.524,46.4347],[-123.5382,46.4372],[-123.547,46.4356],[-123.5544,46.4219],[-123.5656,46.4256],[-123.5739,46.4193],[-123.571,46.4103],[-123.5786,46.4058],[-123.5759,46.3998],[-123.5828,46.3889],[-123.5812,46.3841],[-123.6433,46.3845],[-123.6438,46.3559]]]},"properties":{"ZCTA5CE10":"98621"}},{"type":"Feature","geometry":{"type":"Polygon","coordinates":[[[-117.5005,48.443],[-117.5001,48.3268],[-117.488,48.3236],[-117.4735,48.3251],[-117.4603,48.3308],[-117.4413,48.33],[-117.4185,48.3147],[-117.3952,48.32],[-117.385,48.3278],[-117.3714,48.3301],[-117.3414,48.3236],[-117.2911,48.324],[-117.2936,48.3435],[-117.2897,48.344],[-117.2864,48.3273],[-117.2747,48.3169],[-117.2741,48.3288],[-117.2682,48.323],[-117.2611,48.3256],[-117.2611,48.3385],[-117.2705,48.3422],[-117.2745,48.3597],[-117.2752,48.3741],[-117.2673,48.3785],[-117.2659,48.3968],[-117.1887,48.3968],[-117.1808,48.4007],[-117.1755,48.3974],[-117.1669,48.3959],[-117.1582,48.401],[-117.1445,48.3964],[-117.1363,48.3966],[-117.1298,48.4096],[-117.1141,48.4093],[-117.1079,48.4019],[-117.1041,48.415],[-117.0829,48.4126],[-117.06,48.4246],[-117.0493,48.4271],[-117.0353,48.4382],[-117.0354,48.4999],[-117.0344,48.6285],[-117.0337,48.6553],[-117.1792,48.6563],[-117.1763,48.6476],[-117.1895,48.6177],[-117.1888,48.6148],[-117.2069,48.615],[-117.2409,48.6012],[-117.2499,48.5911],[-117.2602,48.5877],[-117.2685,48.5896],[-117.2718,48.6065],[-117.283,48.6062],[-117.2939,48.6184],[-117.2901,48.6218],[-117.2871,48.6382],[-117.2786,48.6414],[-117.286,48.6562],[-117.3257,48.6562],[-117.3188,48.6461],[-117.3271,48.6486],[-117.327,48.602],[-117.3288,48.6066],[-117.339,48.6065],[-117.3502,48.6022],[-117.3442,48.5887],[-117.3577,48.6026],[-117.3608,48.6216],[-117.37,48.6514],[-117.379,48.6704],[-117.3716,48.6501],[-117.3799,48.6552],[-117.3802,48.6635],[-117.3941,48.6779],[-117.4019,48.6779],[-117.3932,48.6635],[-117.3997,48.664],[-117.4125,48.6755],[-117.4106,48.6851],[-117.4046,48.6851],[-117.4026,48.6919],[-117.3952,48.6881],[-117.3924,48.6959],[-117.4039,48.7067],[-117.4108,48.7074],[-117.4106,48.693],[-117.4204,48.6862],[-117.4283,48.6886],[-117.4342,48.6797],[-117.4534,48.6845],[-117.4558,48.6733],[-117.4705,48.6728],[-117.4766,48.6587],[-117.4885,48.6518],[-117.4997,48.6529],[-117.5011,48.5574],[-117.5013,48.484],[-117.5005,48.443]]]},"properties":{"ZCTA5CE10":"99119"}},{"type":"Feature","geometry":{"type":"Polygon","coordinates":[[[-122.3265,47.2379],[-122.3205,47.2288],[-122.3205,47.2072],[-122.3417,47.2139],[-122.3576,47.2173],[-122.3593,47.2101],[-122.3572,47.1809],[-122.3577,47.17],[-122.3427,47.1665],[-122.3368,47.1699],[-122.2935,47.1698],[-122.2916,47.2],[-122.2939,47.2024],[-122.2939,47.2427],[-122.3099,47.2429],[-122.314,47.2392],[-122.3265,47.2379]]]},"properties":{"ZCTA5CE10":"98371"}},{"type":"Feature","geometry":{"type":"Polygon","coordinates":[[[-122.5515,47.2692],[-122.545,47.2639],[-122.5534,47.2466],[-122.5477,47.2517],[-122.5264,47.2555],[-122.5159,47.25],[-122.5158,47.254],[-122.5038,47.2548],[-122.4683,47.2554],[-122.4694,47.2733],[-122.4712,47.2709],[-122.5159,47.2711],[-122.5307,47.27],[-122.5334,47.2766],[-122.5441,47.2779],[-122.5515,47.2692]],[[-122.4841,47.2646],[-122.4779,47.2599],[-122.4841,47.2599],[-122.4841,47.2646]]]},"properties":{"ZCTA5CE10":"98406"}},{"type":"Feature","geometry":{"type":"Polygon","coordinates":[[[-122.1019,47.1355],[-122.1019,47.1337],[-122.0789,47.1353],[-122.0806,47.141],[-122.0989,47.141],[-122.1019,47.1355]]]},"properties":{"ZCTA5CE10":"98385"}},{"type":"Feature","geometry":{"type":"Polygon","coordinates":[[[-122.575,47.3256],[-122.5821,47.3307],[-122.6433,47.3294],[-122.6581,47.3305],[-122.6672,47.3353],[-122.6875,47.3343],[-122.7065,47.3183],[-122.719,47.2863],[-122.7106,47.2786],[-122.6811,47.2713],[-122.6685,47.281],[-122.6262,47.2719],[-122.6084,47.257],[-122.5913,47.2525],[-122.5631,47.2506],[-122.5515,47.2692],[-122.5441,47.2779],[-122.5412,47.2937],[-122.5603,47.3161],[-122.5718,47.3162],[-122.575,47.3256]]]},"properties":{"ZCTA5CE10":"98335"}},{"type":"Feature","geometry":{"type":"Polygon","coordinates":[[[-121.9724,47.1346],[-122.0116,47.1233],[-122.0189,47.1325],[-122.0316,47.1242],[-122.0321,47.1166],[-122.0414,47.1098],[-122.0645,47.1141],[-122.0814,47.1141],[-122.0771,47.1025],[-122.0631,47.0795],[-122.0571,47.0787],[-122.0515,47.086],[-122.0574,47.0937],[-122.0505,47.0989],[-122.0326,47.1026],[-122.0226,47.0958],[-122.0162,47.0868],[-122.0018,47.0767],[-122.0006,47.0547],[-121.9721,47.0547],[-121.9737,47.1123],[-121.9724,47.1346]]]},"properties":{"ZCTA5CE10":"98396"}},{"type":"Feature","geometry":{"type":"Polygon","coordinates":[[[-122.8519,47.252],[-122.834,47.2539],[-122.8244,47.2589],[-122.8309,47.2457],[-122.8219,47.2309],[-122.805,47.2234],[-122.7908,47.2245],[-122.7777,47.2208],[-122.765,47.2214],[-122.759,47.2139],[-122.7591,47.2208],[-122.7486,47.2272],[-122.7471,47.2355],[-122.7378,47.2356],[-122.7379,47.223],[-122.7271,47.2227],[-122.7273,47.2167],[-122.738,47.2085],[-122.7314,47.2068],[-122.7165,47.2192],[-122.7112,47.2305],[-122.6753,47.2513],[-122.6811,47.2713],[-122.7106,47.2786],[-122.719,47.2863],[-122.7065,47.3183],[-122.7133,47.3217],[-122.7202,47.3319],[-122.7287,47.3373],[-122.7312,47.3455],[-122.7633,47.3441],[-122.7582,47.3358],[-122.7599,47.3153],[-122.7529,47.3183],[-122.7532,47.3095],[-122.7689,47.2988],[-122.7642,47.2952],[-122.7823,47.2862],[-122.7909,47.2866],[-122.7939,47.2927],[-122.7885,47.2998],[-122.7928,47.3073],[-122.7945,47.32],[-122.7865,47.3422],[-122.8065,47.3435],[-122.8044,47.3357],[-122.8045,47.3274],[-122.8148,47.3068],[-122.8274,47.2939],[-122.8438,47.2812],[-122.85,47.2729],[-122.8519,47.252]]]},"properties":{"ZCTA5CE10":"98349"}},{"type":"Feature","geometry":{"type":"Polygon","coordinates":[[[-122.4425,47.1434],[-122.444,47.1457],[-122.4478,47.1441],[-122.4425,47.1434]]]},"properties":{"ZCTA5CE10":"98447"}},{"type":"Feature","geometry":{"type":"MultiPolygon","coordinates":[[[[-122.6126,48.6142],[-122.6148,48.611],[-122.605,48.6054],[-122.6013,48.6136],[-122.6126,48.6142]]],[[[-122.6668,48.6081],[-122.6574,48.6095],[-122.6638,48.6212],[-122.6731,48.6294],[-122.6981,48.6229],[-122.6833,48.6121],[-122.6668,48.6081]]],[[[-122.7119,48.4681],[-122.7104,48.4615],[-122.6995,48.4578],[-122.6891,48.4742],[-122.6856,48.4896],[-122.7041,48.4884],[-122.7136,48.4786],[-122.7119,48.4681]]],[[[-122.6523,48.55],[-122.6541,48.5383],[-122.6512,48.5306],[-122.635,48.5262],[-122.6218,48.5291],[-122.6033,48.5363],[-122.5894,48.5361],[-122.5756,48.5291],[-122.5752,48.5389],[-122.5838,48.5515],[-122.597,48.5542],[-122.6291,48.5721],[-122.6425,48.5882],[-122.6517,48.5848],[-122.6508,48.5694],[-122.6455,48.5582],[-122.6523,48.55]]],[[[-122.6919,48.5896],[-122.6937,48.5956],[-122.7137,48.6087],[-122.7254,48.602],[-122.7294,48.589],[-122.7404,48.5851],[-122.7365,48.5694],[-122.7218,48.5576],[-122.7221,48.5405],[-122.6984,48.5438],[-122.6865,48.5434],[-122.6818,48.5483],[-122.683,48.561],[-122.6712,48.5686],[-122.6779,48.5767],[-122.6882,48.5807],[-122.6919,48.5896]]],[[[-122.8425,48.5572],[-122.8403,48.4798],[-122.8058,48.4797],[-122.8061,48.4868],[-122.7901,48.4939],[-122.7856,48.5038],[-122.7671,48.5065],[-122.7665,48.5113],[-122.7747,48.5214],[-122.786,48.5289],[-122.8063,48.5296],[-122.827,48.5338],[-122.834,48.5417],[-122.8425,48.5572]]],[[[-122.5542,48.4446],[-122.5477,48.455],[-122.5278,48.4549],[-122.5278,48.4587],[-122.5151,48.4549],[-122.5148,48.4688],[-122.5363,48.4667],[-122.5463,48.4843],[-122.5593,48.5023],[-122.5859,48.501],[-122.5859,48.4976],[-122.6018,48.4998],[-122.6011,48.5111],[-122.5966,48.5134],[-122.5996,48.5224],[-122.6159,48.5224],[-122.6534,48.5109],[-122.6722,48.5067],[-122.6795,48.5101],[-122.6901,48.5088],[-122.6948,48.5007],[-122.7025,48.4998],[-122.7036,48.4915],[-122.6832,48.4904],[-122.6687,48.4841],[-122.6725,48.481],[-122.6676,48.4716],[-122.6563,48.4717],[-122.655,48.4538],[-122.6613,48.452],[-122.6655,48.4443],[-122.6771,48.4441],[-122.6746,48.4256],[-122.6635,48.4177],[-122.6674,48.4126],[-122.6552,48.4047],[-122.6263,48.4094],[-122.6145,48.414],[-122.6094,48.4238],[-122.5977,48.4229],[-122.5842,48.4274],[-122.5783,48.4353],[-122.5777,48.4461],[-122.5696,48.4477],[-122.5542,48.4446]]]]},"properties":{"ZCTA5CE10":"98221"}},{"type":"Feature","geometry":{"type":"Polygon","coordinates":[[[-122.8763,48.5847],[-122.8763,48.5935],[-122.8652,48.6013],[-122.8637,48.6131],[-122.8814,48.6256],[-122.8887,48.6184],[-122.9159,48.6148],[-122.9227,48.6238],[-122.9291,48.6162],[-122.9445,48.618],[-122.9448,48.6308],[-122.958,48.6319],[-122.9539,48.6284],[-122.9561,48.618],[-122.9491,48.5986],[-122.9649,48.5977],[-122.9267,48.5884],[-122.8763,48.5847]]]},"properties":{"ZCTA5CE10":"98280"}},{"type":"Feature","geometry":{"type":"Polygon","coordinates":[[[-122.7895,48.6814],[-122.8245,48.6811],[-122.8247,48.6667],[-122.8379,48.6665],[-122.8322,48.6543],[-122.8204,48.6524],[-122.836,48.645],[-122.8474,48.6491],[-122.856,48.6569],[-122.8655,48.6582],[-122.8664,48.6507],[-122.8517,48.6318],[-122.8525,48.6276],[-122.8672,48.6469],[-122.8739,48.6435],[-122.8819,48.6538],[-122.883,48.6667],[-122.8992,48.667],[-122.8874,48.649],[-122.8551,48.6202],[-122.8475,48.6094],[-122.8424,48.5854],[-122.8259,48.5862],[-122.8015,48.5897],[-122.7935,48.6025],[-122.7981,48.6169],[-122.778,48.6337],[-122.7545,48.6333],[-122.7498,48.6393],[-122.7397,48.6423],[-122.7466,48.6482],[-122.7356,48.6561],[-122.7363,48.6642],[-122.7626,48.6717],[-122.7895,48.6814]]]},"properties":{"ZCTA5CE10":"98279"}},{"type":"Feature","geometry":{"type":"Polygon","coordinates":[[[-123.05,48.6731],[-123.039,48.6721],[-123.0199,48.6757],[-123.0071,48.6831],[-123.0013,48.6908],[-123.0013,48.7201],[-123.013,48.7264],[-123.0474,48.7178],[-123.0492,48.7122],[-123.0625,48.7046],[-123.0755,48.7028],[-123.0753,48.6959],[-123.0505,48.6923],[-123.0475,48.684],[-123.05,48.6731]]]},"properties":{"ZCTA5CE10":"98297"}},{"type":"Feature","geometry":{"type":"Polygon","coordinates":[[[-121.6789,48.146],[-121.6839,48.1412],[-121.6709,48.1328],[-121.6674,48.1246],[-121.617,48.1247],[-121.6124,48.1315],[-121.6068,48.1311],[-121.6075,48.1386],[-121.6011,48.1604],[-121.5872,48.1676],[-121.5801,48.1762],[-121.5777,48.1853],[-121.5702,48.1911],[-121.5713,48.2086],[-121.5684,48.2189],[-121.5449,48.2057],[-121.5399,48.2005],[-121.5124,48.1877],[-121.4982,48.1856],[-121.4743,48.1732],[-121.4692,48.1666],[-121.4461,48.1585],[-121.4354,48.1347],[-121.4486,48.1232],[-121.4532,48.1222],[-121.4536,48.0712],[-121.473,48.0458],[-121.4578,48.0448],[-121.4501,48.0402],[-121.4441,48.0262],[-121.4352,48.0336],[-121.4363,48.0403],[-121.426,48.0566],[-121.4145,48.0561],[-121.4071,48.0687],[-121.3985,48.0733],[-121.39,48.0825],[-121.3867,48.0958],[-121.3648,48.0986],[-121.3337,48.0902],[-121.3241,48.0911],[-121.324,48.1253],[-121.1679,48.1255],[-121.1679,48.1356],[-120.9633,48.1356],[-120.9646,48.1411],[-120.9546,48.1481],[-120.9545,48.1525],[-120.9325,48.1571],[-120.9308,48.1616],[-120.9158,48.1594],[-120.9062,48.1638],[-120.9156,48.1789],[-120.9188,48.1906],[-120.9473,48.2019],[-120.9513,48.2091],[-120.9632,48.2107],[-120.9596,48.2282],[-120.9722,48.2351],[-120.9808,48.2495],[-121.0039,48.2672],[-121.0116,48.2804],[-121.0026,48.2859],[-121.0014,48.2955],[-121.1262,48.296],[-121.4155,48.2959],[-121.4177,48.3011],[-121.4385,48.3132],[-121.438,48.3202],[-121.4444,48.3297],[-121.4444,48.3839],[-121.5562,48.3839],[-121.6166,48.3845],[-121.6108,48.3664],[-121.6141,48.355],[-121.6235,48.3516],[-121.6385,48.3336],[-121.6406,48.3266],[-121.6375,48.316],[-121.6364,48.2985],[-121.6342,48.2895],[-121.6212,48.2832],[-121.629,48.2777],[-121.6138,48.2739],[-121.6508,48.2736],[-121.6613,48.2669],[-121.659,48.2595],[-121.6348,48.2455],[-121.6391,48.2379],[-121.6277,48.219],[-121.6285,48.2057],[-121.6334,48.1974],[-121.651,48.1824],[-121.6573,48.1726],[-121.6879,48.1699],[-121.6789,48.146]]]},"properties":{"ZCTA5CE10":"98241"}},{"type":"Feature","geometry":{"type":"Polygon","coordinates":[[[-122.483,48.4979],[-122.4818,48.5012],[-122.4611,48.5011],[-122.4609,48.4939],[-122.4444,48.4939],[-122.4445,48.4986],[-122.412,48.4956],[-122.4131,48.4988],[-122.3949,48.4928],[-122.378,48.4938],[-122.3776,48.5087],[-122.3585,48.5111],[-122.3584,48.5082],[-122.3393,48.5077],[-122.3434,48.5146],[-122.3555,48.5204],[-122.349,48.5242],[-122.3516,48.5431],[-122.3481,48.5725],[-122.344,48.5912],[-122.345,48.602],[-122.3355,48.6022],[-122.3456,48.6159],[-122.348,48.6093],[-122.3619,48.6258],[-122.3691,48.6249],[-122.3767,48.6375],[-122.3913,48.645],[-122.4886,48.6454],[-122.4642,48.626],[-122.4483,48.6228],[-122.4311,48.6034],[-122.4244,48.5995],[-122.4328,48.5816],[-122.4442,48.5745],[-122.4437,48.5698],[-122.4579,48.5679],[-122.4907,48.5804],[-122.4907,48.5705],[-122.4955,48.576],[-122.5396,48.5762],[-122.5493,48.5808],[-122.5552,48.5885],[-122.5606,48.582],[-122.5581,48.5743],[-122.5383,48.5752],[-122.5196,48.5668],[-122.504,48.5648],[-122.4982,48.5559],[-122.4974,48.5419],[-122.4855,48.5362],[-122.4826,48.5181],[-122.4873,48.5132],[-122.483,48.4979]]]},"properties":{"ZCTA5CE10":"98232"}},{"type":"Feature","geometry":{"type":"Polygon","coordinates":[[[-122.0719,48.5245],[-122.072,48.5157],[-122.0659,48.5212],[-122.0553,48.5234],[-122.0598,48.5265],[-122.0719,48.5245]]]},"properties":{"ZCTA5CE10":"98263"}},{"type":"Feature","geometry":{"type":"Polygon","coordinates":[[[-117.4165,47.6137],[-117.3779,47.6137],[-117.3793,47.6345],[-117.3736,47.6318],[-117.3776,47.6418],[-117.4114,47.6427],[-117.4366,47.6427],[-117.4295,47.6282],[-117.429,47.6238],[-117.4166,47.6182],[-117.4165,47.6137]]]},"properties":{"ZCTA5CE10":"99203"}},{"type":"Feature","geometry":{"type":"Polygon","coordinates":[[[-117.153,47.9377],[-117.1689,47.9265],[-117.176,47.9359],[-117.1894,47.9349],[-117.1913,47.946],[-117.1967,47.9462],[-117.1965,47.9589],[-117.2271,47.9591],[-117.2364,47.9481],[-117.2479,47.9509],[-117.2605,47.9588],[-117.2699,47.9591],[-117.2829,47.9694],[-117.2844,47.9911],[-117.2951,47.9863],[-117.307,47.9877],[-117.3066,48.0003],[-117.3205,47.9966],[-117.3477,48.0101],[-117.3497,48.0069],[-117.3496,47.9815],[-117.3604,47.9815],[-117.3604,47.9724],[-117.3658,47.9676],[-117.3616,47.9571],[-117.3534,47.9479],[-117.3531,47.9397],[-117.3857,47.9284],[-117.3904,47.9288],[-117.3902,47.9183],[-117.3849,47.9183],[-117.3812,47.9038],[-117.4337,47.9037],[-117.4219,47.8969],[-117.4138,47.8946],[-117.4042,47.8957],[-117.393,47.8939],[-117.3913,47.8933],[-117.3875,47.8896],[-117.3781,47.8745],[-117.3792,47.8681],[-117.362,47.8677],[-117.3684,47.8792],[-117.3543,47.8882],[-117.3579,47.8815],[-117.3563,47.8711],[-117.3373,47.8815],[-117.3361,47.8731],[-117.3395,47.8557],[-117.3258,47.8575],[-117.3257,47.8454],[-117.3042,47.8456],[-117.3043,47.8565],[-117.299,47.8601],[-117.2798,47.8605],[-117.2748,47.8631],[-117.2627,47.8603],[-117.2465,47.8689],[-117.2414,47.8614],[-117.2368,47.8552],[-117.2366,47.8696],[-117.2219,47.8761],[-117.1904,47.8779],[-117.1922,47.874],[-117.1796,47.874],[-117.175,47.8777],[-117.1741,47.8916],[-117.1506,47.9095],[-117.1565,47.9191],[-117.1489,47.9222],[-117.1547,47.9337],[-117.153,47.9377]]]},"properties":{"ZCTA5CE10":"99003"}},{"type":"Feature","geometry":{"type":"Polygon","coordinates":[[[-117.3761,47.7082],[-117.4112,47.7079],[-117.4128,47.6728],[-117.4111,47.6718],[-117.3684,47.6719],[-117.3467,47.6735],[-117.3469,47.6762],[-117.3637,47.6783],[-117.3634,47.6997],[-117.3755,47.7006],[-117.3761,47.7082]]]},"properties":{"ZCTA5CE10":"99207"}},{"type":"Feature","geometry":{"type":"Polygon","coordinates":[[[-117.1334,47.7637],[-117.1293,47.7527],[-117.1104,47.7526],[-117.1201,47.7463],[-117.1241,47.7393],[-117.1162,47.7129],[-117.1129,47.7089],[-117.097,47.7125],[-117.0802,47.7192],[-117.0797,47.713],[-117.0689,47.7131],[-117.0689,47.7003],[-117.0603,47.6965],[-117.0791,47.6862],[-117.0665,47.6902],[-117.0564,47.6967],[-117.0417,47.6977],[-117.0416,47.7353],[-117.0427,47.7609],[-117.042,47.8224],[-117.0426,47.8745],[-117.1101,47.8741],[-117.1098,47.8439],[-117.1307,47.8442],[-117.1306,47.8155],[-117.1452,47.8161],[-117.1456,47.8056],[-117.15,47.8012],[-117.1433,47.7965],[-117.1539,47.7914],[-117.1543,47.7692],[-117.142,47.7739],[-117.1263,47.776],[-117.1245,47.7689],[-117.1334,47.7637]]]},"properties":{"ZCTA5CE10":"99025"}},{"type":"Feature","geometry":{"type":"Polygon","coordinates":[[[-117.6492,47.9613],[-117.5349,47.9606],[-117.5347,47.9751],[-117.5183,47.9749],[-117.5235,47.9785],[-117.5233,47.9895],[-117.5347,47.9895],[-117.5347,48.0042],[-117.5116,48.004],[-117.5167,48.0094],[-117.5157,48.0182],[-117.5231,48.0186],[-117.5234,48.0478],[-117.4887,48.0476],[-117.4982,48.0513],[-117.5147,48.0535],[-117.5066,48.0638],[-117.5146,48.0997],[-117.5199,48.1107],[-117.5422,48.1003],[-117.5536,48.0793],[-117.5503,48.0712],[-117.5652,48.0691],[-117.565,48.0481],[-117.5407,48.0478],[-117.545,48.0426],[-117.545,48.0333],[-117.5869,48.0333],[-117.5871,48.0297],[-117.6003,48.0298],[-117.5904,48.0197],[-117.6018,48.0222],[-117.6092,48.0278],[-117.6085,48.019],[-117.6291,48.0191],[-117.6302,48.0046],[-117.6713,48.0043],[-117.672,47.9615],[-117.6492,47.9613]]]},"properties":{"ZCTA5CE10":"99110"}},{"type":"Feature","geometry":{"type":"Polygon","coordinates":[[[-117.4997,48.6529],[-117.4997,48.6562],[-117.6292,48.6558],[-117.6295,48.7427],[-117.5635,48.7425],[-117.5641,48.7499],[-117.5636,48.8367],[-117.4986,48.8369],[-117.4989,48.9228],[-117.4302,48.9231],[-117.4295,49.0005],[-117.6309,49.0006],[-117.6381,48.9957],[-117.6442,48.973],[-117.6739,48.9634],[-117.6846,48.9569],[-117.714,48.9479],[-117.7248,48.937],[-117.7366,48.9401],[-117.7608,48.932],[-117.7765,48.921],[-117.7675,48.9218],[-117.7672,48.9145],[-117.7735,48.9143],[-117.7951,48.8685],[-117.8125,48.8647],[-117.8043,48.8547],[-117.8152,48.8544],[-117.8134,48.8393],[-117.8238,48.8392],[-117.8222,48.8341],[-117.8464,48.829],[-117.8463,48.8134],[-117.8534,48.807],[-117.8626,48.8164],[-117.868,48.8094],[-117.8789,48.8095],[-117.8789,48.8022],[-117.8789,48.7712],[-117.8808,48.7394],[-117.8733,48.7375],[-117.8892,48.7357],[-117.9019,48.7466],[-117.9067,48.7472],[-117.9438,48.7289],[-117.9387,48.7224],[-117.9341,48.699],[-117.9445,48.6882],[-117.9434,48.6842],[-117.9545,48.6689],[-117.9557,48.6773],[-117.9628,48.6773],[-117.9676,48.6848],[-117.9776,48.6848],[-117.9772,48.6774],[-117.9987,48.6777],[-117.998,48.6552],[-117.9897,48.6551],[-117.9548,48.6552],[-117.9593,48.6414],[-117.9591,48.5979],[-117.9757,48.5961],[-117.9859,48.5995],[-117.9874,48.5818],[-117.9845,48.5675],[-118.0009,48.5674],[-118.0007,48.5536],[-118.0225,48.5535],[-118.0224,48.5346],[-118.039,48.5194],[-118.0469,48.5196],[-118.0512,48.5259],[-118.0608,48.5255],[-118.0591,48.5141],[-118.0632,48.5102],[-118.0697,48.4972],[-118.0562,48.4751],[-118.0645,48.4714],[-118.0613,48.4644],[-118.0657,48.4603],[-118.0666,48.4501],[-118.0556,48.4438],[-118.062,48.4402],[-118.0648,48.4284],[-118.073,48.4275],[-118.0732,48.4165],[-118.0666,48.412],[-118.0711,48.4062],[-118.0647,48.3977],[-118.0635,48.356],[-118.0561,48.3509],[-118.0314,48.3509],[-117.9551,48.3508],[-117.9553,48.3942],[-117.9773,48.3943],[-117.977,48.4233],[-117.9637,48.4232],[-117.9563,48.4286],[-117.9562,48.4233],[-117.9109,48.4234],[-117.9123,48.4163],[-117.9009,48.4163],[-117.9014,48.4091],[-117.8797,48.4092],[-117.8788,48.3955],[-117.8811,48.3808],[-117.8701,48.3811],[-117.868,48.4041],[-117.8541,48.4051],[-117.8688,48.4274],[-117.8567,48.4276],[-117.8506,48.4063],[-117.841,48.4053],[-117.8171,48.4092],[-117.8054,48.4071],[-117.8094,48.4168],[-117.7829,48.4167],[-117.7716,48.4145],[-117.76,48.4101],[-117.7429,48.4171],[-117.7374,48.4247],[-117.7237,48.429],[-117.7011,48.4214],[-117.6863,48.4206],[-117.6687,48.4291],[-117.6685,48.4126],[-117.6775,48.4126],[-117.6776,48.4058],[-117.6694,48.4057],[-117.6624,48.4007],[-117.6593,48.4237],[-117.6505,48.4237],[-117.6482,48.4172],[-117.638,48.4182],[-117.6381,48.4096],[-117.6186,48.4096],[-117.6187,48.416],[-117.6116,48.4215],[-117.6117,48.4149],[-117.6038,48.4149],[-117.5976,48.4263],[-117.5839,48.4297],[-117.5697,48.4281],[-117.5596,48.4232],[-117.5524,48.4261],[-117.5519,48.4319],[-117.5405,48.4474],[-117.5432,48.4591],[-117.5246,48.4477],[-117.5005,48.443],[-117.5013,48.484],[-117.5011,48.5574],[-117.4997,48.6529]],[[-117.744,48.9106],[-117.7468,48.9287],[-117.7374,48.926],[-117.744,48.9106]]]},"properties":{"ZCTA5CE10":"99114"}},{"type":"Feature","geometry":{"type":"Polygon","coordinates":[[[-117.7716,48.4145],[-117.7721,48.3805],[-117.7617,48.3806],[-117.7616,48.3673],[-117.7701,48.3567],[-117.7615,48.3585],[-117.7609,48.3375],[-117.7828,48.3373],[-117.7891,48.3289],[-117.8022,48.33],[-117.8173,48.3186],[-117.8266,48.3272],[-117.8338,48.3521],[-117.8527,48.3522],[-117.8424,48.3486],[-117.8304,48.3195],[-117.8271,48.3161],[-117.8493,48.3161],[-117.8676,48.3112],[-117.8678,48.2942],[-117.8891,48.2938],[-117.8891,48.301],[-117.9053,48.2974],[-117.9053,48.2938],[-117.927,48.2936],[-117.9375,48.2871],[-117.932,48.2795],[-117.891,48.2798],[-117.889,48.2772],[-117.8887,48.2513],[-117.9383,48.2517],[-117.9564,48.236],[-117.9752,48.2233],[-117.9857,48.2028],[-117.9773,48.1951],[-117.9755,48.1885],[-117.9889,48.1826],[-117.9873,48.1708],[-117.98,48.1613],[-117.982,48.146],[-117.9871,48.1367],[-117.9852,48.1304],[-117.9813,48.1197],[-117.9606,48.1125],[-117.9515,48.1131],[-117.9294,48.1087],[-117.9078,48.1137],[-117.9072,48.1236],[-117.8943,48.1257],[-117.8912,48.1295],[-117.9094,48.1427],[-117.9093,48.1514],[-117.914,48.1635],[-117.8968,48.1721],[-117.8942,48.185],[-117.8889,48.1914],[-117.8817,48.1916],[-117.8613,48.2068],[-117.8181,48.2081],[-117.8076,48.212],[-117.8073,48.2167],[-117.7954,48.2182],[-117.7858,48.2116],[-117.7622,48.2022],[-117.745,48.2031],[-117.7267,48.218],[-117.7154,48.2211],[-117.7154,48.2082],[-117.6936,48.2083],[-117.6928,48.1983],[-117.681,48.1793],[-117.6701,48.1803],[-117.6725,48.1945],[-117.6601,48.1922],[-117.6611,48.176],[-117.6574,48.162],[-117.6473,48.1704],[-117.6308,48.1716],[-117.6245,48.1779],[-117.6155,48.1787],[-117.6071,48.1695],[-117.5956,48.1803],[-117.5915,48.1892],[-117.5792,48.1936],[-117.585,48.1878],[-117.5781,48.1778],[-117.5644,48.1776],[-117.5649,48.1943],[-117.518,48.1951],[-117.5124,48.1999],[-117.5022,48.2004],[-117.5021,48.2091],[-117.5,48.248],[-117.5001,48.3268],[-117.5005,48.443],[-117.5246,48.4477],[-117.5432,48.4591],[-117.5405,48.4474],[-117.5519,48.4319],[-117.5524,48.4261],[-117.5596,48.4232],[-117.5697,48.4281],[-117.5839,48.4297],[-117.5976,48.4263],[-117.6038,48.4149],[-117.6117,48.4149],[-117.6116,48.4215],[-117.6187,48.416],[-117.6186,48.4096],[-117.6381,48.4096],[-117.638,48.4182],[-117.6482,48.4172],[-117.6505,48.4237],[-117.6593,48.4237],[-117.6624,48.4007],[-117.6694,48.4057],[-117.6776,48.4058],[-117.6775,48.4126],[-117.6685,48.4126],[-117.6687,48.4291],[-117.6863,48.4206],[-117.7011,48.4214],[-117.7237,48.429],[-117.7374,48.4247],[-117.7429,48.4171],[-117.76,48.4101],[-117.7716,48.4145]]]},"properties":{"ZCTA5CE10":"99109"}},{"type":"Feature","geometry":{"type":"Polygon","coordinates":[[[-117.0398,46.4254],[-117.0397,46.5877],[-117.0924,46.5877],[-117.0934,46.566],[-117.1097,46.5623],[-117.1119,46.5426],[-117.1247,46.5427],[-117.1286,46.5358],[-117.141,46.5281],[-117.1632,46.5285],[-117.1762,46.5244],[-117.1794,46.4786],[-117.175,46.4734],[-117.18,46.4622],[-117.2002,46.4848],[-117.1982,46.5046],[-117.2111,46.5237],[-117.2329,46.5102],[-117.2414,46.523],[-117.2499,46.5431],[-117.2527,46.5431],[-117.2444,46.5222],[-117.2325,46.5056],[-117.2321,46.497],[-117.2386,46.4821],[-117.2379,46.4701],[-117.2323,46.4635],[-117.2141,46.4562],[-117.2059,46.4479],[-117.2146,46.4336],[-117.211,46.4248],[-117.199,46.4198],[-117.1804,46.4218],[-117.1525,46.4304],[-117.133,46.4276],[-117.1163,46.4213],[-117.0888,46.4172],[-117.0699,46.4263],[-117.0518,46.43],[-117.0398,46.4254]]]},"properties":{"ZCTA5CE10":"99179"}},{"type":"Feature","geometry":{"type":"Polygon","coordinates":[[[-117.1717,47.182],[-117.1712,47.1601],[-117.139,47.1599],[-117.1402,47.1526],[-117.1647,47.1417],[-117.174,47.1412],[-117.1864,47.1457],[-117.1922,47.1342],[-117.2006,47.126],[-117.1959,47.1233],[-117.1555,47.1234],[-117.1491,47.1087],[-117.1241,47.1088],[-117.1323,47.0943],[-117.139,47.0942],[-117.1378,47.0746],[-117.1493,47.0742],[-117.1544,47.0796],[-117.2139,47.0788],[-117.2038,47.068],[-117.1892,47.0683],[-117.1846,47.0646],[-117.182,47.0721],[-117.1469,47.0716],[-117.1402,47.0642],[-117.1167,47.0639],[-117.1167,47.034],[-117.1215,47.0136],[-117.1307,47.0054],[-117.1189,47.0114],[-117.0908,47.0082],[-117.0691,47.0073],[-117.0603,47.02],[-117.0399,47.0196],[-117.0396,47.0954],[-117.0399,47.1818],[-117.0652,47.1818],[-117.069,47.1853],[-117.0688,47.2038],[-117.0858,47.204],[-117.0856,47.182],[-117.1285,47.1812],[-117.1288,47.1959],[-117.1407,47.1963],[-117.1613,47.1852],[-117.1717,47.182]]]},"properties":{"ZCTA5CE10":"99128"}},{"type":"Feature","geometry":{"type":"Polygon","coordinates":[[[-120.6305,46.655],[-120.6678,46.6848],[-120.6784,46.6877],[-120.6785,46.6803],[-120.6854,46.6803],[-120.6931,46.6755],[-120.6783,46.6588],[-120.6922,46.6577],[-120.685,46.6482],[-120.7361,46.6562],[-120.7468,46.6552],[-120.7637,46.6608],[-120.8064,46.6631],[-120.8094,46.6645],[-120.8349,46.6632],[-120.8504,46.6461],[-120.8682,46.6341],[-120.8805,46.6216],[-120.8879,46.6212],[-120.8878,46.6167],[-120.888,46.6071],[-120.8448,46.6072],[-120.8451,46.5938],[-120.8288,46.5735],[-120.8188,46.567],[-120.8208,46.5511],[-120.7917,46.55],[-120.7754,46.551],[-120.7471,46.5584],[-120.7389,46.5572],[-120.6994,46.5639],[-120.6423,46.5639],[-120.6363,46.5678],[-120.6362,46.5748],[-120.6096,46.5749],[-120.6043,46.5711],[-120.5688,46.571],[-120.562,46.5747],[-120.5621,46.6191],[-120.5569,46.6236],[-120.5569,46.6263],[-120.5763,46.6304],[-120.5786,46.6477],[-120.5781,46.6625],[-120.5835,46.6645],[-120.5817,46.6797],[-120.5881,46.6837],[-120.5943,46.6806],[-120.5943,46.6947],[-120.6076,46.6947],[-120.6144,46.6993],[-120.6239,46.6946],[-120.6408,46.6949],[-120.6389,46.6817],[-120.6311,46.6747],[-120.6533,46.6874],[-120.6473,46.6702],[-120.6305,46.6605],[-120.6305,46.655]],[[-120.6305,46.655],[-120.6201,46.646],[-120.6263,46.6414],[-120.6308,46.6455],[-120.6305,46.655]],[[-120.6311,46.6747],[-120.621,46.6744],[-120.6007,46.6657],[-120.594,46.6582],[-120.6133,46.6556],[-120.6163,46.6663],[-120.6311,46.6719],[-120.6311,46.6747]]]},"properties":{"ZCTA5CE10":"98908"}},{"type":"Feature","geometry":{"type":"Polygon","coordinates":[[[-119.5576,46.963],[-119.5578,46.945],[-119.5624,46.9405],[-119.55,46.9435],[-119.5224,46.9457],[-119.5149,46.9489],[-119.5155,46.9132],[-119.4957,46.9131],[-119.496,46.8974],[-119.4746,46.8977],[-119.475,46.8756],[-119.5052,46.8752],[-119.5052,46.8691],[-119.4588,46.8584],[-119.3691,46.82],[-119.3691,46.7956],[-119.3694,46.7377],[-119.3689,46.6782],[-119.3037,46.6784],[-119.3036,46.6677],[-119.2999,46.6639],[-119.3036,46.6534],[-119.3044,46.6049],[-119.2898,46.6054],[-119.2581,46.6257],[-119.2576,46.6352],[-119.2406,46.6435],[-119.2402,46.6056],[-119.2213,46.6057],[-119.2157,46.6202],[-119.1771,46.6199],[-119.1766,46.6719],[-119.157,46.6618],[-119.1566,46.6697],[-119.1503,46.6731],[-119.141,46.666],[-119.128,46.6648],[-119.1139,46.6649],[-119.1135,46.7083],[-119.1122,46.7381],[-119.0724,46.738],[-118.9843,46.7365],[-118.9844,46.7657],[-118.9202,46.7653],[-118.9199,46.7363],[-118.8191,46.7355],[-118.7858,46.7644],[-118.7692,46.7788],[-118.7498,46.7907],[-118.7726,46.7934],[-118.7725,46.8366],[-118.8062,46.8361],[-118.8077,46.821],[-118.8175,46.8174],[-118.8302,46.8173],[-118.8356,46.8223],[-118.8351,46.8814],[-118.8561,46.8811],[-118.8563,46.8519],[-118.8986,46.8522],[-118.898,46.9114],[-118.9403,46.9114],[-118.9409,46.8818],[-118.983,46.8822],[-118.9829,46.8894],[-118.9933,46.8895],[-118.9936,46.8823],[-119.0467,46.8825],[-119.0465,46.9114],[-119.1334,46.9122],[-119.2374,46.9123],[-119.2425,46.9152],[-119.2375,46.9243],[-119.247,46.9473],[-119.2556,46.9495],[-119.2629,46.9631],[-119.2604,46.9744],[-119.267,46.9854],[-119.292,46.9837],[-119.3654,46.983],[-119.3852,46.9794],[-119.4006,46.9817],[-119.4442,46.9709],[-119.4627,46.9688],[-119.4694,46.9646],[-119.5028,46.9657],[-119.5119,46.9608],[-119.5418,46.961],[-119.5576,46.963]]]},"properties":{"ZCTA5CE10":"99344"}},{"type":"Feature","geometry":{"type":"Polygon","coordinates":[[[-120.666,48.4518],[-120.6964,48.4519],[-120.6944,48.4491],[-120.7121,48.4395],[-120.7176,48.4322],[-120.7361,48.4336],[-120.7599,48.4326],[-120.759,48.4207],[-120.7775,48.4165],[-120.7847,48.4102],[-120.8094,48.4086],[-120.8439,48.3905],[-120.8386,48.3799],[-120.8542,48.3697],[-120.8519,48.3605],[-120.8422,48.3574],[-120.8197,48.3563],[-120.8009,48.3386],[-120.7773,48.3459],[-120.7662,48.3475],[-120.7571,48.3444],[-120.7562,48.339],[-120.7467,48.3366],[-120.7332,48.3433],[-120.7321,48.3168],[-120.7194,48.3151],[-120.7002,48.3178],[-120.6848,48.3096],[-120.6914,48.2912],[-120.6966,48.2895],[-120.6948,48.2819],[-120.6941,48.254],[-120.6907,48.248],[-120.6813,48.2461],[-120.6697,48.2497],[-120.6542,48.2588],[-120.6326,48.2582],[-120.6277,48.2417],[-120.6296,48.2348],[-120.623,48.2243],[-120.6134,48.2243],[-120.6042,48.2127],[-120.582,48.2001],[-120.5543,48.1933],[-120.548,48.1983],[-120.5426,48.1956],[-120.5148,48.1588],[-120.4999,48.1544],[-120.4981,48.1462],[-120.4921,48.1433],[-120.4902,48.1264],[-120.4919,48.1109],[-120.486,48.102],[-120.4732,48.094],[-120.4619,48.083],[-120.4588,48.0741],[-120.4288,48.0572],[-120.3997,48.0489],[-120.383,48.049],[-120.373,48.0444],[-120.3606,48.0428],[-120.3309,48.0667],[-120.3229,48.0774],[-120.325,48.0823],[-120.3399,48.0745],[-120.3306,48.0913],[-120.3454,48.1049],[-120.3266,48.1082],[-120.3146,48.1163],[-120.3072,48.1147],[-120.3021,48.1207],[-120.2933,48.1177],[-120.2972,48.1129],[-120.3015,48.0887],[-120.2928,48.085],[-120.2834,48.1039],[-120.2777,48.106],[-120.2629,48.0952],[-120.2495,48.0971],[-120.2381,48.0954],[-120.2588,48.1106],[-120.2648,48.1103],[-120.281,48.1241],[-120.2907,48.1295],[-120.3174,48.1243],[-120.3271,48.1295],[-120.334,48.14],[-120.3459,48.1431],[-120.358,48.1557],[-120.3625,48.1688],[-120.3577,48.1836],[-120.3527,48.1864],[-120.3464,48.1992],[-120.359,48.2204],[-120.378,48.2184],[-120.3837,48.222],[-120.39,48.23],[-120.3849,48.2326],[-120.3919,48.243],[-120.4167,48.2495],[-120.4308,48.2514],[-120.4432,48.2607],[-120.4508,48.2602],[-120.4675,48.2685],[-120.4682,48.2773],[-120.4767,48.2779],[-120.4936,48.294],[-120.5065,48.3026],[-120.5122,48.3119],[-120.5256,48.3072],[-120.5516,48.3071],[-120.5617,48.3156],[-120.5836,48.3192],[-120.589,48.3229],[-120.5837,48.3278],[-120.585,48.3354],[-120.5767,48.3453],[-120.5687,48.3482],[-120.5659,48.3589],[-120.5597,48.3607],[-120.5674,48.3762],[-120.5859,48.3804],[-120.5888,48.3845],[-120.5997,48.3855],[-120.6112,48.3946],[-120.6216,48.3987],[-120.6307,48.3966],[-120.6503,48.3977],[-120.6449,48.4013],[-120.646,48.4123],[-120.6556,48.4307],[-120.6513,48.4368],[-120.6636,48.4416],[-120.666,48.4518]]]},"properties":{"ZCTA5CE10":"98852"}},{"type":"Feature","geometry":{"type":"Polygon","coordinates":[[[-120.4112,47.4863],[-120.4223,47.4915],[-120.4222,47.4977],[-120.4486,47.5074],[-120.463,47.5166],[-120.4456,47.5021],[-120.4584,47.5001],[-120.4532,47.4793],[-120.4452,47.4708],[-120.4458,47.462],[-120.4371,47.4603],[-120.4362,47.4434],[-120.4251,47.4471],[-120.422,47.4444],[-120.4101,47.449],[-120.4111,47.4538],[-120.4036,47.4582],[-120.3891,47.4602],[-120.3999,47.4723],[-120.399,47.4822],[-120.4112,47.4863]]]},"properties":{"ZCTA5CE10":"98836"}},{"type":"Feature","geometry":{"type":"Polygon","coordinates":[[[-120.3503,47.7091],[-120.336,47.7145],[-120.3433,47.7172],[-120.3446,47.7242],[-120.354,47.7312],[-120.3632,47.7312],[-120.368,47.7384],[-120.3796,47.7288],[-120.368,47.7285],[-120.4026,47.7177],[-120.4116,47.7081],[-120.4124,47.696],[-120.4035,47.6957],[-120.381,47.7011],[-120.3585,47.7038],[-120.3503,47.7091]]]},"properties":{"ZCTA5CE10":"98811"}},{"type":"Feature","geometry":{"type":"Polygon","coordinates":[[[-119.9784,47.8007],[-119.9847,47.8044],[-119.9847,47.8113],[-119.997,47.7956],[-120.0116,47.7828],[-120.0205,47.7793],[-120.0034,47.7791],[-119.9927,47.7832],[-119.9784,47.8007]]]},"properties":{"ZCTA5CE10":"98817"}},{"type":"Feature","geometry":{"type":"Polygon","coordinates":[[[-124.631,47.8958],[-124.6162,47.8805],[-124.6144,47.8696],[-124.5783,47.8699],[-124.5713,47.8523],[-124.5603,47.8447],[-124.565,47.8417],[-124.5591,47.8271],[-124.5403,47.824],[-124.518,47.8153],[-124.5124,47.7981],[-124.5279,47.7863],[-124.4415,47.7071],[-124.3981,47.5336],[-124.2182,47.5335],[-124.2231,47.5343],[-124.2151,47.553],[-124.1948,47.5516],[-124.1728,47.5657],[-124.147,47.5745],[-124.1422,47.5718],[-124.1306,47.5747],[-124.1203,47.5736],[-124.1067,47.5811],[-124.1096,47.5916],[-124.096,47.6012],[-124.0855,47.5994],[-124.08,47.6065],[-124.0728,47.604],[-124.0616,47.6109],[-124.0529,47.6087],[-124.0349,47.6124],[-124.0353,47.617],[-124.0235,47.6214],[-124.0176,47.6283],[-124.0118,47.6233],[-123.9966,47.6245],[-123.9762,47.6302],[-123.972,47.6368],[-123.9519,47.6349],[-123.9535,47.6385],[-123.9353,47.6415],[-123.9431,47.6488],[-123.9331,47.6555],[-123.9344,47.6614],[-123.9263,47.6684],[-123.9171,47.6681],[-123.9184,47.6738],[-123.9005,47.6751],[-123.8927,47.6815],[-123.8532,47.6897],[-123.8438,47.6872],[-123.8393,47.6911],[-123.8245,47.6887],[-123.8184,47.693],[-123.7808,47.6951],[-123.7697,47.6986],[-123.7482,47.6999],[-123.7417,47.7074],[-123.6964,47.7074],[-123.6967,47.8811],[-123.7987,47.8811],[-123.7987,47.8815],[-123.9973,47.8814],[-124.0123,47.8812],[-124.2727,47.8816],[-124.2685,47.89],[-124.2748,47.8941],[-124.2619,47.8979],[-124.2585,47.9062],[-124.2679,47.9093],[-124.2731,47.9312],[-124.2628,47.9301],[-124.2818,47.9441],[-124.2851,47.9508],[-124.2781,47.957],[-124.3024,47.966],[-124.3357,47.9673],[-124.333,47.9711],[-124.3623,47.9697],[-124.3755,47.9749],[-124.372,47.9851],[-124.363,47.9941],[-124.3789,47.9957],[-124.3703,48.0018],[-124.3679,48.0089],[-124.3742,48.0204],[-124.3838,48.023],[-124.3859,48.0347],[-124.3934,48.012],[-124.3996,48.0099],[-124.4025,47.9956],[-124.4183,47.9925],[-124.4224,47.9861],[-124.4333,47.9818],[-124.4302,47.9761],[-124.4399,47.9723],[-124.4396,47.9994],[-124.4534,47.9985],[-124.4546,47.9952],[-124.4707,47.9973],[-124.4853,48.0084],[-124.4987,48.014],[-124.5064,48.01],[-124.5322,48.0062],[-124.5439,48.0125],[-124.5491,48.0096],[-124.5812,48.0074],[-124.6009,48.013],[-124.6013,48.0187],[-124.6181,48.0317],[-124.6223,48.038],[-124.6277,48.0403],[-124.654,48.0353],[-124.6582,48.0213],[-124.6736,48.0232],[-124.6792,48.0184],[-124.6803,48.0013],[-124.6706,47.9824],[-124.6749,47.9653],[-124.6654,47.9644],[-124.6674,47.9574],[-124.6615,47.9474],[-124.6533,47.9446],[-124.6452,47.9354],[-124.6396,47.9203],[-124.6386,47.9153],[-124.6307,47.9198],[-124.5902,47.9122],[-124.5902,47.8934],[-124.6008,47.8903],[-124.6114,47.8944],[-124.631,47.8958]]]},"properties":{"ZCTA5CE10":"98331"}},{"type":"Feature","geometry":{"type":"Polygon","coordinates":[[[-122.647,46.0225],[-122.6693,46.0251],[-122.6693,46.0109],[-122.6807,46.0111],[-122.6804,46.0036],[-122.6998,46.0035],[-122.704,45.9892],[-122.7161,45.978],[-122.7407,45.9783],[-122.7524,45.9747],[-122.7526,45.9676],[-122.7702,45.9577],[-122.7698,45.9602],[-122.7931,45.9548],[-122.8038,45.958],[-122.8122,45.9545],[-122.8062,45.9324],[-122.8115,45.9127],[-122.7981,45.8843],[-122.785,45.8677],[-122.7855,45.8505],[-122.7733,45.8574],[-122.7359,45.8706],[-122.7188,45.8654],[-122.7113,45.873],[-122.722,45.8806],[-122.7218,45.8952],[-122.7013,45.8955],[-122.7012,45.8983],[-122.6722,45.8991],[-122.6563,45.9012],[-122.6495,45.9069],[-122.6496,45.9131],[-122.6392,45.9131],[-122.6391,45.9271],[-122.6323,45.9186],[-122.6134,45.9267],[-122.5975,45.9269],[-122.5962,45.9242],[-122.5773,45.9248],[-122.5563,45.9311],[-122.5564,45.9254],[-122.5304,45.9286],[-122.5207,45.9326],[-122.4931,45.9291],[-122.4934,45.9385],[-122.4654,45.9387],[-122.4519,45.9422],[-122.4525,45.9666],[-122.4744,45.9751],[-122.4911,45.9775],[-122.5233,45.9779],[-122.5432,45.9643],[-122.5487,45.9643],[-122.5574,45.9538],[-122.5633,45.9524],[-122.5809,45.9563],[-122.5798,45.9596],[-122.5957,45.9586],[-122.6079,45.9604],[-122.6071,45.9674],[-122.5967,45.9673],[-122.5957,45.9762],[-122.5862,45.9818],[-122.5861,45.9966],[-122.5957,45.9966],[-122.5979,46.0067],[-122.6264,46.0118],[-122.6321,46.0155],[-122.6442,46.0157],[-122.647,46.0225]]]},"properties":{"ZCTA5CE10":"98674"}},{"type":"Feature","geometry":{"type":"Polygon","coordinates":[[[-122.5631,45.6421],[-122.5438,45.6429],[-122.489,45.643],[-122.4811,45.6407],[-122.4568,45.6388],[-122.4476,45.6432],[-122.4668,45.6564],[-122.4553,45.6559],[-122.4519,45.647],[-122.4449,45.6506],[-122.4067,45.6501],[-122.4172,45.6569],[-122.4,45.6569],[-122.3932,45.661],[-122.3935,45.6943],[-122.4243,45.6941],[-122.4215,45.7014],[-122.437,45.7164],[-122.4408,45.7099],[-122.4555,45.7011],[-122.4606,45.6902],[-122.4762,45.6902],[-122.4763,45.6939],[-122.4958,45.692],[-122.4958,45.7084],[-122.5061,45.7084],[-122.5061,45.7002],[-122.5164,45.7011],[-122.5164,45.7083],[-122.5527,45.708],[-122.5526,45.6673],[-122.5544,45.6637],[-122.57,45.657],[-122.5631,45.6421]]]},"properties":{"ZCTA5CE10":"98682"}},{"type":"Feature","geometry":{"type":"Polygon","coordinates":[[[-118.1667,46.1367],[-118.2048,46.1236],[-118.2199,46.1169],[-118.2366,46.1201],[-118.2366,46.1069],[-118.2421,46.1031],[-118.2421,46.093],[-118.2001,46.0932],[-118.1998,46.0859],[-118.1793,46.0859],[-118.1731,46.0787],[-118.0745,46.0786],[-118.0492,46.064],[-117.9929,46.0627],[-117.9913,46.2078],[-118.0621,46.2078],[-118.0685,46.2207],[-118.0758,46.2257],[-118.0752,46.2382],[-118.0793,46.2451],[-118.0827,46.2665],[-118.072,46.2678],[-118.0539,46.2661],[-118.0539,46.2806],[-118.0957,46.2809],[-118.0957,46.2772],[-118.1166,46.2791],[-118.1161,46.2955],[-118.1317,46.2954],[-118.1328,46.3033],[-118.1189,46.3244],[-118.1075,46.3318],[-118.1063,46.3416],[-118.1167,46.3398],[-118.1185,46.3453],[-118.1115,46.3714],[-118.1229,46.3729],[-118.1093,46.3898],[-118.0958,46.3899],[-118.0891,46.3938],[-118.0823,46.3892],[-118.0681,46.3935],[-118.0541,46.3941],[-118.0538,46.4119],[-118.0744,46.4121],[-118.0744,46.4412],[-118.0861,46.4527],[-118.0956,46.4413],[-118.1163,46.4411],[-118.1167,46.4705],[-118.1675,46.4702],[-118.1712,46.4626],[-118.1841,46.4485],[-118.1769,46.4455],[-118.1691,46.4264],[-118.1894,46.426],[-118.1893,46.3969],[-118.1998,46.3968],[-118.1998,46.3842],[-118.2102,46.382],[-118.2103,46.3679],[-118.2418,46.3675],[-118.2418,46.2807],[-118.2834,46.2809],[-118.2836,46.2534],[-118.2941,46.2508],[-118.2937,46.2375],[-118.3033,46.2375],[-118.3041,46.225],[-118.3082,46.2171],[-118.3018,46.2055],[-118.3068,46.1882],[-118.3044,46.1758],[-118.3104,46.1672],[-118.3007,46.1646],[-118.2876,46.1652],[-118.2772,46.1618],[-118.2599,46.164],[-118.2523,46.1686],[-118.2458,46.1806],[-118.2264,46.1868],[-118.2192,46.1797],[-118.2001,46.1712],[-118.2105,46.1568],[-118.1883,46.1613],[-118.1615,46.1617],[-118.1499,46.1678],[-118.134,46.1727],[-118.1323,46.1579],[-118.1539,46.1382],[-118.1667,46.1367]]]},"properties":{"ZCTA5CE10":"99361"}},{"type":"Feature","geometry":{"type":"Polygon","coordinates":[[[-123.0244,46.3159],[-123.0252,46.3211],[-123.0333,46.3238],[-123.0352,46.3323],[-123.0442,46.3448],[-123.0319,46.3441],[-123.0166,46.336],[-123.0142,46.3454],[-122.9894,46.3439],[-122.9898,46.3875],[-123.0468,46.388],[-123.0913,46.3879],[-123.1389,46.3869],[-123.1509,46.3839],[-123.1492,46.3744],[-123.1549,46.3688],[-123.1549,46.3567],[-123.1344,46.3569],[-123.1345,46.3426],[-123.1142,46.3427],[-123.1138,46.3282],[-123.0828,46.3283],[-123.081,46.3236],[-123.0513,46.316],[-123.0481,46.304],[-123.0401,46.3059],[-123.0301,46.3024],[-123.0238,46.309],[-123.0312,46.3098],[-123.0373,46.3182],[-123.0244,46.3159]]]},"properties":{"ZCTA5CE10":"98581"}},{"type":"Feature","geometry":{"type":"Polygon","coordinates":[[[-122.7353,46.2277],[-122.7328,46.2321],[-122.7374,46.2423],[-122.6685,46.2418],[-122.6681,46.2272],[-122.5998,46.2267],[-122.5535,46.227],[-122.5534,46.2562],[-122.4699,46.2561],[-122.4064,46.2556],[-122.3651,46.2542],[-122.3649,46.2701],[-122.3243,46.2695],[-122.3242,46.2985],[-122.3035,46.2986],[-122.3022,46.3223],[-122.3022,46.3857],[-122.3637,46.386],[-122.3639,46.387],[-122.4455,46.3871],[-122.5801,46.3877],[-122.7026,46.3873],[-122.7032,46.3759],[-122.6875,46.3617],[-122.7053,46.3513],[-122.7093,46.3416],[-122.7255,46.3301],[-122.7247,46.3351],[-122.7363,46.3425],[-122.7461,46.3221],[-122.7458,46.3031],[-122.7649,46.2927],[-122.7747,46.2925],[-122.766,46.2854],[-122.7707,46.2795],[-122.7668,46.2607],[-122.7608,46.2543],[-122.7826,46.2573],[-122.7764,46.248],[-122.7856,46.2464],[-122.7774,46.2435],[-122.7525,46.242],[-122.7353,46.2277]]]},"properties":{"ZCTA5CE10":"98649"}},{"type":"Feature","geometry":{"type":"MultiPolygon","coordinates":[[[[-118.5473,48.9531],[-118.5359,48.9565],[-118.5343,48.9662],[-118.5629,48.9627],[-118.5473,48.9531]]],[[[-118.5473,48.9531],[-118.5574,48.9408],[-118.5712,48.9498],[-118.5777,48.9633],[-118.5873,48.9733],[-118.5776,48.9846],[-118.5791,49.0003],[-118.8369,49.0003],[-118.8355,48.9107],[-118.8365,48.827],[-118.8268,48.8263],[-118.8119,48.8092],[-118.8091,48.8282],[-118.8027,48.828],[-118.7907,48.8361],[-118.7812,48.8298],[-118.7729,48.8337],[-118.7685,48.8291],[-118.7602,48.8473],[-118.7483,48.8355],[-118.7469,48.8284],[-118.7397,48.8283],[-118.7017,48.8282],[-118.7005,48.8344],[-118.6916,48.8442],[-118.677,48.8469],[-118.6738,48.8535],[-118.6651,48.8576],[-118.6526,48.8578],[-118.6465,48.869],[-118.6369,48.8723],[-118.6369,48.8278],[-118.6242,48.8278],[-118.6147,48.8327],[-118.5926,48.8334],[-118.5924,48.8276],[-118.5315,48.8274],[-118.5346,48.8247],[-118.5181,48.8196],[-118.5142,48.8117],[-118.5169,48.8024],[-118.5083,48.8066],[-118.5012,48.8017],[-118.4934,48.8058],[-118.4977,48.7949],[-118.4773,48.7936],[-118.4679,48.7879],[-118.4589,48.775],[-118.4438,48.7716],[-118.4325,48.7618],[-118.4244,48.759],[-118.3827,48.7622],[-118.379,48.7657],[-118.3901,48.7767],[-118.3954,48.7849],[-118.399,48.7878],[-118.3989,48.7914],[-118.4097,48.797],[-118.401,48.8018],[-118.3895,48.8085],[-118.3882,48.8141],[-118.3982,48.8192],[-118.3859,48.82],[-118.3856,48.8238],[-118.4045,48.8236],[-118.4097,48.8302],[-118.4186,48.8288],[-118.4198,48.845],[-118.4029,48.8512],[-118.4033,48.8586],[-118.3952,48.8639],[-118.4171,48.8626],[-118.4236,48.8672],[-118.4341,48.8671],[-118.4733,48.8816],[-118.4511,48.8906],[-118.4472,48.9055],[-118.4665,48.9073],[-118.467,48.9123],[-118.4798,48.9176],[-118.4892,48.9154],[-118.5152,48.9196],[-118.5321,48.9297],[-118.5359,48.9356],[-118.5549,48.9377],[-118.5473,48.9531]]]]},"properties":{"ZCTA5CE10":"99118"}},{"type":"Feature","geometry":{"type":"Polygon","coordinates":[[[-118.4353,48.7409],[-118.4396,48.7319],[-118.4338,48.7235],[-118.4429,48.7165],[-118.4451,48.7019],[-118.4374,48.7008],[-118.4387,48.6895],[-118.4436,48.6856],[-118.4428,48.6749],[-118.4376,48.6695],[-118.4403,48.6617],[-118.4401,48.6449],[-118.4368,48.6407],[-118.4436,48.6292],[-118.444,48.621],[-118.4215,48.6243],[-118.4114,48.6235],[-118.3937,48.6179],[-118.372,48.6144],[-118.3718,48.6098],[-118.345,48.5969],[-118.3065,48.5876],[-118.2965,48.5785],[-118.2818,48.5774],[-118.2407,48.5795],[-118.2459,48.568],[-118.3186,48.5677],[-118.3227,48.5618],[-118.3365,48.5526],[-118.3476,48.549],[-118.3872,48.5489],[-118.41,48.5533],[-118.417,48.5516],[-118.4279,48.5425],[-118.4094,48.5248],[-118.4003,48.5189],[-118.3818,48.5126],[-118.3493,48.5166],[-118.3381,48.5139],[-118.3287,48.4965],[-118.3095,48.4908],[-118.2962,48.4818],[-118.2862,48.4813],[-118.1892,48.4816],[-118.2065,48.4703],[-118.2122,48.4577],[-118.2119,48.4497],[-118.2029,48.4422],[-118.2004,48.4263],[-118.2024,48.4187],[-118.1805,48.4183],[-118.1872,48.4304],[-118.1976,48.4313],[-118.2017,48.4426],[-118.197,48.4512],[-118.1748,48.45],[-118.163,48.4579],[-118.1606,48.4656],[-118.1528,48.471],[-118.1511,48.4805],[-118.1446,48.4899],[-118.1351,48.4958],[-118.1366,48.5097],[-118.1307,48.5188],[-118.1259,48.5191],[-118.1263,48.5337],[-118.1096,48.5281],[-118.1081,48.5216],[-118.0949,48.5168],[-118.0867,48.517],[-118.0632,48.5102],[-118.0591,48.5141],[-118.0608,48.5255],[-118.0512,48.5259],[-118.0469,48.5196],[-118.039,48.5194],[-118.0224,48.5346],[-118.0225,48.5535],[-118.0007,48.5536],[-118.0009,48.5674],[-117.9845,48.5675],[-117.9874,48.5818],[-117.9859,48.5995],[-117.9757,48.5961],[-117.9591,48.5979],[-117.9593,48.6414],[-117.9548,48.6552],[-117.9897,48.6551],[-117.9968,48.6456],[-118.0066,48.6466],[-118.0036,48.6533],[-118.0107,48.6546],[-118.0122,48.6458],[-118.0533,48.6512],[-118.0609,48.6536],[-118.0486,48.6556],[-118.0387,48.6626],[-118.0678,48.6626],[-118.069,48.6623],[-118.0756,48.6626],[-118.0643,48.6683],[-118.0373,48.673],[-118.0171,48.6822],[-118.0146,48.6927],[-118.0243,48.7064],[-118.036,48.714],[-118.0524,48.7358],[-118.0545,48.7447],[-118.0522,48.7548],[-118.0318,48.7668],[-118.008,48.7764],[-118.0009,48.7886],[-118.0014,48.7945],[-118.0099,48.8029],[-118.0066,48.8077],[-117.9896,48.8155],[-117.9945,48.8168],[-117.9784,48.8208],[-117.9554,48.8148],[-117.9434,48.8164],[-117.9319,48.8273],[-117.926,48.8435],[-117.911,48.8537],[-117.8883,48.8629],[-117.8769,48.8724],[-117.8608,48.8744],[-117.8473,48.8787],[-117.8407,48.8899],[-117.8224,48.899],[-117.8377,48.9082],[-117.8234,48.9198],[-117.796,48.9328],[-117.8088,48.9442],[-117.8105,48.9565],[-117.8144,48.9606],[-117.831,48.9581],[-117.8563,48.9605],[-117.8657,48.9538],[-117.8929,48.9521],[-117.9045,48.9535],[-117.9178,48.9642],[-117.9371,48.9839],[-117.9319,48.9999],[-118.0011,49.0004],[-118.1968,49.0003],[-118.1975,48.9938],[-118.22,48.9974],[-118.2059,48.9874],[-118.2162,48.9842],[-118.2217,48.9705],[-118.2072,48.9631],[-118.2146,48.9533],[-118.2217,48.9371],[-118.2178,48.9288],[-118.2016,48.915],[-118.1961,48.914],[-118.2032,48.9015],[-118.2095,48.8998],[-118.2145,48.8882],[-118.2127,48.8761],[-118.1985,48.8673],[-118.2044,48.8576],[-118.1981,48.8402],[-118.1876,48.8368],[-118.1932,48.8259],[-118.2175,48.8186],[-118.2412,48.7947],[-118.248,48.7633],[-118.2519,48.7555],[-118.2712,48.7455],[-118.2817,48.7446],[-118.2992,48.7476],[-118.3103,48.7529],[-118.375,48.7621],[-118.3835,48.7734],[-118.3888,48.7768],[-118.3976,48.7878],[-118.3975,48.7908],[-118.4024,48.7936],[-118.401,48.8018],[-118.4097,48.797],[-118.3989,48.7914],[-118.399,48.7878],[-118.3954,48.7849],[-118.3901,48.7767],[-118.379,48.7657],[-118.3827,48.7622],[-118.4244,48.759],[-118.429,48.7556],[-118.4353,48.7409]]]},"properties":{"ZCTA5CE10":"99141"}},{"type":"Feature","geometry":{"type":"Polygon","coordinates":[[[-119.227,46.5005],[-119.2196,46.5007],[-119.2059,46.4915],[-119.1954,46.4907],[-119.1953,46.4776],[-119.1848,46.4823],[-119.1836,46.4762],[-119.1742,46.4754],[-119.1742,46.4597],[-119.1323,46.4598],[-119.1326,46.4529],[-119.1389,46.4496],[-119.1285,46.4454],[-119.0809,46.4453],[-119.0668,46.434],[-119.058,46.431],[-119.0365,46.4311],[-119.0301,46.4456],[-119.0177,46.448],[-119.0247,46.4312],[-118.9777,46.4312],[-118.9089,46.4299],[-118.8939,46.4418],[-118.9132,46.441],[-118.92,46.4361],[-118.9314,46.4382],[-118.9257,46.4529],[-118.931,46.4595],[-118.9762,46.4601],[-118.987,46.4664],[-118.9871,46.4722],[-118.977,46.4794],[-118.9318,46.4939],[-118.922,46.5028],[-118.9295,46.5069],[-118.929,46.5225],[-118.9353,46.5269],[-118.9273,46.5466],[-118.92,46.5476],[-118.9052,46.5654],[-118.9113,46.5677],[-118.9201,46.5639],[-118.9407,46.5679],[-118.9566,46.5602],[-118.9778,46.554],[-118.9906,46.5437],[-119.0015,46.5434],[-119.0071,46.5468],[-119.0279,46.5471],[-119.0293,46.5326],[-119.0493,46.5326],[-119.0495,46.518],[-119.0985,46.518],[-119.132,46.519],[-119.132,46.4952],[-119.1406,46.507],[-119.1457,46.5084],[-119.1498,46.5196],[-119.1877,46.5196],[-119.2127,46.5103],[-119.2381,46.507],[-119.227,46.5005]]]},"properties":{"ZCTA5CE10":"99330"}},{"type":"Feature","geometry":{"type":"Polygon","coordinates":[[[-118.6516,46.7359],[-118.6516,46.7006],[-118.6572,46.682],[-118.6686,46.6677],[-118.6933,46.662],[-118.6931,46.6488],[-118.6509,46.6487],[-118.6501,46.6068],[-118.653,46.6001],[-118.6497,46.5916],[-118.5837,46.5561],[-118.5724,46.574],[-118.5693,46.5856],[-118.5763,46.5907],[-118.5766,46.6044],[-118.5938,46.6048],[-118.5809,46.6215],[-118.5699,46.6313],[-118.5678,46.6377],[-118.5546,46.6375],[-118.5611,46.6271],[-118.5472,46.5946],[-118.5349,46.5735],[-118.5422,46.5665],[-118.5372,46.5616],[-118.528,46.5677],[-118.4965,46.5755],[-118.4759,46.5951],[-118.4673,46.5986],[-118.4526,46.597],[-118.4232,46.5837],[-118.3897,46.5806],[-118.3617,46.598],[-118.3225,46.6068],[-118.3057,46.6055],[-118.2872,46.5949],[-118.2739,46.5938],[-118.2577,46.5996],[-118.2443,46.6007],[-118.2289,46.5936],[-118.2195,46.6033],[-118.2189,46.6133],[-118.2229,46.6293],[-118.2283,46.6381],[-118.2337,46.6585],[-118.2289,46.6641],[-118.2507,46.6675],[-118.258,46.6657],[-118.2652,46.6566],[-118.2743,46.6634],[-118.2877,46.6686],[-118.3078,46.6688],[-118.3339,46.6775],[-118.3742,46.6783],[-118.3593,46.6978],[-118.352,46.7177],[-118.3409,46.7239],[-118.3443,46.7361],[-118.3811,46.7179],[-118.4144,46.7001],[-118.4228,46.6969],[-118.4327,46.708],[-118.4316,46.7263],[-118.4271,46.7368],[-118.5055,46.7368],[-118.6114,46.7364],[-118.6516,46.7359]]]},"properties":{"ZCTA5CE10":"99335"}},{"type":"Feature","geometry":{"type":"Polygon","coordinates":[[[-119.9866,46.9718],[-119.9662,46.9438],[-119.9632,46.9188],[-119.9658,46.8893],[-119.965,46.8636],[-119.9545,46.8676],[-119.9378,46.8432],[-119.939,46.8359],[-119.9206,46.8157],[-119.9206,46.8214],[-119.8832,46.8282],[-119.8612,46.8282],[-119.8361,46.8318],[-119.832,46.8296],[-119.8163,46.8314],[-119.7904,46.8324],[-119.791,46.8391],[-119.7847,46.847],[-119.791,46.8469],[-119.7905,46.8839],[-119.8121,46.8844],[-119.8542,46.8832],[-119.9178,46.8836],[-119.9183,46.9135],[-119.9205,46.9291],[-119.9411,46.9315],[-119.9483,46.971],[-119.9866,46.9718]]]},"properties":{"ZCTA5CE10":"99321"}},{"type":"Feature","geometry":{"type":"Polygon","coordinates":[[[-119.8664,47.0733],[-119.8508,47.0741],[-119.8577,47.0851],[-119.8663,47.0785],[-119.8664,47.0733]]]},"properties":{"ZCTA5CE10":"98824"}},{"type":"Feature","geometry":{"type":"Polygon","coordinates":[[[-123.6959,47.5177],[-123.7994,47.5178],[-123.8085,47.5062],[-123.8251,47.4953],[-123.8308,47.4986],[-123.8447,47.4902],[-123.8311,47.4802],[-123.8377,47.4741],[-123.8703,47.4549],[-123.9059,47.4227],[-123.9293,47.4037],[-123.9673,47.3692],[-123.9312,47.3679],[-123.9061,47.3736],[-123.8957,47.3816],[-123.8889,47.4021],[-123.8772,47.4195],[-123.8759,47.4257],[-123.8664,47.4297],[-123.8406,47.4197],[-123.8356,47.4138],[-123.8406,47.4052],[-123.8512,47.4001],[-123.8594,47.3903],[-123.8524,47.3801],[-123.8689,47.3763],[-123.8875,47.3756],[-123.8972,47.3542],[-123.9123,47.3451],[-123.8829,47.3448],[-123.8838,47.3315],[-123.8605,47.3319],[-123.8423,47.3303],[-123.7924,47.3287],[-123.7545,47.327],[-123.7547,47.3156],[-123.7462,47.3237],[-123.7392,47.325],[-123.7394,47.345],[-123.7086,47.3452],[-123.7202,47.365],[-123.7206,47.3843],[-123.7174,47.3913],[-123.7048,47.3945],[-123.7006,47.4047],[-123.7058,47.411],[-123.7048,47.4215],[-123.6966,47.4278],[-123.6971,47.4731],[-123.6959,47.5177]]]},"properties":{"ZCTA5CE10":"98575"}},{"type":"Feature","geometry":{"type":"Polygon","coordinates":[[[-122.9807,47.7849],[-122.9334,47.7767],[-122.9252,47.7729],[-122.9134,47.7728],[-122.917,47.792],[-122.9102,47.7953],[-122.9006,47.7919],[-122.8922,47.7974],[-122.8843,47.7924],[-122.8737,47.7805],[-122.8585,47.7805],[-122.8474,47.7715],[-122.8279,47.7648],[-122.8185,47.7503],[-122.8175,47.7334],[-122.8248,47.7234],[-122.8213,47.7146],[-122.8261,47.7121],[-122.8396,47.6912],[-122.8326,47.6914],[-122.8132,47.6823],[-122.7848,47.687],[-122.7708,47.693],[-122.7839,47.7042],[-122.7811,47.714],[-122.7836,47.7221],[-122.7763,47.7345],[-122.7561,47.7507],[-122.7578,47.7583],[-122.7513,47.7737],[-122.7458,47.776],[-122.7495,47.7881],[-122.7361,47.8049],[-122.7455,47.8055],[-122.7492,47.8135],[-122.7479,47.8237],[-122.7491,47.8454],[-122.7469,47.8518],[-122.7544,47.8609],[-122.7417,47.8621],[-122.7443,47.8794],[-122.7361,47.8905],[-122.7594,47.8952],[-122.7936,47.9169],[-122.8217,47.9259],[-122.8522,47.9402],[-122.8794,47.9441],[-122.8843,47.9467],[-122.8814,47.9544],[-122.882,47.969],[-122.8957,47.9739],[-122.8962,47.9771],[-122.9137,47.9778],[-122.9432,47.9919],[-122.9492,47.9926],[-122.9513,47.9251],[-122.9482,47.8826],[-122.9492,47.8668],[-123.0376,47.8669],[-123.0111,47.8595],[-123.0013,47.8527],[-122.9895,47.8535],[-122.9848,47.8484],[-122.9796,47.8241],[-122.9646,47.8163],[-122.9641,47.8086],[-122.9742,47.807],[-122.9757,47.7995],[-122.9684,47.8003],[-122.9783,47.7921],[-122.96,47.7845],[-122.9807,47.7849]]]},"properties":{"ZCTA5CE10":"98376"}},{"type":"Feature","geometry":{"type":"Polygon","coordinates":[[[-122.3605,47.6529],[-122.3569,47.6469],[-122.3574,47.6186],[-122.3343,47.6185],[-122.3283,47.6185],[-122.3283,47.6282],[-122.3241,47.6323],[-122.3302,47.6398],[-122.3375,47.6397],[-122.3545,47.6499],[-122.3605,47.6529]]]},"properties":{"ZCTA5CE10":"98109"}},{"type":"Feature","geometry":{"type":"Polygon","coordinates":[[[-122.3581,47.7015],[-122.3574,47.676],[-122.3572,47.6541],[-122.3545,47.6499],[-122.3375,47.6397],[-122.3265,47.6503],[-122.3291,47.6543],[-122.3282,47.6716],[-122.3257,47.6797],[-122.33,47.7014],[-122.3581,47.7015]]]},"properties":{"ZCTA5CE10":"98103"}},{"type":"Feature","geometry":{"type":"Polygon","coordinates":[[[-122.3574,47.6186],[-122.3699,47.6188],[-122.3513,47.609],[-122.3448,47.6091],[-122.3343,47.6185],[-122.3574,47.6186]]]},"properties":{"ZCTA5CE10":"98121"}},{"type":"Feature","geometry":{"type":"Polygon","coordinates":[[[-122.2273,47.7766],[-122.2285,47.7537],[-122.2211,47.7525],[-122.2188,47.7332],[-122.2452,47.7318],[-122.2435,47.7259],[-122.2019,47.726],[-122.1872,47.7427],[-122.1875,47.7365],[-122.1754,47.7367],[-122.1755,47.7555],[-122.1842,47.7587],[-122.1639,47.7583],[-122.1694,47.7763],[-122.1713,47.7763],[-122.1736,47.7762],[-122.2273,47.7766]]]},"properties":{"ZCTA5CE10":"98011"}},{"type":"Feature","geometry":{"type":"Polygon","coordinates":[[[-121.7821,47.2766],[-121.7909,47.2833],[-121.8038,47.2881],[-121.8253,47.2915],[-121.8618,47.304],[-121.8831,47.2967],[-121.9061,47.306],[-121.9143,47.2932],[-121.9224,47.2873],[-121.9311,47.2862],[-121.9302,47.3042],[-121.9191,47.3085],[-121.9244,47.3197],[-121.9329,47.3178],[-121.9492,47.3206],[-121.9419,47.3085],[-121.9501,47.301],[-121.965,47.2924],[-121.9733,47.2906],[-121.975,47.2826],[-121.9888,47.2758],[-121.996,47.2801],[-122.0069,47.2779],[-122.0168,47.2828],[-122.0167,47.2707],[-122.0492,47.2713],[-122.0565,47.2757],[-122.0598,47.2696],[-122.059,47.2427],[-122.1016,47.2427],[-122.1071,47.2356],[-122.1025,47.2282],[-122.1144,47.2282],[-122.1157,47.2208],[-122.103,47.2016],[-122.0911,47.1939],[-122.064,47.1865],[-122.0479,47.1716],[-122.0308,47.1751],[-122.0105,47.1759],[-122.0018,47.1695],[-121.9945,47.1723],[-121.9902,47.1625],[-121.9805,47.1646],[-121.9708,47.1563],[-121.9531,47.1553],[-121.948,47.1427],[-121.939,47.139],[-121.9323,47.1406],[-121.929,47.1473],[-121.9076,47.1511],[-121.901,47.1563],[-121.8743,47.1506],[-121.8617,47.1517],[-121.861,47.1469],[-121.849,47.1472],[-121.8391,47.1434],[-121.8199,47.1589],[-121.8123,47.1603],[-121.7967,47.1731],[-121.779,47.1732],[-121.772,47.1655],[-121.7633,47.1677],[-121.7383,47.1606],[-121.7141,47.1507],[-121.7011,47.1521],[-121.6835,47.1497],[-121.675,47.1551],[-121.6603,47.1591],[-121.6528,47.1509],[-121.6361,47.141],[-121.6367,47.1275],[-121.6283,47.1275],[-121.6222,47.1206],[-121.6333,47.1072],[-121.648,47.0993],[-121.6592,47.097],[-121.6802,47.0781],[-121.683,47.0679],[-121.6943,47.0525],[-121.692,47.0413],[-121.6988,47.0306],[-121.6976,47.0197],[-121.7022,47.0095],[-121.6983,46.9977],[-121.7013,46.996],[-121.5345,46.9948],[-121.5412,46.9784],[-121.5187,46.9781],[-121.5005,46.9513],[-121.4999,46.9345],[-121.5068,46.9256],[-121.5034,46.9111],[-121.4942,46.9091],[-121.475,46.9138],[-121.4649,46.9214],[-121.4565,46.9227],[-121.4493,46.9344],[-121.4523,46.9563],[-121.458,46.9609],[-121.4419,46.973],[-121.4454,46.98],[-121.4104,46.996],[-121.4045,47.0155],[-121.3946,47.0234],[-121.4003,47.0334],[-121.3736,47.0564],[-121.377,47.0611],[-121.3752,47.0731],[-121.3836,47.083],[-121.3797,47.0868],[-121.3833,47.0951],[-121.3913,47.0919],[-121.4029,47.0978],[-121.4076,47.1191],[-121.3949,47.1289],[-121.3943,47.1326],[-121.3647,47.1418],[-121.3533,47.1405],[-121.3345,47.1333],[-121.315,47.1345],[-121.3026,47.1406],[-121.298,47.1482],[-121.307,47.1622],[-121.3116,47.163],[-121.3172,47.1752],[-121.306,47.1877],[-121.3087,47.202],[-121.3165,47.2116],[-121.3344,47.2187],[-121.3463,47.2185],[-121.3643,47.2235],[-121.3604,47.2402],[-121.3391,47.2468],[-121.3315,47.2579],[-121.3381,47.2684],[-121.3396,47.2769],[-121.3632,47.2641],[-121.4078,47.2467],[-121.4221,47.2379],[-121.4179,47.2373],[-121.4417,47.2235],[-121.4566,47.2199],[-121.4555,47.2159],[-121.4816,47.2095],[-121.5133,47.2059],[-121.5261,47.2075],[-121.5314,47.2042],[-121.5382,47.208],[-121.5571,47.205],[-121.5689,47.2091],[-121.5667,47.2132],[-121.5867,47.2233],[-121.5908,47.2198],[-121.6163,47.2267],[-121.6349,47.2289],[-121.6351,47.2338],[-121.6536,47.2347],[-121.657,47.2314],[-121.675,47.2288],[-121.7097,47.2319],[-121.7281,47.2426],[-121.7295,47.2511],[-121.7551,47.2627],[-121.7595,47.2602],[-121.7661,47.2684],[-121.7821,47.2766]]]},"properties":{"ZCTA5CE10":"98022"}},{"type":"Feature","geometry":{"type":"Polygon","coordinates":[[[-122.3395,47.3224],[-122.3347,47.3233],[-122.3324,47.3031],[-122.3449,47.2967],[-122.3346,47.2899],[-122.3358,47.2638],[-122.3349,47.2576],[-122.3183,47.2574],[-122.3162,47.2612],[-122.298,47.2621],[-122.2925,47.2644],[-122.2923,47.2949],[-122.3069,47.2897],[-122.2959,47.3196],[-122.2931,47.3456],[-122.2967,47.3578],[-122.3094,47.3579],[-122.3132,47.3489],[-122.3341,47.3404],[-122.3347,47.326],[-122.3395,47.3224]]]},"properties":{"ZCTA5CE10":"98003"}},{"type":"Feature","geometry":{"type":"Polygon","coordinates":[[[-122.3347,47.6063],[-122.3329,47.6061],[-122.3336,47.6068],[-122.3347,47.6063]]]},"properties":{"ZCTA5CE10":"98154"}},{"type":"Feature","geometry":{"type":"Polygon","coordinates":[[[-122.3345,47.6044],[-122.3362,47.6047],[-122.3356,47.604],[-122.3345,47.6044]]]},"properties":{"ZCTA5CE10":"98174"}},{"type":"Feature","geometry":{"type":"Polygon","coordinates":[[[-122.5851,47.5985],[-122.5921,47.5962],[-122.5963,47.6065],[-122.6161,47.6069],[-122.6168,47.6141],[-122.6083,47.6213],[-122.6235,47.6214],[-122.6234,47.6069],[-122.6609,47.6069],[-122.6615,47.615],[-122.6846,47.6108],[-122.6825,47.5965],[-122.6732,47.5961],[-122.6731,47.6051],[-122.6656,47.6047],[-122.6465,47.5837],[-122.6243,47.5754],[-122.6191,47.5688],[-122.6071,47.5618],[-122.6044,47.5687],[-122.5704,47.5879],[-122.5796,47.5917],[-122.5851,47.5985]]]},"properties":{"ZCTA5CE10":"98310"}},{"type":"Feature","geometry":{"type":"Polygon","coordinates":[[[-122.5658,47.7124],[-122.5708,47.714],[-122.5662,47.7248],[-122.5689,47.7407],[-122.5797,47.7411],[-122.5771,47.7517],[-122.5689,47.7491],[-122.5703,47.7444],[-122.5531,47.7443],[-122.5452,47.7373],[-122.5458,47.7419],[-122.5559,47.7488],[-122.5418,47.7512],[-122.5346,47.757],[-122.5277,47.7544],[-122.5275,47.7613],[-122.52,47.7657],[-122.542,47.7658],[-122.5416,47.7877],[-122.5631,47.7872],[-122.5632,47.8022],[-122.5667,47.805],[-122.5876,47.7976],[-122.6009,47.8298],[-122.5923,47.8366],[-122.5936,47.847],[-122.584,47.8507],[-122.5872,47.8381],[-122.5841,47.8145],[-122.5772,47.8167],[-122.5784,47.8619],[-122.6113,47.8604],[-122.626,47.8398],[-122.6344,47.8384],[-122.651,47.8284],[-122.6576,47.818],[-122.6649,47.8172],[-122.6874,47.8009],[-122.6933,47.7817],[-122.71,47.7738],[-122.6918,47.7664],[-122.692,47.734],[-122.6941,47.734],[-122.6943,47.7031],[-122.6925,47.7012],[-122.6847,47.7012],[-122.6869,47.6939],[-122.6707,47.6939],[-122.6707,47.6984],[-122.6617,47.6947],[-122.6648,47.6836],[-122.6579,47.6741],[-122.6608,47.6666],[-122.6579,47.6652],[-122.6576,47.6505],[-122.6504,47.6505],[-122.6503,47.6578],[-122.641,47.6541],[-122.6185,47.6509],[-122.5984,47.6529],[-122.6034,47.6679],[-122.5971,47.6747],[-122.58,47.6852],[-122.574,47.7023],[-122.5658,47.7124]],[[-122.6285,47.6991],[-122.6344,47.7065],[-122.6142,47.7019],[-122.6181,47.6908],[-122.628,47.6908],[-122.6285,47.6991]]]},"properties":{"ZCTA5CE10":"98370"}},{"type":"Feature","geometry":{"type":"Polygon","coordinates":[[[-120.9351,47.4592],[-120.9412,47.4423],[-120.9655,47.4575],[-120.9849,47.4579],[-120.9936,47.473],[-120.9993,47.478],[-121.0219,47.4804],[-121.0446,47.4797],[-121.0488,47.4653],[-121.0479,47.4576],[-121.0531,47.4433],[-121.0794,47.4165],[-121.0914,47.4143],[-121.0948,47.3996],[-121.094,47.3857],[-121.0984,47.3825],[-121.1051,47.356],[-121.1039,47.3412],[-121.1064,47.3322],[-121.0993,47.3117],[-121.1024,47.2946],[-121.0851,47.2801],[-121.0799,47.2839],[-121.0806,47.2913],[-121.0659,47.294],[-121.0535,47.2992],[-121.0402,47.2961],[-121.0157,47.2968],[-121.005,47.2866],[-120.9689,47.2665],[-120.9229,47.265],[-120.9114,47.2624],[-120.9045,47.255],[-120.9198,47.2461],[-120.9217,47.2369],[-120.9351,47.2279],[-120.95,47.2279],[-120.962,47.2329],[-120.9546,47.2271],[-120.9508,47.2188],[-120.9507,47.2039],[-120.9614,47.2038],[-120.9775,47.2096],[-120.9808,47.2078],[-120.9945,47.219],[-121.0252,47.2191],[-121.0332,47.2231],[-121.0379,47.2255],[-121.0495,47.2229],[-121.0586,47.2341],[-121.0704,47.2377],[-121.0921,47.2379],[-121.1043,47.2484],[-121.1329,47.2486],[-121.1331,47.2321],[-121.1118,47.2271],[-121.1101,47.2132],[-121.1478,47.2195],[-121.161,47.2203],[-121.1214,47.1934],[-121.1405,47.1917],[-121.1526,47.1815],[-121.1747,47.1834],[-121.1933,47.1675],[-121.1992,47.1589],[-121.2075,47.1548],[-121.2154,47.1428],[-121.2161,47.1348],[-121.2058,47.127],[-121.1139,47.1268],[-121.0275,47.127],[-121.0062,47.1265],[-120.9832,47.1235],[-120.9711,47.1182],[-120.9472,47.1183],[-120.9391,47.1109],[-120.9161,47.1153],[-120.9094,47.1129],[-120.861,47.1137],[-120.8471,47.099],[-120.8313,47.0966],[-120.8236,47.0904],[-120.808,47.0871],[-120.7503,47.0867],[-120.7592,47.0948],[-120.7552,47.0994],[-120.7624,47.1192],[-120.7576,47.1226],[-120.7381,47.1235],[-120.7299,47.1253],[-120.7299,47.1413],[-120.7166,47.1386],[-120.7079,47.1465],[-120.6936,47.1464],[-120.7054,47.1643],[-120.6965,47.1737],[-120.6879,47.1707],[-120.6881,47.23],[-120.6826,47.2254],[-120.6739,47.2263],[-120.6544,47.221],[-120.6247,47.229],[-120.6068,47.2308],[-120.5879,47.2268],[-120.574,47.2314],[-120.5703,47.2289],[-120.563,47.2378],[-120.5656,47.2478],[-120.5801,47.2614],[-120.5836,47.2729],[-120.5916,47.2871],[-120.5745,47.2985],[-120.5661,47.3074],[-120.5609,47.2988],[-120.5511,47.2999],[-120.5342,47.3089],[-120.5315,47.3153],[-120.547,47.3119],[-120.5475,47.3073],[-120.5599,47.3065],[-120.5689,47.3099],[-120.5709,47.3228],[-120.5768,47.3265],[-120.578,47.3366],[-120.5989,47.3406],[-120.6063,47.3392],[-120.618,47.3452],[-120.6323,47.341],[-120.6651,47.3433],[-120.6772,47.3514],[-120.681,47.3497],[-120.7006,47.3651],[-120.7187,47.3688],[-120.7266,47.3804],[-120.7262,47.3883],[-120.7331,47.3934],[-120.7512,47.3945],[-120.7685,47.3995],[-120.7831,47.3995],[-120.7937,47.4084],[-120.8023,47.4226],[-120.8124,47.42],[-120.8283,47.4235],[-120.8426,47.4116],[-120.8612,47.4206],[-120.8718,47.4154],[-120.8902,47.4272],[-120.9085,47.4251],[-120.9243,47.4334],[-120.9257,47.4497],[-120.9351,47.4592]],[[-120.9494,47.1921],[-120.9422,47.1843],[-120.9494,47.1844],[-120.9742,47.1784],[-120.9776,47.1836],[-120.9494,47.1921]]]},"properties":{"ZCTA5CE10":"98922"}},{"type":"Feature","geometry":{"type":"Polygon","coordinates":[[[-120.4194,46.9811],[-120.4133,46.9784],[-120.4134,46.9716],[-120.4018,46.9718],[-120.4017,46.9796],[-120.4116,46.9813],[-120.4125,46.9861],[-120.4253,46.9934],[-120.4288,46.9839],[-120.4194,46.9811]]]},"properties":{"ZCTA5CE10":"98934"}},{"type":"Feature","geometry":{"type":"Polygon","coordinates":[[[-120.4506,46.7375],[-120.4544,46.7334],[-120.4521,46.7236],[-120.4664,46.7129],[-120.4888,46.7017],[-120.4913,46.697],[-120.4924,46.6766],[-120.4879,46.6727],[-120.5037,46.6646],[-120.5072,46.6566],[-120.5063,46.6472],[-120.5254,46.6362],[-120.5151,46.63],[-120.5266,46.6264],[-120.5445,46.6243],[-120.5569,46.6263],[-120.5569,46.6236],[-120.5348,46.6229],[-120.5194,46.6261],[-120.5036,46.5925],[-120.5068,46.5925],[-120.4974,46.5778],[-120.4717,46.5776],[-120.4702,46.5571],[-120.4694,46.5502],[-120.4401,46.5477],[-120.4178,46.5496],[-120.3964,46.5597],[-120.4038,46.5625],[-120.4039,46.5771],[-120.3986,46.5734],[-120.3752,46.573],[-120.3721,46.5691],[-120.3621,46.5771],[-120.3462,46.5731],[-120.3391,46.5771],[-120.3312,46.5697],[-120.3163,46.5725],[-120.3168,46.5771],[-120.2557,46.5772],[-120.2566,46.6206],[-120.3399,46.6208],[-120.3399,46.65],[-120.4457,46.6501],[-120.4456,46.6947],[-120.4368,46.7056],[-120.4279,46.7118],[-120.4145,46.7107],[-120.4049,46.7227],[-120.3882,46.7277],[-120.3822,46.7375],[-120.3819,46.7568],[-120.3767,46.7706],[-120.368,46.7839],[-120.3583,46.7926],[-120.3597,46.8005],[-120.3523,46.8123],[-120.3666,46.8308],[-120.3765,46.8442],[-120.3899,46.85],[-120.3971,46.862],[-120.4193,46.8726],[-120.4292,46.8884],[-120.4484,46.8977],[-120.5051,46.8976],[-120.4944,46.8849],[-120.482,46.8851],[-120.4757,46.8783],[-120.4952,46.8753],[-120.4816,46.8688],[-120.4795,46.8642],[-120.4841,46.8544],[-120.4675,46.8537],[-120.4656,46.8439],[-120.456,46.8363],[-120.4648,46.8342],[-120.4581,46.8177],[-120.4414,46.8069],[-120.4509,46.8012],[-120.4592,46.8034],[-120.463,46.797],[-120.452,46.7897],[-120.4572,46.7773],[-120.4495,46.7719],[-120.458,46.7641],[-120.4543,46.7596],[-120.4658,46.7534],[-120.4668,46.7445],[-120.452,46.7448],[-120.4506,46.7375]]]},"properties":{"ZCTA5CE10":"98901"}},{"type":"Feature","geometry":{"type":"Polygon","coordinates":[[[-120.4316,45.9572],[-120.4181,45.9609],[-120.3866,45.9806],[-120.3866,45.9684],[-120.3572,45.9686],[-120.3381,45.9748],[-120.3248,45.9823],[-120.325,45.9391],[-120.304,45.9391],[-120.304,45.8956],[-120.2632,45.8957],[-120.2624,45.8767],[-120.2501,45.8615],[-120.2207,45.8371],[-120.1896,45.7937],[-120.1178,45.7933],[-120.1177,45.8082],[-120.0554,45.8073],[-120.0548,45.8295],[-120.0339,45.8295],[-120.0335,45.9097],[-120.0163,45.9079],[-119.9985,45.9096],[-119.9923,45.9102],[-119.9901,46.041],[-120.1356,46.0411],[-120.1705,46.0414],[-120.2498,46.0411],[-120.2714,46.0416],[-120.3404,46.0413],[-120.354,46.0349],[-120.3762,46.0287],[-120.4405,46.0172],[-120.4559,46.019],[-120.4645,46.0102],[-120.462,45.9938],[-120.4901,45.9902],[-120.4902,45.9581],[-120.4797,45.9658],[-120.4821,45.9753],[-120.4695,45.9689],[-120.4512,45.9708],[-120.4478,45.9647],[-120.4353,45.9638],[-120.4316,45.9572]]]},"properties":{"ZCTA5CE10":"99322"}},{"type":"Feature","geometry":{"type":"Polygon","coordinates":[[[-121.1101,45.6575],[-121.0991,45.6779],[-121.093,45.6784],[-121.0995,45.6882],[-121.1197,45.6796],[-121.1489,45.6635],[-121.1767,45.6704],[-121.1843,45.6676],[-121.1781,45.6603],[-121.1825,45.6459],[-121.1801,45.6393],[-121.1925,45.6487],[-121.1999,45.6479],[-121.1952,45.6295],[-121.1966,45.6167],[-121.1838,45.6064],[-121.1455,45.6079],[-121.1406,45.6112],[-121.1536,45.6367],[-121.1561,45.649],[-121.1374,45.6502],[-121.1263,45.6544],[-121.1184,45.6535],[-121.1101,45.6575]]]},"properties":{"ZCTA5CE10":"98617"}},{"type":"Feature","geometry":{"type":"Polygon","coordinates":[[[-122.165,46.4645],[-122.1607,46.4611],[-122.1421,46.4584],[-122.1149,46.467],[-122.0984,46.4643],[-122.0948,46.4763],[-122.08,46.4746],[-122.0742,46.4711],[-122.0637,46.4741],[-122.0626,46.4681],[-122.0472,46.4672],[-122.0391,46.4572],[-122.013,46.4559],[-122.0064,46.45],[-122.0075,46.4446],[-121.9907,46.4326],[-121.9856,46.4341],[-121.9723,46.4256],[-121.9634,46.4284],[-121.9506,46.4372],[-121.9283,46.4334],[-121.918,46.4419],[-121.9099,46.4378],[-121.9056,46.4302],[-121.9054,46.4149],[-121.908,46.3978],[-121.89,46.3876],[-121.8198,46.3889],[-121.7314,46.3881],[-121.7312,46.3967],[-121.7497,46.4191],[-121.7605,46.4251],[-121.7632,46.4333],[-121.79,46.4509],[-121.8084,46.4461],[-121.8086,46.4805],[-121.8013,46.4804],[-121.8003,46.5181],[-121.7801,46.5303],[-121.7738,46.5304],[-121.7355,46.5526],[-121.7222,46.5562],[-121.7116,46.5675],[-121.6961,46.5732],[-121.6823,46.575],[-121.6706,46.5801],[-121.664,46.5892],[-121.6756,46.5861],[-121.687,46.5888],[-121.6934,46.6002],[-121.6978,46.5894],[-121.6938,46.5843],[-121.702,46.5823],[-121.7117,46.5697],[-121.7251,46.5662],[-121.7276,46.5764],[-121.7331,46.5805],[-121.7248,46.5887],[-121.7225,46.6003],[-121.7328,46.6148],[-121.7515,46.6255],[-121.7557,46.6307],[-121.7799,46.6391],[-121.7892,46.64],[-121.8257,46.6339],[-121.8338,46.642],[-121.8381,46.6407],[-121.8521,46.6477],[-121.8573,46.6536],[-121.8809,46.6566],[-121.8901,46.6514],[-121.8995,46.6555],[-121.9126,46.6564],[-121.9138,46.661],[-121.945,46.6721],[-121.9535,46.6652],[-121.9457,46.6608],[-121.9434,46.6541],[-121.9481,46.647],[-121.9478,46.6364],[-121.9543,46.619],[-121.9589,46.6213],[-121.9756,46.6188],[-121.9825,46.6119],[-121.9852,46.6154],[-121.9974,46.6125],[-122.0007,46.6069],[-121.9933,46.6016],[-121.9934,46.5946],[-122.0012,46.5883],[-122.0166,46.5865],[-122.0257,46.5816],[-122.0404,46.5687],[-122.0472,46.5681],[-122.0573,46.5576],[-122.0529,46.5444],[-122.0531,46.5176],[-122.0703,46.509],[-122.0912,46.4905],[-122.0831,46.4903],[-122.0942,46.4829],[-122.0927,46.4899],[-122.1222,46.4891],[-122.127,46.4862],[-122.1259,46.475],[-122.1638,46.4746],[-122.165,46.4645]]]},"properties":{"ZCTA5CE10":"98377"}},{"type":"Feature","geometry":{"type":"Polygon","coordinates":[[[-122.1988,46.6176],[-122.199,46.6483],[-122.1938,46.6658],[-122.1986,46.6658],[-122.2023,46.6483],[-122.2597,46.6482],[-122.2634,46.6424],[-122.2795,46.644],[-122.2954,46.6499],[-122.3084,46.6434],[-122.3072,46.6495],[-122.3252,46.6473],[-122.3463,46.6337],[-122.3478,46.6279],[-122.3675,46.6237],[-122.3807,46.6134],[-122.3726,46.6058],[-122.3804,46.6027],[-122.4691,46.6037],[-122.4689,46.5939],[-122.4688,46.5898],[-122.4481,46.5891],[-122.4479,46.5751],[-122.4276,46.5751],[-122.4273,46.5614],[-122.3976,46.561],[-122.3981,46.5334],[-122.3771,46.5331],[-122.3819,46.5249],[-122.3683,46.5313],[-122.3686,46.5215],[-122.3588,46.5159],[-122.3412,46.4998],[-122.3369,46.4998],[-122.3245,46.4898],[-122.276,46.4694],[-122.2512,46.4658],[-122.2449,46.4683],[-122.2239,46.4744],[-122.2029,46.4862],[-122.1854,46.5],[-122.1832,46.5077],[-122.1949,46.5082],[-122.1871,46.5179],[-122.1814,46.5345],[-122.192,46.5397],[-122.184,46.549],[-122.1711,46.548],[-122.1464,46.5553],[-122.1569,46.563],[-122.1753,46.5702],[-122.1893,46.5711],[-122.2051,46.5749],[-122.2263,46.586],[-122.237,46.5864],[-122.2265,46.5917],[-122.2256,46.5993],[-122.1988,46.6176]]]},"properties":{"ZCTA5CE10":"98356"}},{"type":"Feature","geometry":{"type":"Polygon","coordinates":[[[-122.9188,46.5763],[-122.9635,46.5763],[-122.9703,46.5732],[-122.9813,46.5619],[-123.0224,46.562],[-123.0218,46.5463],[-123.0323,46.5463],[-123.0323,46.5353],[-123.0366,46.5383],[-123.0422,46.5306],[-123.0534,46.5324],[-123.0578,46.5377],[-123.0743,46.5357],[-123.0677,46.5267],[-123.068,46.5195],[-123.0632,46.508],[-123.0484,46.4846],[-123.031,46.4832],[-123.0283,46.4794],[-123.0433,46.4745],[-123.0526,46.4744],[-123.0524,46.4312],[-123.0316,46.4311],[-123.0315,46.4378],[-122.9999,46.4381],[-122.9952,46.4288],[-122.9955,46.4184],[-122.9869,46.4095],[-122.9702,46.4019],[-122.9629,46.402],[-122.9632,46.4128],[-122.9492,46.4128],[-122.9469,46.4031],[-122.9282,46.4116],[-122.909,46.42],[-122.902,46.4271],[-122.8945,46.4404],[-122.8876,46.4457],[-122.8831,46.4756],[-122.8655,46.4709],[-122.862,46.4862],[-122.8499,46.4903],[-122.8427,46.4974],[-122.8369,46.4956],[-122.817,46.5084],[-122.8131,46.5178],[-122.8089,46.525],[-122.8558,46.5251],[-122.8557,46.5453],[-122.8765,46.5433],[-122.8765,46.5617],[-122.8885,46.5617],[-122.8957,46.565],[-122.9052,46.5637],[-122.9188,46.5763]]]},"properties":{"ZCTA5CE10":"98596"}},{"type":"Feature","geometry":{"type":"Polygon","coordinates":[[[-123.2995,46.475],[-123.2923,46.4825],[-123.2962,46.4932],[-123.2892,46.5027],[-123.2728,46.5123],[-123.2743,46.5187],[-123.2839,46.5279],[-123.2932,46.5314],[-123.291,46.5387],[-123.2994,46.5415],[-123.3039,46.5488],[-123.2994,46.5535],[-123.2863,46.5533],[-123.2848,46.5628],[-123.2929,46.5668],[-123.2966,46.5853],[-123.2882,46.5866],[-123.2897,46.5917],[-123.2766,46.6018],[-123.2847,46.6048],[-123.2749,46.6206],[-123.3656,46.6201],[-123.3665,46.563],[-123.3599,46.5629],[-123.359,46.5127],[-123.3573,46.4784],[-123.3387,46.4793],[-123.312,46.4728],[-123.2995,46.475]]]},"properties":{"ZCTA5CE10":"98572"}},{"type":"Feature","geometry":{"type":"MultiPolygon","coordinates":[[[[-122.7405,46.5183],[-122.7405,46.5322],[-122.7233,46.5321],[-122.7233,46.5375],[-122.7379,46.5371],[-122.7383,46.5467],[-122.7812,46.5467],[-122.7963,46.5468],[-122.7969,46.5433],[-122.7467,46.5323],[-122.8037,46.5323],[-122.8035,46.5249],[-122.8089,46.525],[-122.8131,46.5178],[-122.7825,46.5177],[-122.7825,46.5109],[-122.7427,46.516],[-122.7405,46.5183]]],[[[-122.6467,46.5394],[-122.6469,46.5319],[-122.6658,46.532],[-122.6669,46.5387],[-122.706,46.5389],[-122.7158,46.5408],[-122.72,46.53],[-122.7025,46.5118],[-122.7097,46.5072],[-122.7065,46.4898],[-122.6906,46.495],[-122.6879,46.499],[-122.6822,46.5103],[-122.6715,46.509],[-122.6514,46.5117],[-122.6442,46.5154],[-122.6366,46.5168],[-122.6387,46.5302],[-122.6467,46.5394]]]]},"properties":{"ZCTA5CE10":"98542"}},{"type":"Feature","geometry":{"type":"Polygon","coordinates":[[[-118.4224,47.3134],[-118.4207,47.3156],[-118.395,47.3043],[-118.3029,47.3041],[-118.2738,47.3006],[-118.2634,47.3035],[-118.2628,47.2989],[-118.2515,47.3001],[-118.2518,47.3188],[-118.2307,47.3192],[-118.2286,47.3143],[-118.2083,47.3056],[-118.208,47.3194],[-118.2294,47.3193],[-118.2295,47.3339],[-118.2188,47.334],[-118.2186,47.3622],[-118.2079,47.362],[-118.2077,47.3765],[-118.1863,47.3769],[-118.1864,47.3624],[-118.1435,47.3629],[-118.1437,47.3774],[-118.1234,47.3778],[-118.1176,47.374],[-118.1082,47.3604],[-118.0992,47.3663],[-118.1037,47.3867],[-118.0934,47.3915],[-118.0784,47.3937],[-118.0784,47.4028],[-118.0711,47.4134],[-118.071,47.42],[-118.0796,47.4288],[-118.0793,47.4506],[-118.0898,47.4507],[-118.0895,47.4579],[-118.095,47.458],[-118.0949,47.4653],[-118.1151,47.4654],[-118.1218,47.4588],[-118.1219,47.4654],[-118.1841,47.4643],[-118.1875,47.4749],[-118.1859,47.4901],[-118.1719,47.4941],[-118.1766,47.5036],[-118.1752,47.5114],[-118.168,47.5205],[-118.1976,47.5111],[-118.2208,47.512],[-118.1997,47.5326],[-118.1947,47.5409],[-118.1755,47.5614],[-118.2082,47.5579],[-118.2295,47.5579],[-118.2291,47.5519],[-118.2391,47.5412],[-118.2393,47.5363],[-118.2498,47.5363],[-118.2501,47.4894],[-118.2546,47.4857],[-118.2848,47.4865],[-118.2902,47.4931],[-118.3567,47.4937],[-118.3569,47.5233],[-118.3584,47.5311],[-118.3581,47.5601],[-118.3693,47.5635],[-118.3782,47.5584],[-118.3796,47.548],[-118.3889,47.5413],[-118.3954,47.5308],[-118.3928,47.523],[-118.4211,47.5234],[-118.4341,47.5309],[-118.4285,47.5381],[-118.4593,47.5397],[-118.4638,47.5375],[-118.4763,47.5427],[-118.4907,47.5344],[-118.5108,47.5282],[-118.5338,47.5162],[-118.5403,47.5082],[-118.5488,47.5083],[-118.5585,47.5031],[-118.5712,47.503],[-118.5719,47.4947],[-118.5392,47.4944],[-118.5391,47.4576],[-118.5075,47.4577],[-118.5069,47.4503],[-118.4639,47.4501],[-118.4641,47.4357],[-118.4653,47.3773],[-118.437,47.3771],[-118.4013,47.3961],[-118.4005,47.4067],[-118.3817,47.4066],[-118.3614,47.4204],[-118.3419,47.4296],[-118.3357,47.4352],[-118.2881,47.435],[-118.3121,47.4162],[-118.3363,47.4014],[-118.3369,47.3479],[-118.3797,47.348],[-118.3795,47.3764],[-118.3908,47.3771],[-118.4092,47.3621],[-118.4273,47.3611],[-118.4446,47.3648],[-118.4431,47.3343],[-118.4448,47.3198],[-118.4223,47.319],[-118.4224,47.3134]]]},"properties":{"ZCTA5CE10":"99134"}},{"type":"Feature","geometry":{"type":"Polygon","coordinates":[[[-118.4641,47.4357],[-118.5495,47.4354],[-118.5505,47.4211],[-118.5517,47.3488],[-118.5514,47.3222],[-118.5348,47.319],[-118.5339,47.3228],[-118.5233,47.3209],[-118.5059,47.3121],[-118.5043,47.3222],[-118.4857,47.334],[-118.4431,47.3343],[-118.4446,47.3648],[-118.4506,47.37],[-118.437,47.3771],[-118.4653,47.3773],[-118.4641,47.4357]]]},"properties":{"ZCTA5CE10":"99144"}},{"type":"Feature","geometry":{"type":"Polygon","coordinates":[[[-123.3058,47.3389],[-123.3158,47.3445],[-123.3343,47.3443],[-123.3552,47.3487],[-123.3702,47.3583],[-123.3766,47.3593],[-123.506,47.3592],[-123.506,47.3001],[-123.506,47.2579],[-123.4799,47.257],[-123.472,47.2637],[-123.447,47.2648],[-123.4485,47.2591],[-123.4486,47.2278],[-123.422,47.2276],[-123.4079,47.2381],[-123.4217,47.2499],[-123.4101,47.2598],[-123.4084,47.2659],[-123.3916,47.2734],[-123.3906,47.2769],[-123.3777,47.2789],[-123.3777,47.2872],[-123.3565,47.2875],[-123.3563,47.2585],[-123.3229,47.2584],[-123.3251,47.2641],[-123.3421,47.2724],[-123.3317,47.2872],[-123.3295,47.2966],[-123.3206,47.3112],[-123.3088,47.3192],[-123.3167,47.3281],[-123.3038,47.336],[-123.3058,47.3389]]]},"properties":{"ZCTA5CE10":"98560"}},{"type":"Feature","geometry":{"type":"MultiPolygon","coordinates":[[[[-120.7376,48.8403],[-120.7611,48.8411],[-120.7741,48.8255],[-120.7898,48.8232],[-120.8184,48.8276],[-120.8343,48.8264],[-120.8537,48.8136],[-120.843,48.8007],[-120.8406,48.7907],[-120.8233,48.7784],[-120.819,48.7729],[-120.7997,48.7734],[-120.7928,48.7618],[-120.7993,48.7544],[-120.8258,48.7439],[-120.8318,48.7302],[-120.822,48.7252],[-120.8107,48.7243],[-120.7948,48.7148],[-120.7849,48.6975],[-120.7808,48.6821],[-120.7683,48.6575],[-120.752,48.6575],[-120.7328,48.6666],[-120.7168,48.6649],[-120.7189,48.6746],[-120.7119,48.6893],[-120.7033,48.6972],[-120.681,48.6942],[-120.677,48.7015],[-120.6812,48.7132],[-120.6699,48.7211],[-120.658,48.7203],[-120.6547,48.7242],[-120.665,48.7331],[-120.6768,48.735],[-120.6807,48.7415],[-120.6893,48.7454],[-120.6922,48.756],[-120.6995,48.7573],[-120.7113,48.772],[-120.7257,48.7733],[-120.7337,48.7829],[-120.7356,48.8038],[-120.7427,48.8118],[-120.743,48.8235],[-120.7362,48.8318],[-120.7376,48.8403]]],[[[-120.3629,48.6247],[-120.3688,48.6163],[-120.3703,48.6048],[-120.3672,48.5948],[-120.3759,48.5839],[-120.3716,48.5783],[-120.4047,48.5926],[-120.4094,48.5872],[-120.4184,48.5874],[-120.4339,48.593],[-120.4479,48.5939],[-120.4663,48.5856],[-120.473,48.5787],[-120.4744,48.587],[-120.5012,48.5884],[-120.5247,48.5973],[-120.5574,48.6012],[-120.6019,48.5963],[-120.6153,48.5897],[-120.629,48.5785],[-120.6361,48.5645],[-120.6313,48.5553],[-120.632,48.5455],[-120.6454,48.5247],[-120.6445,48.5143],[-120.6548,48.523],[-120.6572,48.5068],[-120.6298,48.4989],[-120.6496,48.4888],[-120.6539,48.4825],[-120.4041,48.4837],[-120.3086,48.4833],[-120.2882,48.4775],[-120.2739,48.4781],[-120.2754,48.4341],[-120.2704,48.4216],[-120.2561,48.4193],[-120.2412,48.4215],[-120.2322,48.4087],[-120.2195,48.4169],[-120.236,48.4349],[-120.2212,48.4353],[-120.2126,48.4326],[-120.2035,48.4396],[-120.1646,48.4388],[-120.1643,48.449],[-120.1704,48.46],[-120.1629,48.4559],[-120.1555,48.4398],[-120.1619,48.4283],[-120.1479,48.4236],[-120.1409,48.4176],[-120.1439,48.4138],[-120.1327,48.411],[-120.1318,48.4047],[-120.1398,48.4024],[-120.1296,48.3816],[-120.1152,48.3754],[-120.1206,48.3916],[-120.1066,48.3837],[-120.1004,48.3912],[-120.1049,48.4031],[-120.1003,48.4091],[-120.1016,48.4169],[-120.1082,48.4183],[-120.1169,48.4389],[-120.049,48.4389],[-120.0327,48.4302],[-120.0201,48.4362],[-120.0167,48.442],[-120.0046,48.4448],[-119.9993,48.4509],[-120.0065,48.4748],[-120.0052,48.4859],[-119.9809,48.4966],[-119.9713,48.5028],[-119.9662,48.518],[-119.9504,48.5406],[-119.9561,48.5579],[-119.9565,48.5709],[-119.9624,48.5794],[-119.9573,48.5889],[-119.943,48.5989],[-119.9335,48.6011],[-119.923,48.61],[-119.9166,48.6242],[-119.9256,48.6361],[-119.9233,48.6441],[-119.9334,48.6471],[-119.9389,48.6548],[-119.9423,48.6704],[-119.9297,48.6777],[-119.9298,48.6825],[-119.9193,48.6962],[-119.9062,48.7048],[-119.9149,48.715],[-119.9243,48.7135],[-119.9389,48.7179],[-119.9528,48.7306],[-119.9774,48.7381],[-119.9934,48.7354],[-119.9987,48.7281],[-120.0105,48.7264],[-120.0301,48.7147],[-120.0403,48.7115],[-120.0624,48.7002],[-120.0899,48.6975],[-120.1128,48.707],[-120.1218,48.7177],[-120.1266,48.7158],[-120.1251,48.7007],[-120.1308,48.6958],[-120.1332,48.679],[-120.1381,48.6672],[-120.1498,48.6544],[-120.1551,48.6366],[-120.1613,48.6268],[-120.1691,48.6048],[-120.1714,48.6037],[-120.1938,48.6122],[-120.2052,48.6249],[-120.2226,48.6309],[-120.2301,48.6398],[-120.2453,48.6469],[-120.2669,48.6484],[-120.2964,48.6444],[-120.2989,48.6413],[-120.2865,48.6242],[-120.296,48.6258],[-120.3146,48.6353],[-120.3337,48.6402],[-120.3255,48.649],[-120.3301,48.6601],[-120.3413,48.6432],[-120.3628,48.6275],[-120.3629,48.6247]]]]},"properties":{"ZCTA5CE10":"98862"}},{"type":"Feature","geometry":{"type":"Polygon","coordinates":[[[-119.6205,48.5589],[-119.6228,48.5694],[-119.6474,48.5691],[-119.6472,48.5835],[-119.6687,48.5835],[-119.6689,48.5979],[-119.6907,48.5982],[-119.6906,48.6137],[-119.7048,48.6134],[-119.7102,48.6123],[-119.706,48.5965],[-119.6969,48.5951],[-119.6942,48.5815],[-119.6995,48.5702],[-119.7184,48.5649],[-119.7354,48.5649],[-119.7495,48.5556],[-119.7435,48.5461],[-119.7093,48.5351],[-119.7025,48.5241],[-119.7091,48.5214],[-119.7142,48.5064],[-119.7273,48.5028],[-119.7543,48.5044],[-119.7711,48.4972],[-119.7751,48.5017],[-119.7993,48.5138],[-119.7975,48.5221],[-119.7889,48.5294],[-119.805,48.5419],[-119.8237,48.5391],[-119.8215,48.5429],[-119.8597,48.5523],[-119.8783,48.5466],[-119.895,48.5491],[-119.9054,48.5563],[-119.9121,48.5539],[-119.9219,48.5568],[-119.9561,48.5579],[-119.9504,48.5406],[-119.9454,48.5313],[-119.9289,48.5182],[-119.9188,48.5167],[-119.8913,48.499],[-119.8725,48.4974],[-119.8677,48.4785],[-119.8629,48.4737],[-119.8627,48.4615],[-119.8674,48.4561],[-119.8536,48.4502],[-119.8449,48.4368],[-119.8784,48.4362],[-119.8992,48.4251],[-119.898,48.4165],[-119.9012,48.3988],[-119.8966,48.3895],[-119.8902,48.3878],[-119.8646,48.3969],[-119.8572,48.3923],[-119.8465,48.3914],[-119.8223,48.3808],[-119.7856,48.38],[-119.7613,48.3726],[-119.7519,48.3643],[-119.7513,48.3586],[-119.7705,48.3394],[-119.7331,48.3267],[-119.7207,48.3171],[-119.7135,48.3063],[-119.7035,48.3037],[-119.7068,48.2912],[-119.6852,48.2938],[-119.6944,48.286],[-119.7191,48.2712],[-119.73,48.2612],[-119.7335,48.2482],[-119.7254,48.2481],[-119.7202,48.265],[-119.6976,48.2819],[-119.6944,48.2739],[-119.6843,48.2762],[-119.6659,48.2737],[-119.6638,48.2663],[-119.62,48.2662],[-119.6291,48.2565],[-119.6168,48.261],[-119.6057,48.257],[-119.6017,48.2495],[-119.6014,48.2228],[-119.5692,48.2228],[-119.5619,48.2136],[-119.5577,48.1951],[-119.5578,48.114],[-119.5495,48.1176],[-119.5361,48.1176],[-119.5347,48.1284],[-119.5144,48.1284],[-119.5145,48.1496],[-119.4967,48.1528],[-119.4876,48.1461],[-119.4886,48.1275],[-119.4796,48.1297],[-119.4792,48.121],[-119.4693,48.1099],[-119.4572,48.1064],[-119.4522,48.0946],[-119.4613,48.0809],[-119.481,48.0803],[-119.4928,48.084],[-119.5084,48.0828],[-119.5162,48.0778],[-119.5024,48.0821],[-119.4738,48.0784],[-119.4412,48.0782],[-119.4352,48.0753],[-119.4185,48.0587],[-119.3964,48.0494],[-119.3661,48.0528],[-119.341,48.0495],[-119.3361,48.0523],[-119.33,48.0647],[-119.3295,48.0901],[-119.3254,48.0996],[-119.3011,48.1146],[-119.2929,48.1153],[-119.2733,48.1064],[-119.2558,48.1019],[-119.2439,48.1067],[-119.2338,48.1132],[-119.2094,48.1172],[-119.2011,48.1249],[-119.1894,48.129],[-119.1745,48.1297],[-119.1541,48.1445],[-119.1335,48.151],[-119.1141,48.1453],[-119.1001,48.1477],[-119.1029,48.163],[-119.1193,48.1715],[-119.1291,48.1738],[-119.1448,48.1859],[-119.1694,48.1968],[-119.1717,48.2136],[-119.2023,48.2181],[-119.2172,48.2094],[-119.2333,48.2105],[-119.2332,48.1928],[-119.2466,48.1921],[-119.2545,48.1817],[-119.247,48.1819],[-119.2405,48.1728],[-119.254,48.1691],[-119.2632,48.1602],[-119.2803,48.1584],[-119.2864,48.1662],[-119.3111,48.1746],[-119.3323,48.1732],[-119.3431,48.1799],[-119.3486,48.1875],[-119.3636,48.1882],[-119.3684,48.2031],[-119.3707,48.2215],[-119.3821,48.2427],[-119.3904,48.2502],[-119.3835,48.2488],[-119.3702,48.2402],[-119.3666,48.246],[-119.3547,48.244],[-119.3635,48.2504],[-119.3769,48.2496],[-119.3946,48.2617],[-119.4007,48.2715],[-119.4196,48.2883],[-119.4321,48.3063],[-119.4395,48.3097],[-119.4736,48.3098],[-119.4735,48.3242],[-119.4952,48.3261],[-119.4953,48.3533],[-119.4847,48.3532],[-119.4905,48.3677],[-119.5214,48.3677],[-119.5398,48.3601],[-119.5555,48.3727],[-119.5309,48.3866],[-119.5278,48.3924],[-119.5549,48.3781],[-119.5478,48.392],[-119.5705,48.3961],[-119.5867,48.3919],[-119.5837,48.3954],[-119.6035,48.3953],[-119.6034,48.4243],[-119.584,48.4228],[-119.5709,48.4285],[-119.5707,48.451],[-119.549,48.4533],[-119.5489,48.4662],[-119.5685,48.4644],[-119.5819,48.4682],[-119.5975,48.4824],[-119.6035,48.4926],[-119.6201,48.5075],[-119.6271,48.5076],[-119.6313,48.5205],[-119.6369,48.5235],[-119.6407,48.5358],[-119.6385,48.5417],[-119.6205,48.5589]],[[-119.6898,48.3109],[-119.6853,48.3054],[-119.6958,48.3069],[-119.6898,48.3109]]]},"properties":{"ZCTA5CE10":"98840"}},{"type":"Feature","geometry":{"type":"Polygon","coordinates":[[[-123.3689,46.7112],[-123.3789,46.7085],[-123.4071,46.709],[-123.4131,46.7048],[-123.4339,46.7083],[-123.458,46.7035],[-123.4753,46.7073],[-123.4781,46.7151],[-123.4742,46.7183],[-123.4795,46.7243],[-123.5019,46.7257],[-123.5141,46.7319],[-123.5172,46.7432],[-123.5119,46.7589],[-123.5266,46.7469],[-123.5391,46.7443],[-123.5408,46.7363],[-123.5495,46.7324],[-123.5608,46.732],[-123.5881,46.7194],[-123.5885,46.7364],[-123.5869,46.7723],[-123.5881,46.7869],[-123.5769,46.7817],[-123.5644,46.784],[-123.5532,46.7784],[-123.5472,46.7846],[-123.5373,46.7852],[-123.5334,46.7938],[-123.6071,46.7943],[-123.6529,46.7932],[-123.7698,46.7929],[-123.8522,46.7916],[-123.8782,46.791],[-123.9152,46.7926],[-123.9164,46.744],[-123.9223,46.7287],[-123.9353,46.7258],[-123.9346,46.7055],[-123.9138,46.7075],[-123.859,46.7074],[-123.8432,46.7049],[-123.8244,46.6925],[-123.8181,46.6842],[-123.8172,46.6763],[-123.8112,46.6684],[-123.801,46.665],[-123.7869,46.6688],[-123.778,46.6611],[-123.7999,46.6523],[-123.8002,46.6393],[-123.8208,46.6351],[-123.8226,46.6273],[-123.8082,46.6183],[-123.7983,46.6219],[-123.7985,46.5625],[-123.7536,46.5626],[-123.7532,46.5601],[-123.737,46.5547],[-123.7285,46.5489],[-123.7281,46.537],[-123.7176,46.5304],[-123.6534,46.5135],[-123.6365,46.5072],[-123.6137,46.5093],[-123.6009,46.4945],[-123.572,46.4923],[-123.5589,46.4877],[-123.5388,46.468],[-123.5192,46.4678],[-123.5013,46.4745],[-123.4944,46.481],[-123.4794,46.4806],[-123.4418,46.4933],[-123.4223,46.4979],[-123.4081,46.4964],[-123.3862,46.5028],[-123.3734,46.5108],[-123.359,46.5127],[-123.3599,46.5629],[-123.3665,46.563],[-123.3656,46.6201],[-123.3667,46.6762],[-123.3689,46.7112]]]},"properties":{"ZCTA5CE10":"98577"}},{"type":"Feature","geometry":{"type":"Polygon","coordinates":[[[-123.9359,46.7054],[-123.9496,46.7078],[-123.9652,46.7185],[-123.9998,46.7271],[-124.0143,46.7257],[-124.0141,46.7321],[-124.0358,46.732],[-124.0384,46.7163],[-124.0153,46.7063],[-124.0099,46.7065],[-124.0124,46.6972],[-124.0204,46.6902],[-124.0191,46.6871],[-124.0013,46.6766],[-123.9963,46.6858],[-123.9763,46.6975],[-123.9468,46.7043],[-123.9359,46.7054]]]},"properties":{"ZCTA5CE10":"98590"}},{"type":"Feature","geometry":{"type":"Polygon","coordinates":[[[-123.9577,46.3487],[-123.9487,46.3373],[-123.9182,46.337],[-123.9101,46.341],[-123.9069,46.3369],[-123.8497,46.3362],[-123.8501,46.2607],[-123.8525,46.2594],[-123.8799,46.2667],[-123.8861,46.2644],[-123.8766,46.2576],[-123.8681,46.2561],[-123.864,46.2494],[-123.875,46.2412],[-123.8719,46.2349],[-123.8151,46.2498],[-123.7781,46.2543],[-123.7414,46.2692],[-123.6876,46.2502],[-123.6842,46.251],[-123.6866,46.298],[-123.7012,46.3048],[-123.7152,46.3027],[-123.7167,46.3107],[-123.7084,46.3179],[-123.7019,46.3137],[-123.6937,46.3173],[-123.6978,46.3362],[-123.6933,46.3249],[-123.6754,46.3374],[-123.6753,46.349],[-123.6558,46.3487],[-123.6541,46.3543],[-123.6442,46.3487],[-123.6438,46.3559],[-123.6433,46.3845],[-123.5812,46.3841],[-123.5828,46.3889],[-123.5759,46.3998],[-123.5786,46.4058],[-123.571,46.4103],[-123.5739,46.4193],[-123.5656,46.4256],[-123.5544,46.4219],[-123.547,46.4356],[-123.5382,46.4372],[-123.524,46.4347],[-123.5187,46.444],[-123.516,46.441],[-123.4831,46.44],[-123.4672,46.4414],[-123.4602,46.4438],[-123.4689,46.4548],[-123.4607,46.4697],[-123.4829,46.4698],[-123.4829,46.4677],[-123.5192,46.4678],[-123.5388,46.468],[-123.6622,46.4717],[-123.7047,46.4707],[-123.7492,46.4714],[-123.757,46.4635],[-123.7653,46.4665],[-123.7657,46.458],[-123.8187,46.4576],[-123.8727,46.458],[-123.8725,46.4498],[-123.8576,46.4377],[-123.8576,46.4294],[-123.8711,46.4366],[-123.8804,46.4371],[-123.8895,46.4418],[-123.9062,46.4427],[-123.9071,46.449],[-123.9094,46.4397],[-123.9023,46.4332],[-123.9051,46.4296],[-123.8931,46.4264],[-123.888,46.398],[-123.8823,46.3861],[-123.9513,46.3873],[-123.9539,46.3781],[-123.9526,46.3657],[-123.9594,46.3597],[-123.9577,46.3487]]]},"properties":{"ZCTA5CE10":"98638"}},{"type":"Feature","geometry":{"type":"Polygon","coordinates":[[[-124.0305,46.5424],[-124.0285,46.5491],[-124.031,46.5491],[-124.0305,46.5424]]]},"properties":{"ZCTA5CE10":"98641"}},{"type":"Feature","geometry":{"type":"Polygon","coordinates":[[[-117.3891,48.8196],[-117.3914,48.8287],[-117.3878,48.8467],[-117.3784,48.8551],[-117.3641,48.877],[-117.3728,48.8781],[-117.3935,48.8719],[-117.4058,48.8625],[-117.4202,48.8481],[-117.421,48.8377],[-117.4136,48.8263],[-117.3983,48.8244],[-117.3891,48.8196]]]},"properties":{"ZCTA5CE10":"99152"}},{"type":"Feature","geometry":{"type":"Polygon","coordinates":[[[-122.5821,47.2243],[-122.5722,47.2185],[-122.5771,47.2137],[-122.5052,47.2138],[-122.5008,47.2138],[-122.5053,47.2429],[-122.56,47.2427],[-122.5654,47.2468],[-122.5755,47.2295],[-122.5821,47.2243]]]},"properties":{"ZCTA5CE10":"98466"}},{"type":"Feature","geometry":{"type":"Polygon","coordinates":[[[-122.3265,47.2379],[-122.3357,47.2426],[-122.336,47.2559],[-122.35,47.2537],[-122.358,47.2587],[-122.3594,47.2463],[-122.3808,47.2457],[-122.3995,47.2473],[-122.3997,47.241],[-122.3921,47.2361],[-122.3564,47.2221],[-122.3417,47.2139],[-122.3205,47.2072],[-122.3205,47.2288],[-122.3265,47.2379]]]},"properties":{"ZCTA5CE10":"98424"}},{"type":"Feature","geometry":{"type":"Polygon","coordinates":[[[-122.4477,47.2638],[-122.4403,47.2584],[-122.4442,47.2667],[-122.4646,47.2761],[-122.4694,47.2733],[-122.4683,47.2554],[-122.4477,47.2638]]]},"properties":{"ZCTA5CE10":"98403"}},{"type":"Feature","geometry":{"type":"Polygon","coordinates":[[[-122.3575,47.1254],[-122.3576,47.1034],[-122.3617,47.0978],[-122.3569,47.0928],[-122.348,47.0789],[-122.3364,47.0785],[-122.3362,47.0819],[-122.3099,47.0819],[-122.2938,47.0819],[-122.2935,47.0986],[-122.2827,47.0978],[-122.2826,47.1127],[-122.2934,47.1111],[-122.2931,47.1257],[-122.3575,47.1254]]]},"properties":{"ZCTA5CE10":"98375"}},{"type":"Feature","geometry":{"type":"Polygon","coordinates":[[[-122.9506,48.4536],[-122.9447,48.4452],[-122.936,48.4443],[-122.935,48.4384],[-122.9246,48.4346],[-122.9085,48.4337],[-122.9032,48.437],[-122.8899,48.4333],[-122.898,48.4188],[-122.8857,48.4151],[-122.8465,48.4166],[-122.8334,48.4189],[-122.826,48.413],[-122.8132,48.4151],[-122.796,48.4261],[-122.7943,48.4319],[-122.8013,48.4394],[-122.795,48.4452],[-122.7985,48.4522],[-122.8092,48.4592],[-122.8047,48.4738],[-122.8058,48.4797],[-122.8403,48.4798],[-122.8425,48.5572],[-122.8594,48.5727],[-122.8763,48.5761],[-122.8944,48.5746],[-122.9091,48.5601],[-122.9343,48.547],[-122.936,48.5387],[-122.9519,48.5286],[-122.9482,48.5144],[-122.9522,48.4998],[-122.9529,48.4857],[-122.9506,48.4536]]]},"properties":{"ZCTA5CE10":"98261"}},{"type":"Feature","geometry":{"type":"Polygon","coordinates":[[[-123.0016,48.6671],[-123.0159,48.6564],[-123.0213,48.6431],[-123.0336,48.6341],[-123.0415,48.6248],[-123.0678,48.6248],[-123.0675,48.6226],[-123.0648,48.6075],[-123.0318,48.5807],[-123.011,48.5893],[-123.0013,48.5901],[-122.9649,48.5977],[-122.9491,48.5986],[-122.9561,48.618],[-122.9539,48.6284],[-122.958,48.6319],[-122.9683,48.6288],[-122.9727,48.6336],[-122.9856,48.6297],[-122.9935,48.6327],[-123.0059,48.6573],[-123.0016,48.6671]]]},"properties":{"ZCTA5CE10":"98243"}},{"type":"Feature","geometry":{"type":"Polygon","coordinates":[[[-121.9202,48.6448],[-121.9218,48.6022],[-121.9183,48.5591],[-121.9194,48.5299],[-121.9303,48.5291],[-121.9304,48.518],[-121.9188,48.5107],[-121.9052,48.5113],[-121.8902,48.509],[-121.8819,48.5122],[-121.8701,48.4969],[-121.8774,48.4716],[-121.7515,48.4707],[-121.7016,48.4711],[-121.7018,48.459],[-121.6865,48.4449],[-121.6844,48.4379],[-121.674,48.4227],[-121.6458,48.4091],[-121.6195,48.3934],[-121.6166,48.3845],[-121.5562,48.3839],[-121.5501,48.39],[-121.5503,48.3978],[-121.5345,48.4077],[-121.526,48.4046],[-121.5305,48.4278],[-121.5397,48.4324],[-121.5482,48.4326],[-121.5647,48.4473],[-121.563,48.4583],[-121.5713,48.4598],[-121.5795,48.4558],[-121.5856,48.4616],[-121.5931,48.4846],[-121.6042,48.4812],[-121.6286,48.48],[-121.6279,48.4891],[-121.6112,48.4872],[-121.586,48.4884],[-121.5772,48.4913],[-121.5431,48.4943],[-121.5198,48.5026],[-121.4994,48.5049],[-121.4859,48.5089],[-121.4586,48.53],[-121.4565,48.5315],[-121.4912,48.5532],[-121.5106,48.5641],[-121.5389,48.6063],[-121.54,48.6261],[-121.567,48.6426],[-121.5327,48.6425],[-121.5519,48.6531],[-121.5628,48.6521],[-121.5645,48.6586],[-121.5737,48.6608],[-121.5643,48.6861],[-121.5436,48.702],[-121.5432,48.7779],[-121.5509,48.787],[-121.5635,48.7872],[-121.5854,48.7876],[-121.6073,48.788],[-121.6074,48.8177],[-121.7385,48.8177],[-121.7384,48.7377],[-121.7155,48.7254],[-121.6947,48.7173],[-121.6933,48.713],[-121.7044,48.6963],[-121.7118,48.6758],[-121.7187,48.6668],[-121.712,48.6576],[-121.7127,48.6491],[-121.7289,48.6493],[-121.7298,48.6432],[-121.8068,48.6435],[-121.8549,48.6447],[-121.9202,48.6448]]]},"properties":{"ZCTA5CE10":"98237"}},{"type":"Feature","geometry":{"type":"Polygon","coordinates":[[[-122.3467,48.3416],[-122.3438,48.3228],[-122.3399,48.3406],[-122.3467,48.3416]]]},"properties":{"ZCTA5CE10":"98238"}},{"type":"Feature","geometry":{"type":"Polygon","coordinates":[[[-122.2607,47.9225],[-122.2607,47.9326],[-122.2774,47.9323],[-122.2877,47.9443],[-122.2821,47.9495],[-122.2914,47.951],[-122.2917,47.9564],[-122.3099,47.9523],[-122.3154,47.9372],[-122.3141,47.9291],[-122.3229,47.9192],[-122.332,47.9001],[-122.3276,47.8934],[-122.3204,47.8933],[-122.3196,47.8812],[-122.3012,47.882],[-122.2932,47.8751],[-122.28,47.8827],[-122.2839,47.8884],[-122.2928,47.9018],[-122.2927,47.9184],[-122.2901,47.9236],[-122.2607,47.9225]]]},"properties":{"ZCTA5CE10":"98275"}},{"type":"Feature","geometry":{"type":"Polygon","coordinates":[[[-122.1225,48.0217],[-122.1242,48.0071],[-122.1189,48.0071],[-122.113,47.9992],[-122.1055,47.9981],[-122.1027,47.9781],[-122.059,47.9788],[-122.0491,47.9856],[-122.0493,47.9968],[-122.042,47.9903],[-122.038,48.0042],[-122.0376,48.0154],[-122.0321,48.0154],[-122.024,48.0231],[-122.0242,48.0332],[-122.0179,48.0391],[-122.0257,48.0413],[-122.0296,48.0479],[-122.0178,48.0582],[-122.0096,48.0719],[-122.0321,48.0724],[-122.0319,48.0771],[-122.0463,48.0941],[-122.0429,48.0941],[-122.0434,48.1087],[-122.054,48.1086],[-122.0544,48.1235],[-122.0748,48.1235],[-122.0719,48.1084],[-122.0757,48.1084],[-122.0764,48.1235],[-122.0786,48.1098],[-122.0699,48.1014],[-122.0755,48.1014],[-122.0755,48.0942],[-122.0863,48.0939],[-122.098,48.072],[-122.1114,48.072],[-122.1094,48.0215],[-122.1225,48.0217]]]},"properties":{"ZCTA5CE10":"98258"}},{"type":"Feature","geometry":{"type":"Polygon","coordinates":[[[-122.0476,47.8313],[-122.032,47.8228],[-121.9952,47.8294],[-121.9909,47.8393],[-122.0122,47.8376],[-122.0125,47.8778],[-122.0026,47.8795],[-121.9905,47.8742],[-121.9857,47.8775],[-121.9654,47.8776],[-121.9621,47.8815],[-121.9411,47.8816],[-121.9443,47.8867],[-121.9277,47.9043],[-121.9122,47.9036],[-121.9228,47.907],[-121.9379,47.916],[-121.9385,47.9207],[-121.9274,47.9208],[-121.9281,47.9351],[-121.9388,47.9346],[-121.9388,47.9421],[-121.9479,47.9421],[-121.9467,47.9495],[-121.9333,47.9526],[-121.9057,47.9455],[-121.9043,47.959],[-121.8898,47.9519],[-121.875,47.9621],[-121.8582,47.9624],[-121.8526,47.9576],[-121.8355,47.95],[-121.804,47.95],[-121.777,47.95],[-121.7842,47.9664],[-121.7783,47.9627],[-121.7644,47.9734],[-121.7366,47.9687],[-121.7228,47.9701],[-121.7413,47.9728],[-121.7565,47.9791],[-121.7968,47.9791],[-121.797,48.008],[-121.8128,48.0082],[-121.8047,48.0146],[-121.8122,48.0199],[-121.84,48.0331],[-121.8611,48.033],[-121.861,48.0076],[-121.9044,48.008],[-121.9097,48.005],[-121.9187,48.0138],[-121.9296,48.0156],[-121.9398,48.009],[-121.9508,48.0173],[-121.9538,48.0235],[-121.9522,48.0353],[-121.9569,48.0463],[-121.9641,48.0452],[-121.9685,48.0533],[-121.9875,48.0589],[-122.0022,48.0581],[-122.002,48.0541],[-122.0178,48.0582],[-122.0296,48.0479],[-122.0257,48.0413],[-122.0179,48.0391],[-122.0242,48.0332],[-122.024,48.0231],[-122.0321,48.0154],[-122.0376,48.0154],[-122.038,48.0042],[-122.042,47.9903],[-122.0493,47.9968],[-122.0491,47.9856],[-122.059,47.9788],[-122.065,47.9708],[-122.077,47.9709],[-122.079,47.9563],[-122.0879,47.9563],[-122.0887,47.9508],[-122.1015,47.9533],[-122.102,47.9637],[-122.125,47.9631],[-122.1338,47.9708],[-122.1313,47.9618],[-122.1466,47.9528],[-122.16,47.9504],[-122.1719,47.9418],[-122.1685,47.9283],[-122.1467,47.9217],[-122.1377,47.9225],[-122.1216,47.9181],[-122.1161,47.9127],[-122.0949,47.9102],[-122.0899,47.9055],[-122.0911,47.8929],[-122.0865,47.8828],[-122.0898,47.8807],[-122.0876,47.8681],[-122.0798,47.8663],[-122.0866,47.8576],[-122.0732,47.8472],[-122.0476,47.8313]]]},"properties":{"ZCTA5CE10":"98290"}},{"type":"Feature","geometry":{"type":"Polygon","coordinates":[[[-117.4128,47.6728],[-117.4112,47.7079],[-117.4119,47.7151],[-117.4432,47.7159],[-117.4771,47.7153],[-117.4909,47.7095],[-117.4922,47.7008],[-117.4936,47.6933],[-117.481,47.6967],[-117.4672,47.6902],[-117.4767,47.6871],[-117.4718,47.6804],[-117.4524,47.6802],[-117.4427,47.6722],[-117.4173,47.6713],[-117.4128,47.6728]]]},"properties":{"ZCTA5CE10":"99205"}},{"type":"Feature","geometry":{"type":"Polygon","coordinates":[[[-117.6254,47.643],[-117.6495,47.6429],[-117.6738,47.6322],[-117.6684,47.6165],[-117.6918,47.609],[-117.6872,47.602],[-117.6655,47.6097],[-117.6506,47.6048],[-117.6504,47.5947],[-117.6395,47.595],[-117.6393,47.5887],[-117.629,47.5909],[-117.6258,47.6079],[-117.6256,47.6284],[-117.6254,47.643]]]},"properties":{"ZCTA5CE10":"99011"}},{"type":"Feature","geometry":{"type":"Polygon","coordinates":[[[-117.3776,47.6418],[-117.3736,47.6318],[-117.3793,47.6345],[-117.3779,47.6137],[-117.4165,47.6137],[-117.4134,47.6063],[-117.405,47.6028],[-117.4021,47.5874],[-117.3902,47.5876],[-117.3903,47.5803],[-117.3797,47.5803],[-117.3798,47.5583],[-117.3905,47.5583],[-117.3904,47.5509],[-117.3968,47.5448],[-117.3809,47.5484],[-117.3865,47.5396],[-117.3684,47.5355],[-117.3698,47.5418],[-117.3593,47.5421],[-117.3454,47.5471],[-117.3387,47.5543],[-117.3254,47.5505],[-117.3254,47.5461],[-117.3104,47.5451],[-117.2936,47.5536],[-117.2886,47.5688],[-117.2902,47.5808],[-117.2976,47.5812],[-117.2977,47.5943],[-117.2976,47.6135],[-117.2935,47.6207],[-117.3102,47.6356],[-117.3209,47.6399],[-117.3363,47.639],[-117.3363,47.6427],[-117.3469,47.6428],[-117.3776,47.6418]]]},"properties":{"ZCTA5CE10":"99223"}},{"type":"Feature","geometry":{"type":"Polygon","coordinates":[[[-117.1106,47.5802],[-117.1848,47.5797],[-117.1848,47.5834],[-117.2062,47.587],[-117.2063,47.5798],[-117.2243,47.5799],[-117.2228,47.5731],[-117.2143,47.5619],[-117.2131,47.5509],[-117.2385,47.5509],[-117.2387,47.5414],[-117.2137,47.5476],[-117.2148,47.5419],[-117.2017,47.5291],[-117.1777,47.5435],[-117.1516,47.5421],[-117.1559,47.5365],[-117.1419,47.5482],[-117.1426,47.551],[-117.1106,47.5512],[-117.1106,47.5802]]]},"properties":{"ZCTA5CE10":"99023"}},{"type":"Feature","geometry":{"type":"Polygon","coordinates":[[[-117.0409,47.5847],[-117.0569,47.5884],[-117.0856,47.5799],[-117.1106,47.5802],[-117.1106,47.5512],[-117.1426,47.551],[-117.1419,47.5482],[-117.1559,47.5365],[-117.1889,47.5275],[-117.1995,47.5266],[-117.1945,47.5187],[-117.2006,47.4943],[-117.2012,47.4782],[-117.2384,47.4781],[-117.2387,47.4637],[-117.217,47.4635],[-117.2168,47.4564],[-117.193,47.4564],[-117.1886,47.4503],[-117.1892,47.442],[-117.1628,47.442],[-117.1595,47.4344],[-117.1638,47.4274],[-117.1637,47.4127],[-117.1368,47.4126],[-117.1367,47.4053],[-117.11,47.4054],[-117.1099,47.3922],[-117.0993,47.3958],[-117.0776,47.395],[-117.0671,47.3908],[-117.0398,47.393],[-117.0399,47.4923],[-117.0413,47.5582],[-117.0409,47.5847]]]},"properties":{"ZCTA5CE10":"99030"}},{"type":"Feature","geometry":{"type":"Polygon","coordinates":[[[-117.6071,48.1695],[-117.6182,48.1554],[-117.631,48.1452],[-117.6451,48.1451],[-117.6448,48.1357],[-117.6561,48.1357],[-117.6358,48.0925],[-117.6627,48.0927],[-117.6625,48.0665],[-117.6758,48.0703],[-117.6751,48.0758],[-117.6916,48.0795],[-117.6827,48.0641],[-117.703,48.0671],[-117.7242,48.0619],[-117.7298,48.0658],[-117.7361,48.0617],[-117.7413,48.0567],[-117.7234,48.0605],[-117.7095,48.0546],[-117.7005,48.0608],[-117.6826,48.0626],[-117.6827,48.0558],[-117.693,48.0557],[-117.6926,48.0192],[-117.6291,48.0191],[-117.6085,48.019],[-117.6092,48.0278],[-117.6018,48.0222],[-117.5904,48.0197],[-117.6003,48.0298],[-117.5871,48.0297],[-117.5869,48.0333],[-117.545,48.0333],[-117.545,48.0426],[-117.5407,48.0478],[-117.565,48.0481],[-117.5652,48.0691],[-117.5503,48.0712],[-117.5536,48.0793],[-117.5603,48.0978],[-117.5799,48.1205],[-117.5647,48.1205],[-117.5645,48.128],[-117.5133,48.1275],[-117.5133,48.1349],[-117.5023,48.1347],[-117.5022,48.1947],[-117.5022,48.2004],[-117.5124,48.1999],[-117.518,48.1951],[-117.5649,48.1943],[-117.5644,48.1776],[-117.5781,48.1778],[-117.585,48.1878],[-117.5792,48.1936],[-117.5915,48.1892],[-117.5956,48.1803],[-117.6071,48.1695]]]},"properties":{"ZCTA5CE10":"99148"}},{"type":"Feature","geometry":{"type":"Polygon","coordinates":[[[-118.0214,48.0907],[-118.0339,48.0833],[-118.0507,48.084],[-118.0651,48.0921],[-118.0655,48.1023],[-118.0712,48.1057],[-118.0724,48.114],[-118.0799,48.1199],[-118.1212,48.1227],[-118.1395,48.1264],[-118.1603,48.122],[-118.1662,48.1232],[-118.1789,48.1182],[-118.2012,48.1155],[-118.2043,48.1028],[-118.2014,48.1007],[-118.2046,48.0877],[-118.1971,48.0762],[-118.2062,48.0671],[-118.2145,48.083],[-118.226,48.0853],[-118.2329,48.1094],[-118.2362,48.1123],[-118.233,48.1252],[-118.2539,48.1248],[-118.2533,48.1125],[-118.2375,48.1048],[-118.2313,48.0895],[-118.2353,48.0755],[-118.2332,48.0653],[-118.2452,48.0547],[-118.2579,48.0598],[-118.2667,48.0567],[-118.2656,48.0513],[-118.2755,48.0406],[-118.3161,48.0416],[-118.3395,48.0498],[-118.3589,48.0494],[-118.4008,48.0287],[-118.4011,48.0229],[-118.3754,47.9999],[-118.3706,47.9856],[-118.3487,47.9718],[-118.3561,47.9293],[-118.34,47.9002],[-118.3409,47.8944],[-118.3213,47.8964],[-118.3155,47.91],[-118.2889,47.9202],[-118.272,47.9324],[-118.2601,47.9342],[-118.249,47.9431],[-118.2319,47.9396],[-118.213,47.9453],[-118.2029,47.9371],[-118.2006,47.9283],[-118.1905,47.926],[-118.1873,47.9189],[-118.1765,47.9101],[-118.1786,47.9022],[-118.1641,47.9015],[-118.1595,47.8962],[-118.1606,47.8851],[-118.1486,47.8866],[-118.1408,47.8897],[-118.1347,47.8975],[-118.1212,47.9008],[-118.1113,47.9001],[-118.0924,47.907],[-118.0872,47.9041],[-118.0707,47.9081],[-118.048,47.9075],[-118.0411,47.9207],[-118.0283,47.933],[-118.0426,47.9371],[-118.0417,47.9544],[-118.0524,47.952],[-118.0655,47.9656],[-118.0769,47.9711],[-118.0653,47.9748],[-118.0553,47.9817],[-118.0719,47.9805],[-118.079,47.9905],[-118.0804,48.002],[-118.1053,48.0021],[-118.1088,48.028],[-118.0856,48.0275],[-118.0785,48.0344],[-118.0684,48.0382],[-118.0643,48.0471],[-118.0465,48.05],[-118.0294,48.0568],[-118.0197,48.0694],[-118.0149,48.0876],[-118.0214,48.0907]],[[-118.3189,47.935],[-118.3133,47.9308],[-118.2948,47.9413],[-118.2879,47.9368],[-118.2956,47.9327],[-118.2985,47.9257],[-118.3098,47.9167],[-118.3186,47.9137],[-118.3223,47.9077],[-118.3317,47.9059],[-118.3358,47.9108],[-118.3282,47.9244],[-118.3189,47.935]]]},"properties":{"ZCTA5CE10":"99129"}},{"type":"Feature","geometry":{"type":"Polygon","coordinates":[[[-122.8392,47.0454],[-122.8519,47.0414],[-122.8591,47.0463],[-122.8941,47.0446],[-122.9012,47.0625],[-122.9095,47.0595],[-122.9093,47.0375],[-122.9064,47.0211],[-122.9064,47.0108],[-122.9158,46.9942],[-122.9286,46.979],[-122.9324,46.9705],[-122.929,46.9673],[-122.9137,46.9673],[-122.9132,46.96],[-122.9072,46.9599],[-122.9142,46.9528],[-122.8972,46.9517],[-122.9079,46.9363],[-122.9078,46.9163],[-122.8656,46.9165],[-122.8664,46.9003],[-122.8377,46.908],[-122.8363,46.9166],[-122.8272,46.9204],[-122.81,46.9202],[-122.814,46.9255],[-122.8277,46.9323],[-122.8269,46.9267],[-122.839,46.9247],[-122.8512,46.9363],[-122.8505,46.9453],[-122.8288,46.9532],[-122.8122,46.9564],[-122.8128,46.9766],[-122.8241,46.9816],[-122.8336,46.9963],[-122.8344,47.0219],[-122.839,47.0248],[-122.8392,47.0454]]]},"properties":{"ZCTA5CE10":"98501"}},{"type":"Feature","geometry":{"type":"MultiPolygon","coordinates":[[[[-122.7646,47.054],[-122.749,47.0539],[-122.749,47.0599],[-122.7645,47.0568],[-122.7646,47.054]]],[[[-122.7646,47.054],[-122.8232,47.0486],[-122.8337,47.0458],[-122.8392,47.0454],[-122.839,47.0248],[-122.8344,47.0219],[-122.8336,46.9963],[-122.8073,46.9962],[-122.8076,47.0024],[-122.786,47.0054],[-122.7544,47.0033],[-122.7543,47.0172],[-122.7651,47.0218],[-122.7646,47.054]]]]},"properties":{"ZCTA5CE10":"98503"}},{"type":"Feature","geometry":{"type":"Polygon","coordinates":[[[-122.6891,48.9356],[-122.699,48.9356],[-122.6946,48.9191],[-122.7045,48.9175],[-122.7045,48.9066],[-122.7156,48.9066],[-122.7155,48.892],[-122.7265,48.892],[-122.7265,48.8546],[-122.7151,48.8437],[-122.7094,48.8195],[-122.7115,48.8195],[-122.7128,48.7876],[-122.7034,48.779],[-122.7084,48.7853],[-122.7023,48.7859],[-122.7056,48.8023],[-122.693,48.8],[-122.6807,48.8017],[-122.6644,48.7892],[-122.6596,48.8006],[-122.6499,48.8084],[-122.6497,48.794],[-122.632,48.7963],[-122.6155,48.7961],[-122.6052,48.7935],[-122.6046,48.7882],[-122.5902,48.7883],[-122.5923,48.7958],[-122.5819,48.8086],[-122.58,48.8189],[-122.5463,48.8184],[-122.5494,48.8334],[-122.555,48.8334],[-122.5585,48.8446],[-122.5535,48.8432],[-122.5299,48.848],[-122.5299,48.8552],[-122.5191,48.8552],[-122.519,48.8697],[-122.5243,48.8697],[-122.5237,48.8795],[-122.5191,48.8879],[-122.5102,48.8879],[-122.5139,48.8982],[-122.5028,48.9033],[-122.4856,48.9048],[-122.4855,48.9201],[-122.4962,48.9146],[-122.509,48.9143],[-122.5102,48.9108],[-122.5348,48.9123],[-122.5244,48.924],[-122.5076,48.9242],[-122.4973,48.9279],[-122.5073,48.935],[-122.5365,48.9353],[-122.5429,48.9284],[-122.5495,48.9353],[-122.5744,48.9353],[-122.5966,48.9432],[-122.5967,48.9355],[-122.5855,48.9354],[-122.5857,48.9208],[-122.5894,48.9172],[-122.6139,48.9172],[-122.6198,48.9063],[-122.6399,48.9063],[-122.6547,48.9146],[-122.6595,48.9209],[-122.688,48.9212],[-122.6891,48.9356]]]},"properties":{"ZCTA5CE10":"98248"}},{"type":"Feature","geometry":{"type":"Polygon","coordinates":[[[-122.5521,48.9648],[-122.5558,48.9685],[-122.5905,48.9755],[-122.5901,48.9791],[-122.6159,48.9785],[-122.6158,48.9857],[-122.6424,48.986],[-122.6488,48.9751],[-122.6589,48.9752],[-122.66,48.965],[-122.6723,48.9572],[-122.6601,48.9483],[-122.6601,48.936],[-122.6678,48.9355],[-122.6899,48.9502],[-122.6966,48.95],[-122.6835,48.9431],[-122.6891,48.9356],[-122.688,48.9212],[-122.6595,48.9209],[-122.6547,48.9146],[-122.6399,48.9063],[-122.6198,48.9063],[-122.6139,48.9172],[-122.5894,48.9172],[-122.5857,48.9208],[-122.5855,48.9354],[-122.5967,48.9355],[-122.5966,48.9432],[-122.5744,48.9353],[-122.574,48.95],[-122.5467,48.95],[-122.5464,48.9647],[-122.5521,48.9648]]]},"properties":{"ZCTA5CE10":"98240"}},{"type":"Feature","geometry":{"type":"Polygon","coordinates":[[[-117.3575,47.0059],[-117.355,47.0097],[-117.3625,47.017],[-117.3575,47.0059]]]},"properties":{"ZCTA5CE10":"99174"}},{"type":"Feature","geometry":{"type":"Polygon","coordinates":[[[-120.4731,46.5316],[-120.4663,46.535],[-120.4173,46.535],[-120.4172,46.521],[-120.4065,46.5185],[-120.4008,46.5061],[-120.3298,46.5061],[-120.3232,46.5032],[-120.3155,46.5105],[-120.3022,46.5128],[-120.2903,46.5087],[-120.259,46.5002],[-120.2451,46.4989],[-120.234,46.4935],[-120.2249,46.4953],[-120.2149,46.4897],[-120.2024,46.4896],[-120.1928,46.4862],[-120.1865,46.4783],[-120.1727,46.4766],[-120.1579,46.4711],[-120.1348,46.4781],[-120.1213,46.478],[-120.1105,46.4817],[-120.0965,46.4815],[-120.0756,46.4772],[-120.0652,46.4794],[-120.0316,46.4764],[-120.0053,46.476],[-120.0038,46.4815],[-119.9868,46.4892],[-119.9785,46.4889],[-119.969,46.4935],[-119.9505,46.4968],[-119.9368,46.4938],[-119.9376,46.5343],[-119.8792,46.5423],[-119.8742,46.5453],[-119.8751,46.5772],[-119.8741,46.6286],[-119.8948,46.6323],[-119.9104,46.6447],[-119.9163,46.6357],[-119.9178,46.5625],[-120.0429,46.5625],[-120.1081,46.5629],[-120.1072,46.5699],[-120.1282,46.5701],[-120.1281,46.5771],[-120.1747,46.5776],[-120.2557,46.5772],[-120.3168,46.5771],[-120.3163,46.5725],[-120.3312,46.5697],[-120.3391,46.5771],[-120.3462,46.5731],[-120.3621,46.5771],[-120.3721,46.5691],[-120.3752,46.573],[-120.3986,46.5734],[-120.4039,46.5771],[-120.4038,46.5625],[-120.3964,46.5597],[-120.4178,46.5496],[-120.4401,46.5477],[-120.4694,46.5502],[-120.4702,46.5571],[-120.4731,46.5316]]]},"properties":{"ZCTA5CE10":"98936"}},{"type":"Feature","geometry":{"type":"Polygon","coordinates":[[[-120.3153,46.4307],[-120.3244,46.4328],[-120.3138,46.4269],[-120.3153,46.4307]]]},"properties":{"ZCTA5CE10":"98921"}},{"type":"Feature","geometry":{"type":"Polygon","coordinates":[[[-119.2233,46.0625],[-119.2578,46.0627],[-119.2774,46.0584],[-119.2811,46.0684],[-119.2856,46.07],[-119.3286,46.0706],[-119.3271,46.0852],[-119.3704,46.0866],[-119.3715,46.0527],[-119.367,46.0413],[-119.4556,46.0424],[-119.4552,45.9978],[-119.456,45.9469],[-119.4664,45.9465],[-119.4669,45.9242],[-119.4562,45.9203],[-119.4563,45.9156],[-119.4503,45.9174],[-119.3644,45.9216],[-119.3225,45.9332],[-119.2571,45.9399],[-119.2257,45.9327],[-119.2043,45.9293],[-119.2044,45.938],[-119.1813,45.9347],[-119.1632,45.9376],[-119.1416,45.951],[-119.1413,45.9804],[-119.1252,45.9809],[-119.1237,45.9896],[-119.1447,45.9894],[-119.163,45.9846],[-119.1632,45.9509],[-119.1688,45.9503],[-119.166,45.9715],[-119.1749,45.9762],[-119.1757,45.9687],[-119.1875,45.9662],[-119.2042,45.9664],[-119.2041,45.9975],[-119.2152,45.9962],[-119.2187,45.9994],[-119.2344,45.995],[-119.2559,46.0006],[-119.2356,46.0101],[-119.228,46.0157],[-119.2246,46.0253],[-119.1832,46.024],[-119.1202,46.0236],[-119.1201,46.0377],[-119.1093,46.0389],[-119.1097,46.06],[-119.1402,46.0603],[-119.1401,46.0676],[-119.1457,46.0699],[-119.1447,46.0766],[-119.157,46.0851],[-119.1555,46.0917],[-119.1588,46.1034],[-119.1637,46.1059],[-119.1667,46.0943],[-119.176,46.0749],[-119.1774,46.0611],[-119.2233,46.0625]]]},"properties":{"ZCTA5CE10":"99346"}},{"type":"Feature","geometry":{"type":"Polygon","coordinates":[[[-120.442,47.6376],[-120.4484,47.6434],[-120.451,47.6565],[-120.4647,47.6577],[-120.4603,47.6746],[-120.4804,47.6729],[-120.484,47.6783],[-120.4774,47.6838],[-120.4898,47.6873],[-120.4989,47.7028],[-120.4929,47.7051],[-120.5131,47.7044],[-120.526,47.7283],[-120.5228,47.7344],[-120.5292,47.7526],[-120.537,47.7647],[-120.5346,47.7692],[-120.5511,47.7856],[-120.5573,47.7886],[-120.5782,47.8053],[-120.5857,47.8214],[-120.6032,47.8366],[-120.6077,47.8461],[-120.6092,47.8592],[-120.6244,47.8806],[-120.6262,47.8933],[-120.6322,47.8939],[-120.6303,47.9009],[-120.6366,47.9024],[-120.6448,47.9185],[-120.6574,47.9226],[-120.6594,47.9394],[-120.6463,47.9446],[-120.6393,47.9398],[-120.632,47.9454],[-120.6381,47.9611],[-120.6619,47.9524],[-120.6744,47.9678],[-120.6669,47.9705],[-120.6681,47.9815],[-120.6728,47.9833],[-120.6823,47.9968],[-120.7101,48.0075],[-120.7128,48.0132],[-120.7261,48.0209],[-120.7306,48.0386],[-120.7415,48.0434],[-120.7477,48.0576],[-120.7477,48.0738],[-120.7512,48.0813],[-120.7641,48.0872],[-120.7715,48.0965],[-120.7925,48.1027],[-120.7949,48.1119],[-120.8117,48.1281],[-120.8064,48.1357],[-120.8169,48.1484],[-120.8462,48.1572],[-120.8642,48.1805],[-120.8811,48.1764],[-120.8817,48.1696],[-120.8886,48.1658],[-120.9062,48.1638],[-120.9158,48.1594],[-120.9308,48.1616],[-120.9325,48.1571],[-120.9545,48.1525],[-120.9546,48.1481],[-120.9646,48.1411],[-120.9633,48.1356],[-120.9556,48.1211],[-120.9476,48.1121],[-120.9583,48.1082],[-120.9706,48.1094],[-120.98,48.0954],[-120.9987,48.0898],[-121.0034,48.0817],[-121.0154,48.0751],[-121.0314,48.0782],[-121.0488,48.0702],[-121.0631,48.0701],[-121.0801,48.062],[-121.0892,48.0648],[-121.1005,48.0626],[-121.1078,48.0568],[-121.1153,48.0577],[-121.1199,48.0518],[-121.1371,48.0443],[-121.1535,48.0409],[-121.149,48.0305],[-121.1306,48.0205],[-121.1289,48.0142],[-121.1181,48.0065],[-121.1181,47.9977],[-121.1355,47.9829],[-121.147,47.9814],[-121.1483,47.9703],[-121.163,47.958],[-121.1614,47.9476],[-121.173,47.9326],[-121.171,47.9252],[-121.1795,47.9188],[-121.1712,47.9126],[-121.1802,47.8971],[-121.1754,47.8863],[-121.1579,47.8761],[-121.147,47.8569],[-121.1532,47.8453],[-121.134,47.8433],[-121.1335,47.8398],[-121.1213,47.837],[-121.1191,47.831],[-121.1074,47.8288],[-121.0944,47.833],[-121.078,47.8343],[-121.0707,47.826],[-121.0808,47.8168],[-121.0928,47.8002],[-121.1032,47.7967],[-121.109,47.7891],[-121.1204,47.7841],[-121.119,47.7799],[-121.1198,47.7766],[-121.1078,47.7666],[-121.1103,47.7581],[-121.0942,47.7584],[-121.0896,47.7461],[-121.0789,47.7393],[-121.0866,47.7288],[-121.0839,47.7233],[-121.0696,47.7176],[-121.0684,47.7062],[-121.0786,47.7022],[-121.09,47.703],[-121.0938,47.6956],[-121.1056,47.6888],[-121.1213,47.6852],[-121.1288,47.6761],[-121.123,47.6638],[-121.1316,47.6554],[-121.1334,47.6456],[-121.1262,47.6381],[-121.1276,47.6318],[-121.1141,47.622],[-121.1198,47.6157],[-121.119,47.6088],[-121.1119,47.6024],[-121.1136,47.5971],[-121.1108,47.5928],[-121.0922,47.5855],[-121.086,47.5739],[-121.0901,47.5698],[-121.0706,47.5509],[-121.0471,47.5341],[-121.0401,47.5354],[-121.0257,47.5289],[-121.0238,47.5239],[-120.9965,47.5186],[-120.9911,47.511],[-120.9942,47.5044],[-120.979,47.4904],[-120.959,47.4842],[-120.9552,47.4773],[-120.9465,47.4728],[-120.952,47.4615],[-120.9351,47.4592],[-120.9257,47.4497],[-120.9086,47.4551],[-120.9151,47.4616],[-120.7768,47.4617],[-120.7768,47.4676],[-120.7347,47.4672],[-120.7221,47.4719],[-120.7102,47.4714],[-120.6903,47.4742],[-120.6808,47.4694],[-120.6712,47.4691],[-120.6709,47.5243],[-120.648,47.5241],[-120.6474,47.5533],[-120.6201,47.5534],[-120.6196,47.5746],[-120.6121,47.5737],[-120.6108,47.5805],[-120.6202,47.5844],[-120.6251,47.5963],[-120.6115,47.5971],[-120.6115,47.6008],[-120.625,47.6045],[-120.625,47.6131],[-120.5895,47.6133],[-120.5423,47.6124],[-120.5376,47.6087],[-120.5176,47.6105],[-120.5092,47.6185],[-120.4968,47.6214],[-120.4813,47.6305],[-120.4738,47.6266],[-120.4684,47.6296],[-120.4557,47.6202],[-120.4588,47.6299],[-120.4556,47.6424],[-120.442,47.6376]]]},"properties":{"ZCTA5CE10":"98826"}},{"type":"Feature","geometry":{"type":"Polygon","coordinates":[[[-120.0933,48.0195],[-120.1045,48.0129],[-120.1067,48.0063],[-120.1231,48.0062],[-120.1446,47.9993],[-120.1582,47.9971],[-120.1679,47.9879],[-120.1781,47.983],[-120.1867,47.9713],[-120.1999,47.9659],[-120.1973,47.9457],[-120.2047,47.9326],[-120.2048,47.9104],[-120.1987,47.888],[-120.1819,47.8807],[-120.1743,47.8724],[-120.1622,47.8675],[-120.122,47.862],[-120.0985,47.8546],[-120.0936,47.8588],[-120.0922,47.8729],[-120.0794,47.8757],[-120.0976,47.8869],[-120.0897,47.8941],[-120.0797,47.8875],[-120.0806,47.9012],[-120.0689,47.9102],[-120.0668,47.9171],[-120.0598,47.9208],[-120.0613,47.9261],[-120.055,47.9369],[-120.0581,47.9529],[-120.0664,47.9665],[-120.0698,47.9717],[-120.063,47.9789],[-120.0811,47.9931],[-120.078,47.9996],[-120.083,48.011],[-120.0933,48.0195]]]},"properties":{"ZCTA5CE10":"98831"}},{"type":"Feature","geometry":{"type":"Polygon","coordinates":[[[-124.333,47.9711],[-124.3357,47.9673],[-124.3024,47.966],[-124.2781,47.957],[-124.2851,47.9508],[-124.2818,47.9441],[-124.2628,47.9301],[-124.2731,47.9312],[-124.2679,47.9093],[-124.2585,47.9062],[-124.2619,47.8979],[-124.2748,47.8941],[-124.2685,47.89],[-124.2727,47.8816],[-124.0123,47.8812],[-123.9973,47.8814],[-123.7987,47.8815],[-123.7987,47.8811],[-123.6967,47.8811],[-123.5059,47.8811],[-123.5059,47.8669],[-123.4677,47.8669],[-123.4706,47.878],[-123.4805,47.8864],[-123.4817,47.8963],[-123.4908,47.901],[-123.4955,47.9117],[-123.5118,47.9252],[-123.5277,47.9309],[-123.5288,47.9573],[-123.5288,48.0387],[-123.5172,48.0425],[-123.5025,48.0428],[-123.5077,48.0525],[-123.5275,48.0537],[-123.5274,48.0601],[-123.5034,48.0593],[-123.4899,48.0503],[-123.4796,48.0476],[-123.4563,48.0471],[-123.4449,48.0436],[-123.4487,48.0599],[-123.4555,48.0664],[-123.4455,48.0872],[-123.4534,48.0965],[-123.4513,48.1079],[-123.4627,48.1068],[-123.4449,48.1225],[-123.4379,48.1227],[-123.4572,48.1265],[-123.4641,48.1351],[-123.4582,48.1383],[-123.4366,48.1415],[-123.4034,48.1386],[-123.403,48.141],[-123.4371,48.1419],[-123.4577,48.139],[-123.4736,48.1338],[-123.5055,48.1318],[-123.5222,48.1355],[-123.5354,48.1461],[-123.5508,48.1513],[-123.56,48.1507],[-123.5718,48.1422],[-123.5867,48.1354],[-123.6132,48.1386],[-123.6241,48.1385],[-123.6359,48.1422],[-123.6371,48.1501],[-123.6513,48.1571],[-123.672,48.1627],[-123.6887,48.1634],[-123.7088,48.1671],[-123.7065,48.1635],[-123.7178,48.1588],[-123.7306,48.1652],[-123.7393,48.1601],[-123.7474,48.1616],[-123.7641,48.1596],[-123.7792,48.1553],[-123.8124,48.1547],[-123.8267,48.1611],[-123.843,48.1554],[-123.8634,48.1543],[-123.8806,48.1615],[-123.8963,48.1595],[-123.9164,48.1595],[-123.9382,48.1614],[-123.9471,48.1662],[-123.9357,48.1476],[-123.9382,48.1305],[-123.9737,48.1278],[-123.9827,48.1236],[-123.9953,48.1132],[-124.0111,48.1087],[-124.0222,48.1094],[-124.0361,48.1034],[-124.0488,48.1018],[-124.0743,48.1029],[-124.08,48.1077],[-124.1078,48.1067],[-124.138,48.1033],[-124.1635,48.0964],[-124.1792,48.0892],[-124.1782,48.0945],[-124.185,48.1002],[-124.1969,48.1027],[-124.1994,48.1108],[-124.2219,48.1226],[-124.2532,48.1103],[-124.2689,48.0914],[-124.2771,48.0852],[-124.2698,48.0796],[-124.2789,48.0701],[-124.2884,48.0692],[-124.3032,48.0608],[-124.3082,48.05],[-124.3095,47.9907],[-124.3223,47.9748],[-124.333,47.9711]]]},"properties":{"ZCTA5CE10":"98363"}},{"type":"Feature","geometry":{"type":"Polygon","coordinates":[[[-122.5944,45.6404],[-122.5992,45.6493],[-122.5994,45.6788],[-122.6022,45.6788],[-122.623,45.6787],[-122.6365,45.6716],[-122.636,45.6568],[-122.6484,45.6415],[-122.6589,45.6396],[-122.6582,45.6332],[-122.6502,45.6323],[-122.6536,45.6271],[-122.6648,45.6316],[-122.6753,45.6182],[-122.6439,45.6097],[-122.6077,45.6081],[-122.6023,45.6155],[-122.6001,45.6349],[-122.5944,45.6404]]]},"properties":{"ZCTA5CE10":"98661"}},{"type":"Feature","geometry":{"type":"Polygon","coordinates":[[[-122.5944,45.6404],[-122.6001,45.6349],[-122.6023,45.6155],[-122.6077,45.6081],[-122.5814,45.6039],[-122.5503,45.5973],[-122.5537,45.6139],[-122.5594,45.621],[-122.5594,45.6318],[-122.5631,45.6421],[-122.5804,45.6394],[-122.5944,45.6404]]]},"properties":{"ZCTA5CE10":"98664"}},{"type":"Feature","geometry":{"type":"Polygon","coordinates":[[[-122.2621,46.0585],[-122.2765,46.0582],[-122.2834,46.0514],[-122.2944,46.0492],[-122.2947,46.038],[-122.3059,46.0296],[-122.3117,46.0288],[-122.3137,46.017],[-122.3192,46.0117],[-122.3289,46.0101],[-122.325,45.9998],[-122.3148,45.9908],[-122.3253,45.9827],[-122.3244,45.9761],[-122.3356,45.9631],[-122.3366,45.9676],[-122.348,45.9671],[-122.3499,45.9752],[-122.3556,45.9752],[-122.359,45.9843],[-122.3694,45.9766],[-122.3743,45.968],[-122.3859,45.9715],[-122.3898,45.9667],[-122.3985,45.9725],[-122.4184,45.974],[-122.426,45.9774],[-122.4422,45.9758],[-122.4464,45.9832],[-122.4771,45.9881],[-122.4896,45.9835],[-122.4984,45.9864],[-122.497,45.9807],[-122.5064,45.9803],[-122.5107,45.9849],[-122.523,45.9841],[-122.5345,45.9792],[-122.5318,45.974],[-122.5487,45.9643],[-122.5432,45.9643],[-122.5233,45.9779],[-122.4911,45.9775],[-122.4744,45.9751],[-122.4525,45.9666],[-122.4519,45.9422],[-122.4654,45.9387],[-122.4934,45.9385],[-122.4931,45.9291],[-122.5207,45.9326],[-122.5304,45.9286],[-122.5564,45.9254],[-122.556,45.8955],[-122.5351,45.8956],[-122.5353,45.9028],[-122.5231,45.9068],[-122.5117,45.9015],[-122.5039,45.8956],[-122.4797,45.8979],[-122.4486,45.8957],[-122.4401,45.9121],[-122.4211,45.9136],[-122.422,45.9085],[-122.3994,45.9171],[-122.3693,45.9171],[-122.3694,45.9243],[-122.3487,45.9245],[-122.3486,45.91],[-122.2451,45.9098],[-122.2459,45.9594],[-122.2456,46.0539],[-122.2621,46.0585]]]},"properties":{"ZCTA5CE10":"98601"}},{"type":"Feature","geometry":{"type":"Polygon","coordinates":[[[-122.373,45.7573],[-122.3781,45.7653],[-122.3853,45.7583],[-122.3971,45.7614],[-122.4183,45.7589],[-122.4196,45.7533],[-122.4275,45.7593],[-122.4348,45.7591],[-122.4398,45.7713],[-122.4578,45.7686],[-122.4607,45.7628],[-122.4946,45.7634],[-122.4946,45.7668],[-122.5116,45.758],[-122.517,45.7589],[-122.5265,45.749],[-122.5411,45.7454],[-122.5572,45.738],[-122.5653,45.7371],[-122.5771,45.7295],[-122.5688,45.7237],[-122.5525,45.7253],[-122.5527,45.708],[-122.5164,45.7083],[-122.5164,45.7011],[-122.5061,45.7002],[-122.5061,45.7084],[-122.4958,45.7084],[-122.4958,45.692],[-122.4763,45.6939],[-122.4762,45.6902],[-122.4606,45.6902],[-122.4555,45.7011],[-122.4408,45.7099],[-122.437,45.7164],[-122.4215,45.7014],[-122.4243,45.6941],[-122.3935,45.6943],[-122.3728,45.6942],[-122.3724,45.7156],[-122.3464,45.716],[-122.364,45.7267],[-122.3646,45.7348],[-122.3705,45.744],[-122.3672,45.75],[-122.373,45.7573]]]},"properties":{"ZCTA5CE10":"98606"}},{"type":"Feature","geometry":{"type":"Polygon","coordinates":[[[-122.9898,46.3875],[-122.9894,46.3439],[-123.0142,46.3454],[-123.0166,46.336],[-123.0319,46.3441],[-123.0442,46.3448],[-123.0352,46.3323],[-123.0333,46.3238],[-123.0252,46.3211],[-123.0244,46.3159],[-123.0169,46.3079],[-123.0305,46.2863],[-123.0301,46.2453],[-123.0201,46.2429],[-123.0206,46.2356],[-122.9895,46.2354],[-122.9895,46.2283],[-122.9686,46.2282],[-122.9686,46.2209],[-122.9585,46.221],[-122.9591,46.2066],[-122.9336,46.2077],[-122.934,46.2019],[-122.9248,46.2007],[-122.9127,46.2005],[-122.9152,46.2119],[-122.8948,46.232],[-122.9052,46.2359],[-122.9019,46.241],[-122.8904,46.2387],[-122.8788,46.2454],[-122.8813,46.221],[-122.8656,46.2173],[-122.8655,46.2463],[-122.8482,46.2441],[-122.8425,46.2315],[-122.8451,46.2213],[-122.8608,46.222],[-122.862,46.2169],[-122.8544,46.2139],[-122.845,46.2179],[-122.8412,46.2276],[-122.8175,46.2369],[-122.8155,46.2496],[-122.8037,46.2504],[-122.7856,46.2464],[-122.7764,46.248],[-122.7826,46.2573],[-122.7608,46.2543],[-122.7668,46.2607],[-122.7707,46.2795],[-122.766,46.2854],[-122.7747,46.2925],[-122.7809,46.293],[-122.8009,46.2833],[-122.8059,46.2733],[-122.8114,46.2712],[-122.8143,46.2855],[-122.809,46.2946],[-122.8137,46.2999],[-122.814,46.3133],[-122.8202,46.3141],[-122.8245,46.3211],[-122.8248,46.3378],[-122.8112,46.3504],[-122.8031,46.3508],[-122.7965,46.3578],[-122.7703,46.3753],[-122.7613,46.3724],[-122.7585,46.3628],[-122.7505,46.3593],[-122.7525,46.355],[-122.7472,46.3443],[-122.7367,46.3431],[-122.7245,46.3351],[-122.7255,46.3301],[-122.7093,46.3416],[-122.7053,46.3513],[-122.6875,46.3617],[-122.7032,46.3759],[-122.7026,46.3873],[-122.9322,46.3874],[-122.9898,46.3875]]]},"properties":{"ZCTA5CE10":"98611"}},{"type":"Feature","geometry":{"type":"Polygon","coordinates":[[[-122.7255,46.3301],[-122.7245,46.3351],[-122.7367,46.3431],[-122.7472,46.3443],[-122.7525,46.355],[-122.7505,46.3593],[-122.7585,46.3628],[-122.7613,46.3724],[-122.7703,46.3753],[-122.7965,46.3578],[-122.8031,46.3508],[-122.8112,46.3504],[-122.8248,46.3378],[-122.8245,46.3211],[-122.8202,46.3141],[-122.814,46.3133],[-122.8137,46.2999],[-122.809,46.2946],[-122.8143,46.2855],[-122.8114,46.2712],[-122.8059,46.2733],[-122.8009,46.2833],[-122.7809,46.293],[-122.7747,46.2925],[-122.7649,46.2927],[-122.7458,46.3031],[-122.7461,46.3221],[-122.7363,46.3425],[-122.7247,46.3351],[-122.7255,46.3301]]]},"properties":{"ZCTA5CE10":"98645"}},{"type":"Feature","geometry":{"type":"Polygon","coordinates":[[[-118.1968,49.0003],[-118.3647,49.0002],[-118.375,48.9894],[-118.3946,48.9818],[-118.3932,48.9663],[-118.3981,48.9627],[-118.3987,48.95],[-118.3917,48.9474],[-118.3873,48.9336],[-118.3751,48.9298],[-118.3764,48.9234],[-118.3643,48.9234],[-118.3457,48.9167],[-118.3296,48.9204],[-118.3055,48.9175],[-118.2913,48.9105],[-118.2729,48.9177],[-118.2571,48.9154],[-118.2492,48.9104],[-118.2217,48.9038],[-118.2016,48.915],[-118.2178,48.9288],[-118.2217,48.9371],[-118.2146,48.9533],[-118.2072,48.9631],[-118.2217,48.9705],[-118.2162,48.9842],[-118.2059,48.9874],[-118.22,48.9974],[-118.1975,48.9938],[-118.1968,49.0003]]]},"properties":{"ZCTA5CE10":"99146"}},{"type":"Feature","geometry":{"type":"Polygon","coordinates":[[[-119.8163,46.8314],[-119.832,46.8296],[-119.8361,46.8318],[-119.8612,46.8282],[-119.8832,46.8282],[-119.9206,46.8214],[-119.9206,46.8157],[-119.939,46.8359],[-119.9378,46.8432],[-119.9545,46.8676],[-119.965,46.8636],[-119.9627,46.8541],[-119.944,46.8355],[-119.9275,46.8171],[-119.9274,46.7984],[-119.9431,46.7747],[-119.97,46.755],[-119.973,46.7372],[-119.9734,46.7237],[-119.9693,46.7148],[-119.9464,46.6759],[-119.9305,46.6626],[-119.9173,46.6554],[-119.9104,46.6447],[-119.8948,46.6323],[-119.8741,46.6286],[-119.8648,46.6269],[-119.8293,46.6252],[-119.7801,46.6338],[-119.7484,46.6358],[-119.7182,46.6476],[-119.7003,46.6492],[-119.6832,46.6474],[-119.6629,46.6406],[-119.6496,46.6406],[-119.6261,46.645],[-119.6032,46.6557],[-119.5769,46.6733],[-119.5543,46.6959],[-119.5157,46.7274],[-119.5011,46.7247],[-119.4875,46.7175],[-119.4657,46.6959],[-119.4524,46.6898],[-119.4532,46.6792],[-119.3761,46.6777],[-119.3689,46.6782],[-119.3694,46.7377],[-119.3691,46.7956],[-119.4957,46.7954],[-119.642,46.7958],[-119.6842,46.7953],[-119.7614,46.7956],[-119.7608,46.8006],[-119.7408,46.8315],[-119.7825,46.8309],[-119.8074,46.8293],[-119.8163,46.8314]]]},"properties":{"ZCTA5CE10":"99349"}},{"type":"Feature","geometry":{"type":"Polygon","coordinates":[[[-118.9811,47.145],[-118.9795,47.2619],[-118.9792,47.3639],[-118.9785,47.4043],[-118.9618,47.4002],[-118.9171,47.3812],[-118.8937,47.3679],[-118.8933,47.3923],[-118.8504,47.3919],[-118.8501,47.4134],[-118.8419,47.4135],[-118.8284,47.4242],[-118.8281,47.4355],[-118.8496,47.4355],[-118.8495,47.4647],[-118.8926,47.4651],[-118.8925,47.4505],[-118.9354,47.4511],[-118.9353,47.4654],[-118.9707,47.4663],[-118.9673,47.4728],[-118.9675,47.4849],[-118.9568,47.4886],[-118.9569,47.5096],[-118.914,47.5092],[-118.9139,47.4946],[-118.8392,47.4938],[-118.7848,47.4942],[-118.785,47.5088],[-118.7844,47.5228],[-118.8494,47.523],[-118.8495,47.5375],[-118.8712,47.5374],[-118.871,47.5232],[-118.9136,47.5237],[-118.9142,47.5456],[-118.9572,47.5459],[-118.9575,47.5532],[-118.978,47.5534],[-118.9777,47.5091],[-119.0019,47.5041],[-119.0118,47.4961],[-119.0215,47.4954],[-119.032,47.4878],[-119.0408,47.491],[-119.0486,47.4801],[-119.0672,47.4652],[-119.0846,47.4595],[-119.0911,47.4497],[-119.0994,47.4489],[-119.107,47.4265],[-119.1069,47.4129],[-119.0646,47.4168],[-119.0364,47.4135],[-119.0532,47.4108],[-119.0644,47.4144],[-119.0822,47.409],[-119.0836,47.4055],[-119.1068,47.4029],[-119.0971,47.3929],[-119.0991,47.3904],[-119.1287,47.4078],[-119.1721,47.4079],[-119.1783,47.4033],[-119.1909,47.403],[-119.1918,47.3936],[-119.2129,47.3938],[-119.2129,47.3363],[-119.1494,47.3352],[-119.1491,47.2628],[-119.1068,47.2621],[-119.1067,47.2765],[-119.0646,47.2766],[-119.0646,47.262],[-119.0222,47.2611],[-119.0225,47.2324],[-119.0013,47.2324],[-119.0013,47.2178],[-119.0871,47.2178],[-119.0868,47.2031],[-119.0656,47.2031],[-119.0654,47.1885],[-119.0867,47.1885],[-119.0867,47.1595],[-119.002,47.1595],[-119.0021,47.1448],[-118.9811,47.145]]]},"properties":{"ZCTA5CE10":"98832"}},{"type":"Feature","geometry":{"type":"Polygon","coordinates":[[[-119.2768,47.4275],[-119.2575,47.4253],[-119.2339,47.4308],[-119.2339,47.4717],[-119.2467,47.4875],[-119.2578,47.4951],[-119.2762,47.4998],[-119.2829,47.4992],[-119.2985,47.4755],[-119.2773,47.4753],[-119.2768,47.4275]]]},"properties":{"ZCTA5CE10":"98853"}},{"type":"Feature","geometry":{"type":"Polygon","coordinates":[[[-123.7643,46.9576],[-123.7764,46.9639],[-123.7835,46.9624],[-123.7814,46.9559],[-123.789,46.9552],[-123.7886,46.9447],[-123.7617,46.9435],[-123.7602,46.9474],[-123.7306,46.9339],[-123.7405,46.9248],[-123.7379,46.9173],[-123.7608,46.9263],[-123.7648,46.9251],[-123.7865,46.9291],[-123.7971,46.9334],[-123.8065,46.9419],[-123.8147,46.9426],[-123.8206,46.9492],[-123.8212,46.9226],[-123.7784,46.9223],[-123.779,46.9081],[-123.7767,46.8947],[-123.789,46.8975],[-123.7987,46.8957],[-123.8106,46.8985],[-123.805,46.8917],[-123.8149,46.8794],[-123.8082,46.8743],[-123.8037,46.8595],[-123.7931,46.8579],[-123.7908,46.8508],[-123.7957,46.8361],[-123.7818,46.8348],[-123.8013,46.8281],[-123.814,46.8373],[-123.8216,46.834],[-123.8207,46.8288],[-123.8284,46.8258],[-123.8375,46.8285],[-123.8391,46.8221],[-123.8575,46.8262],[-123.8451,46.8191],[-123.8541,46.8028],[-123.8522,46.7916],[-123.7698,46.7929],[-123.6529,46.7932],[-123.6071,46.7943],[-123.5334,46.7938],[-123.5373,46.7852],[-123.5472,46.7846],[-123.5532,46.7784],[-123.5644,46.784],[-123.5769,46.7817],[-123.5881,46.7869],[-123.5869,46.7723],[-123.5885,46.7364],[-123.5881,46.7194],[-123.5608,46.732],[-123.5495,46.7324],[-123.5408,46.7363],[-123.5391,46.7443],[-123.5266,46.7469],[-123.5119,46.7589],[-123.5172,46.7432],[-123.5141,46.7319],[-123.5019,46.7257],[-123.4795,46.7243],[-123.4742,46.7183],[-123.4781,46.7151],[-123.4753,46.7073],[-123.458,46.7035],[-123.4339,46.7083],[-123.4131,46.7048],[-123.4071,46.709],[-123.3789,46.7085],[-123.3689,46.7112],[-123.3697,46.7348],[-123.3719,46.7354],[-123.3704,46.756],[-123.3708,46.7924],[-123.3763,46.7917],[-123.4829,46.7932],[-123.4836,46.8463],[-123.4657,46.8519],[-123.4524,46.8536],[-123.4506,46.8633],[-123.4376,46.8736],[-123.4367,46.8784],[-123.445,46.8805],[-123.4404,46.8862],[-123.458,46.8979],[-123.4685,46.9041],[-123.4751,46.9033],[-123.4911,46.9102],[-123.4992,46.9088],[-123.6167,46.9086],[-123.6307,46.9047],[-123.6351,46.9178],[-123.6484,46.9205],[-123.6599,46.9197],[-123.6747,46.9235],[-123.6951,46.9344],[-123.7063,46.9378],[-123.7506,46.9444],[-123.7648,46.9511],[-123.7643,46.9576]]]},"properties":{"ZCTA5CE10":"98537"}},{"type":"Feature","geometry":{"type":"Polygon","coordinates":[[[-123.7547,47.3156],[-123.7548,47.3022],[-123.7159,47.3018],[-123.7159,47.2989],[-123.6958,47.2989],[-123.6967,47.3445],[-123.6739,47.3428],[-123.671,47.3447],[-123.6452,47.345],[-123.6411,47.3381],[-123.6497,47.3342],[-123.6433,47.3293],[-123.6386,47.313],[-123.6532,47.2998],[-123.6526,47.2911],[-123.647,47.2869],[-123.6595,47.2862],[-123.6507,47.2801],[-123.655,47.2619],[-123.6454,47.2636],[-123.6411,47.2577],[-123.651,47.2552],[-123.6453,47.2462],[-123.6476,47.2394],[-123.6358,47.235],[-123.6398,47.2242],[-123.6546,47.2387],[-123.6536,47.2429],[-123.6642,47.2426],[-123.6718,47.2367],[-123.6765,47.2228],[-123.6625,47.2208],[-123.662,47.2172],[-123.6477,47.2119],[-123.6557,47.2046],[-123.6564,47.1976],[-123.6483,47.1917],[-123.6495,47.1739],[-123.6624,47.1653],[-123.6557,47.1601],[-123.6682,47.1565],[-123.6836,47.1451],[-123.6924,47.1345],[-123.6955,47.1187],[-123.7043,47.1077],[-123.7108,47.0932],[-123.7174,47.088],[-123.735,47.0887],[-123.7361,47.0147],[-123.722,47.019],[-123.6997,47.0092],[-123.7116,47.0013],[-123.7356,46.989],[-123.7361,46.9784],[-123.7132,46.9784],[-123.708,46.9807],[-123.6736,46.981],[-123.6763,46.9573],[-123.6863,46.9589],[-123.7093,46.9549],[-123.7174,46.9508],[-123.7283,46.9536],[-123.7365,46.9508],[-123.7417,46.96],[-123.7513,46.9609],[-123.7643,46.9576],[-123.7648,46.9511],[-123.7506,46.9444],[-123.7063,46.9378],[-123.6951,46.9344],[-123.6747,46.9235],[-123.6599,46.9197],[-123.6484,46.9205],[-123.6351,46.9178],[-123.6307,46.9047],[-123.6167,46.9086],[-123.4992,46.9088],[-123.5009,46.9134],[-123.5136,46.9209],[-123.5203,46.9399],[-123.5039,46.9412],[-123.5018,46.9521],[-123.5122,46.9521],[-123.5117,46.9641],[-123.5298,46.9621],[-123.4972,46.9692],[-123.483,46.978],[-123.4918,46.9849],[-123.4848,46.9945],[-123.4932,46.9996],[-123.495,47.0013],[-123.4991,47.0119],[-123.5078,47.0132],[-123.5105,47.027],[-123.5187,47.0241],[-123.5266,47.0363],[-123.5137,47.0426],[-123.51,47.0555],[-123.5019,47.055],[-123.4989,47.0609],[-123.4776,47.0694],[-123.4834,47.0824],[-123.5011,47.0976],[-123.511,47.1178],[-123.4991,47.1257],[-123.4899,47.1385],[-123.5027,47.158],[-123.5099,47.1586],[-123.5129,47.1672],[-123.5105,47.1805],[-123.5203,47.1841],[-123.5157,47.2015],[-123.5211,47.204],[-123.5155,47.2127],[-123.5196,47.2173],[-123.5131,47.221],[-123.5116,47.2407],[-123.5079,47.2506],[-123.5172,47.2737],[-123.5171,47.2829],[-123.506,47.3001],[-123.506,47.3592],[-123.5043,47.5042],[-123.5044,47.5176],[-123.6661,47.518],[-123.6959,47.5177],[-123.6971,47.4731],[-123.6966,47.4278],[-123.7048,47.4215],[-123.7058,47.411],[-123.7006,47.4047],[-123.7048,47.3945],[-123.7174,47.3913],[-123.7206,47.3843],[-123.7202,47.365],[-123.7086,47.3452],[-123.7394,47.345],[-123.7392,47.325],[-123.7462,47.3237],[-123.7547,47.3156]]]},"properties":{"ZCTA5CE10":"98563"}},{"type":"Feature","geometry":{"type":"Polygon","coordinates":[[[-124.156,46.9141],[-124.1514,46.9104],[-124.1585,46.9072],[-124.1549,46.902],[-124.1405,46.9015],[-124.1374,46.898],[-124.1206,46.8586],[-124.1165,46.8587],[-124.1118,46.8457],[-124.105,46.8458],[-124.1091,46.8588],[-124.083,46.8588],[-124.0708,46.8618],[-124.0893,46.8677],[-124.0891,46.8748],[-124.0828,46.8748],[-124.0878,46.899],[-124.1166,46.9133],[-124.1263,46.9054],[-124.1263,46.9208],[-124.156,46.9141]]]},"properties":{"ZCTA5CE10":"98595"}},{"type":"Feature","geometry":{"type":"MultiPolygon","coordinates":[[[[-124.3429,47.4628],[-124.3337,47.4624],[-124.3401,47.4857],[-124.3447,47.4895],[-124.3429,47.4628]]],[[[-124.179,47.2449],[-124.1736,47.2504],[-124.1788,47.2607],[-124.1682,47.288],[-124.1625,47.295],[-124.1602,47.317],[-124.1519,47.3249],[-124.1519,47.3358],[-124.1477,47.3447],[-124.1585,47.3516],[-124.1746,47.3466],[-124.1836,47.3508],[-124.1906,47.3422],[-124.1995,47.3382],[-124.23,47.3456],[-124.2468,47.3427],[-124.2443,47.3353],[-124.257,47.3341],[-124.2565,47.3394],[-124.2731,47.3414],[-124.2869,47.3494],[-124.3033,47.3494],[-124.2874,47.3194],[-124.2829,47.3077],[-124.2899,47.2989],[-124.2853,47.2936],[-124.2722,47.2955],[-124.2678,47.3009],[-124.2552,47.2979],[-124.2461,47.2911],[-124.2378,47.279],[-124.2232,47.2447],[-124.2182,47.2446],[-124.179,47.2449]]]]},"properties":{"ZCTA5CE10":"98587"}},{"type":"Feature","geometry":{"type":"Polygon","coordinates":[[[-122.7248,48.0251],[-122.7137,48.0232],[-122.6972,48.015],[-122.6892,48.0082],[-122.6699,48.0172],[-122.6695,48.0327],[-122.6815,48.0414],[-122.6863,48.0673],[-122.6854,48.0737],[-122.6926,48.0862],[-122.6924,48.0952],[-122.6876,48.1019],[-122.6985,48.1031],[-122.7186,48.0976],[-122.7333,48.0912],[-122.736,48.0845],[-122.7482,48.0726],[-122.7391,48.0685],[-122.7422,48.0488],[-122.7359,48.0426],[-122.7347,48.0343],[-122.7248,48.0251]]]},"properties":{"ZCTA5CE10":"98358"}},{"type":"Feature","geometry":{"type":"Polygon","coordinates":[[[-122.2189,47.2382],[-122.2081,47.2389],[-122.2054,47.2466],[-122.1899,47.2469],[-122.1869,47.2541],[-122.2084,47.2537],[-122.2084,47.2575],[-122.144,47.2573],[-122.1353,47.2529],[-122.1377,47.2468],[-122.1258,47.241],[-122.1254,47.2321],[-122.1144,47.2282],[-122.1025,47.2282],[-122.1071,47.2356],[-122.1016,47.2427],[-122.059,47.2427],[-122.0598,47.2696],[-122.0565,47.2757],[-122.0492,47.2713],[-122.0167,47.2707],[-122.0168,47.2828],[-122.0069,47.2779],[-121.996,47.2801],[-121.9953,47.2868],[-122.0384,47.2868],[-122.0388,47.3064],[-122.0476,47.3071],[-122.0469,47.3148],[-122.0544,47.3174],[-122.054,47.3264],[-122.066,47.3262],[-122.0679,47.317],[-122.0868,47.3057],[-122.0881,47.3148],[-122.0925,47.3148],[-122.0997,47.3291],[-122.1284,47.3306],[-122.1287,47.3217],[-122.1409,47.3185],[-122.1541,47.3198],[-122.1664,47.3139],[-122.1759,47.3028],[-122.159,47.3294],[-122.149,47.3368],[-122.1549,47.3368],[-122.1549,47.3435],[-122.1655,47.3434],[-122.1655,47.3489],[-122.2024,47.3508],[-122.2056,47.3434],[-122.2125,47.3336],[-122.2046,47.3269],[-122.2084,47.3175],[-122.1975,47.3028],[-122.2061,47.3038],[-122.1921,47.2961],[-122.1922,47.2838],[-122.2008,47.2769],[-122.2169,47.2742],[-122.23,47.2659],[-122.2295,47.2576],[-122.2287,47.25],[-122.2189,47.2427],[-122.2189,47.2382]]]},"properties":{"ZCTA5CE10":"98092"}},{"type":"Feature","geometry":{"type":"Polygon","coordinates":[[[-122.3352,47.4233],[-122.3339,47.4497],[-122.3393,47.4561],[-122.3339,47.4573],[-122.3339,47.4687],[-122.3338,47.4813],[-122.3667,47.4811],[-122.3742,47.4684],[-122.3728,47.4602],[-122.3874,47.4517],[-122.3831,47.4463],[-122.3682,47.4437],[-122.3581,47.4377],[-122.3513,47.4132],[-122.3436,47.4085],[-122.3339,47.4101],[-122.3352,47.4233]]]},"properties":{"ZCTA5CE10":"98166"}},{"type":"Feature","geometry":{"type":"Polygon","coordinates":[[[-122.287,47.7772],[-122.3273,47.7777],[-122.3299,47.7776],[-122.3289,47.7341],[-122.2698,47.7335],[-122.2699,47.7341],[-122.2761,47.7397],[-122.267,47.7521],[-122.2707,47.7567],[-122.271,47.777],[-122.287,47.7772]]]},"properties":{"ZCTA5CE10":"98155"}},{"type":"Feature","geometry":{"type":"Polygon","coordinates":[[[-122.3672,47.5139],[-122.3397,47.5138],[-122.3375,47.5173],[-122.3325,47.5172],[-122.3349,47.5428],[-122.3427,47.5562],[-122.3465,47.5693],[-122.3596,47.5748],[-122.36,47.5847],[-122.3729,47.5813],[-122.3707,47.5718],[-122.3621,47.5714],[-122.3655,47.5647],[-122.3762,47.562],[-122.3751,47.5538],[-122.3656,47.55],[-122.3672,47.5139]]]},"properties":{"ZCTA5CE10":"98106"}},{"type":"Feature","geometry":{"type":"Polygon","coordinates":[[[-122.3124,47.4701],[-122.2807,47.4687],[-122.2706,47.4722],[-122.2706,47.4677],[-122.2596,47.4714],[-122.2529,47.4689],[-122.2516,47.4748],[-122.2661,47.4888],[-122.2801,47.4902],[-122.2778,47.5013],[-122.2837,47.5101],[-122.2913,47.5116],[-122.3147,47.5138],[-122.334,47.5139],[-122.3338,47.4813],[-122.3339,47.4687],[-122.3124,47.4701]]]},"properties":{"ZCTA5CE10":"98168"}},{"type":"Feature","geometry":{"type":"Polygon","coordinates":[[[-122.3128,47.4657],[-122.3183,47.4633],[-122.3184,47.4454],[-122.3223,47.4389],[-122.305,47.4346],[-122.2955,47.4345],[-122.2971,47.4472],[-122.2941,47.4551],[-122.2971,47.4638],[-122.3128,47.4657]]]},"properties":{"ZCTA5CE10":"98158"}},{"type":"Feature","geometry":{"type":"Polygon","coordinates":[[[-122.0906,47.6023],[-121.9798,47.6013],[-121.9821,47.6102],[-121.9921,47.6121],[-122.003,47.6306],[-122.0136,47.6386],[-122.0477,47.6385],[-122.0565,47.644],[-122.0558,47.6491],[-122.0636,47.6543],[-122.0789,47.6494],[-122.0789,47.6557],[-122.0876,47.6574],[-122.0984,47.6487],[-122.0814,47.6342],[-122.0792,47.6275],[-122.0841,47.6081],[-122.0906,47.6023]]]},"properties":{"ZCTA5CE10":"98074"}},{"type":"Feature","geometry":{"type":"Polygon","coordinates":[[[-122.2121,47.6575],[-122.2096,47.649],[-122.2138,47.6427],[-122.1963,47.6464],[-122.1855,47.6464],[-122.1644,47.6462],[-122.1641,47.6608],[-122.1587,47.6607],[-122.164,47.6666],[-122.1641,47.6854],[-122.1539,47.6861],[-122.1644,47.7041],[-122.2093,47.704],[-122.2318,47.6901],[-122.2262,47.6669],[-122.2092,47.6667],[-122.2121,47.6575]]]},"properties":{"ZCTA5CE10":"98033"}},{"type":"Feature","geometry":{"type":"Polygon","coordinates":[[[-122.1519,47.7186],[-122.1495,47.7257],[-122.1425,47.7256],[-122.1361,47.7336],[-122.1264,47.7213],[-122.1157,47.721],[-122.1102,47.7254],[-122.1126,47.7328],[-122.0997,47.7289],[-122.0941,47.7184],[-122.0876,47.7184],[-122.08,47.738],[-122.0831,47.7515],[-122.09,47.7502],[-122.0897,47.7589],[-122.0998,47.7614],[-122.1046,47.7687],[-122.0995,47.7757],[-122.1093,47.7761],[-122.11,47.7811],[-122.1222,47.7937],[-122.1143,47.7956],[-122.1119,47.8049],[-122.1448,47.8049],[-122.1483,47.8118],[-122.154,47.8116],[-122.1579,47.8184],[-122.1645,47.8197],[-122.1647,47.8085],[-122.1696,47.8012],[-122.1648,47.798],[-122.1515,47.7977],[-122.1491,47.7905],[-122.1594,47.7898],[-122.1592,47.7822],[-122.1673,47.7833],[-122.1736,47.7762],[-122.1713,47.7763],[-122.1694,47.7763],[-122.1639,47.7583],[-122.1842,47.7587],[-122.1755,47.7555],[-122.1754,47.7367],[-122.164,47.734],[-122.1519,47.7186]]]},"properties":{"ZCTA5CE10":"98072"}},{"type":"Feature","geometry":{"type":"Polygon","coordinates":[[[-122.1511,47.5793],[-122.1459,47.5822],[-122.1534,47.5924],[-122.1534,47.6606],[-122.1587,47.6607],[-122.1641,47.6608],[-122.1644,47.6462],[-122.1855,47.6464],[-122.1827,47.6235],[-122.1832,47.6132],[-122.1881,47.5938],[-122.1921,47.5893],[-122.1876,47.5795],[-122.1511,47.5793]]]},"properties":{"ZCTA5CE10":"98005"}},{"type":"Feature","geometry":{"type":"Polygon","coordinates":[[[-122.1685,47.4777],[-122.1535,47.474],[-122.1601,47.4695],[-122.1426,47.4661],[-122.1375,47.4703],[-122.1048,47.4662],[-122.1038,47.4693],[-122.0796,47.4698],[-122.0767,47.4599],[-122.0742,47.4553],[-122.0583,47.4542],[-122.0583,47.4661],[-122.0582,47.4728],[-122.0937,47.4915],[-122.0991,47.4982],[-122.0983,47.5059],[-122.0898,47.5062],[-122.0794,47.5127],[-122.0788,47.5412],[-122.0936,47.5413],[-122.0976,47.5447],[-122.1088,47.5406],[-122.1122,47.5323],[-122.1087,47.5259],[-122.125,47.5283],[-122.1361,47.5401],[-122.1584,47.5446],[-122.1664,47.5546],[-122.1656,47.54],[-122.1622,47.5239],[-122.1747,47.5249],[-122.1734,47.5197],[-122.1645,47.5165],[-122.1642,47.4849],[-122.1707,47.4847],[-122.1685,47.4777]]]},"properties":{"ZCTA5CE10":"98059"}},{"type":"Feature","geometry":{"type":"Polygon","coordinates":[[[-122.134,47.5783],[-122.1214,47.5741],[-122.0991,47.5649],[-122.098,47.5878],[-122.0906,47.6023],[-122.0841,47.6081],[-122.0792,47.6275],[-122.1109,47.6276],[-122.1109,47.6461],[-122.1324,47.6327],[-122.1319,47.591],[-122.134,47.5783]]]},"properties":{"ZCTA5CE10":"98008"}},{"type":"Feature","geometry":{"type":"Polygon","coordinates":[[[-122.0838,47.7094],[-122.0843,47.7026],[-122.0787,47.6959],[-122.0899,47.6942],[-122.0915,47.6901],[-122.0817,47.6786],[-122.0793,47.664],[-122.0876,47.6574],[-122.0789,47.6557],[-122.0789,47.6494],[-122.0636,47.6543],[-122.0558,47.6491],[-122.0565,47.644],[-122.0477,47.6385],[-122.0136,47.6386],[-122.003,47.6306],[-121.9921,47.6121],[-121.9821,47.6102],[-121.9798,47.6013],[-121.9704,47.6012],[-121.9707,47.5946],[-121.9619,47.5946],[-121.9639,47.6011],[-121.9529,47.6098],[-121.9563,47.6182],[-121.9683,47.6264],[-121.9593,47.6272],[-121.9564,47.6352],[-121.9496,47.6364],[-121.9518,47.6533],[-121.963,47.6526],[-121.9658,47.6611],[-121.9849,47.68],[-121.9884,47.6869],[-122.0038,47.7052],[-122.0084,47.7023],[-122.014,47.7141],[-122.0191,47.7205],[-122.0286,47.7206],[-122.0337,47.7265],[-122.0346,47.7166],[-122.0564,47.717],[-122.0569,47.7114],[-122.0695,47.7061],[-122.0838,47.7094]]]},"properties":{"ZCTA5CE10":"98053"}},{"type":"Feature","geometry":{"type":"Polygon","coordinates":[[[-122.0557,47.5658],[-122.0473,47.5575],[-122.0418,47.5464],[-122.0348,47.5433],[-122.022,47.5489],[-122.0174,47.5358],[-122.011,47.5364],[-121.9941,47.5318],[-121.9786,47.5386],[-121.9717,47.5521],[-121.9717,47.5584],[-121.9711,47.5802],[-121.9735,47.5844],[-121.988,47.5754],[-122.0051,47.5806],[-122.0219,47.5808],[-122.0241,47.559],[-122.0427,47.5592],[-122.0358,47.5628],[-122.0357,47.5773],[-122.0557,47.5658]]]},"properties":{"ZCTA5CE10":"98029"}},{"type":"Feature","geometry":{"type":"Polygon","coordinates":[[[-121.5349,47.5469],[-121.528,47.5469],[-121.5128,47.5371],[-121.5049,47.5366],[-121.4849,47.5264],[-121.4541,47.5155],[-121.4573,47.5089],[-121.4461,47.4957],[-121.4267,47.4888],[-121.4055,47.4848],[-121.3877,47.4887],[-121.3833,47.4943],[-121.3593,47.5083],[-121.3493,47.5078],[-121.3416,47.5138],[-121.327,47.5163],[-121.3197,47.5275],[-121.3096,47.5336],[-121.2977,47.5363],[-121.2878,47.5431],[-121.2781,47.5453],[-121.2552,47.5428],[-121.2458,47.5384],[-121.2349,47.5445],[-121.2316,47.5625],[-121.2383,47.5642],[-121.2547,47.5597],[-121.2607,47.5605],[-121.2743,47.5514],[-121.3042,47.555],[-121.3211,47.5498],[-121.3342,47.5522],[-121.336,47.5392],[-121.3533,47.5372],[-121.3615,47.5399],[-121.372,47.5491],[-121.3755,47.5612],[-121.3808,47.5621],[-121.391,47.5779],[-121.4133,47.5802],[-121.4137,47.5866],[-121.4241,47.5894],[-121.4274,47.5992],[-121.4348,47.6086],[-121.4449,47.6085],[-121.4609,47.6035],[-121.4655,47.6056],[-121.4703,47.6258],[-121.4757,47.6372],[-121.4732,47.6419],[-121.4799,47.6513],[-121.4679,47.6641],[-121.4855,47.6758],[-121.4931,47.6838],[-121.5077,47.6893],[-121.5217,47.6916],[-121.5218,47.7003],[-121.5033,47.7021],[-121.4811,47.6963],[-121.454,47.7051],[-121.4224,47.7109],[-121.4107,47.7153],[-121.4077,47.7216],[-121.4255,47.7308],[-121.3972,47.7293],[-121.3744,47.7172],[-121.35,47.7205],[-121.3376,47.7195],[-121.3382,47.728],[-121.333,47.7377],[-121.3231,47.7397],[-121.307,47.7683],[-121.3089,47.7763],[-121.3013,47.7796],[-121.4556,47.7803],[-121.4557,47.7783],[-121.4917,47.7779],[-121.5845,47.7775],[-121.5844,47.7767],[-121.6668,47.7769],[-121.6669,47.7769],[-121.6661,47.7668],[-121.6707,47.75],[-121.6914,47.7479],[-121.7141,47.7378],[-121.7199,47.726],[-121.71,47.7175],[-121.7076,47.7064],[-121.7154,47.6889],[-121.7333,47.6875],[-121.7478,47.6748],[-121.7421,47.6696],[-121.7409,47.6523],[-121.7244,47.6421],[-121.7155,47.6428],[-121.7141,47.6493],[-121.7055,47.6443],[-121.6987,47.6356],[-121.6783,47.6426],[-121.6785,47.645],[-121.632,47.6581],[-121.627,47.6645],[-121.6175,47.6652],[-121.6148,47.6597],[-121.5928,47.6445],[-121.5844,47.6352],[-121.5798,47.6109],[-121.5652,47.5966],[-121.5777,47.5779],[-121.5505,47.5716],[-121.5394,47.5641],[-121.5305,47.5627],[-121.5357,47.5574],[-121.5349,47.5469]]]},"properties":{"ZCTA5CE10":"98224"}},{"type":"Feature","geometry":{"type":"Polygon","coordinates":[[[-121.4263,47.3901],[-121.4066,47.3808],[-121.3937,47.3661],[-121.3777,47.352],[-121.3755,47.3362],[-121.352,47.3134],[-121.3423,47.3192],[-121.3377,47.3277],[-121.3438,47.3311],[-121.3521,47.3492],[-121.3446,47.3566],[-121.3374,47.3535],[-121.3125,47.3587],[-121.3021,47.3705],[-121.2942,47.3703],[-121.2895,47.3618],[-121.2716,47.3634],[-121.2502,47.3561],[-121.2547,47.337],[-121.251,47.327],[-121.2513,47.3135],[-121.2447,47.3055],[-121.2177,47.3048],[-121.1993,47.2846],[-121.189,47.2758],[-121.1891,47.2613],[-121.1328,47.261],[-121.1329,47.2486],[-121.1043,47.2484],[-121.1085,47.2577],[-121.1176,47.2599],[-121.1312,47.2709],[-121.1468,47.276],[-121.1467,47.354],[-121.1469,47.4894],[-121.1469,47.5935],[-121.1513,47.5954],[-121.172,47.59],[-121.1696,47.5786],[-121.1809,47.5649],[-121.1886,47.5687],[-121.2079,47.5658],[-121.2169,47.5695],[-121.2316,47.5625],[-121.2349,47.5445],[-121.2458,47.5384],[-121.2552,47.5428],[-121.2781,47.5453],[-121.2878,47.5431],[-121.2977,47.5363],[-121.3096,47.5336],[-121.3197,47.5275],[-121.327,47.5163],[-121.3416,47.5138],[-121.3493,47.5078],[-121.3593,47.5083],[-121.3833,47.4943],[-121.3877,47.4887],[-121.4055,47.4848],[-121.4267,47.4888],[-121.4461,47.4957],[-121.4573,47.5089],[-121.4541,47.5155],[-121.4849,47.5264],[-121.5049,47.5366],[-121.5128,47.5371],[-121.528,47.5469],[-121.5349,47.5469],[-121.5484,47.541],[-121.5669,47.5363],[-121.5773,47.5367],[-121.5802,47.5295],[-121.5986,47.5248],[-121.6063,47.5127],[-121.6207,47.5086],[-121.6259,47.4997],[-121.6351,47.4954],[-121.6463,47.4945],[-121.6465,47.4869],[-121.6608,47.475],[-121.6726,47.4678],[-121.6847,47.4676],[-121.69,47.4743],[-121.6997,47.4768],[-121.7128,47.4657],[-121.7029,47.4594],[-121.6984,47.4487],[-121.6916,47.4448],[-121.6807,47.447],[-121.6579,47.4417],[-121.6383,47.4319],[-121.5905,47.4194],[-121.5839,47.4131],[-121.5691,47.405],[-121.5576,47.4021],[-121.5413,47.3941],[-121.5293,47.3926],[-121.4988,47.3952],[-121.478,47.3949],[-121.4695,47.3928],[-121.4478,47.3978],[-121.4395,47.3919],[-121.4263,47.3901]]]},"properties":{"ZCTA5CE10":"98068"}},{"type":"Feature","geometry":{"type":"Polygon","coordinates":[[[-122.776,47.6581],[-122.7798,47.655],[-122.7917,47.6286],[-122.799,47.6286],[-122.7989,47.6358],[-122.8341,47.6343],[-122.8375,47.6283],[-122.8446,47.6003],[-122.8523,47.5933],[-122.8427,47.5919],[-122.8447,47.5764],[-122.8549,47.561],[-122.8445,47.5512],[-122.854,47.546],[-122.871,47.5416],[-122.8651,47.5338],[-122.8648,47.5215],[-122.8001,47.5201],[-122.801,47.484],[-122.7905,47.494],[-122.7808,47.4953],[-122.7735,47.5154],[-122.7561,47.5246],[-122.7135,47.5291],[-122.7212,47.52],[-122.7132,47.5235],[-122.693,47.5248],[-122.6828,47.5275],[-122.673,47.5345],[-122.6696,47.541],[-122.6499,47.5468],[-122.6576,47.5535],[-122.6517,47.5587],[-122.6522,47.5638],[-122.6463,47.5636],[-122.6465,47.5837],[-122.6656,47.6047],[-122.6731,47.6051],[-122.6732,47.5961],[-122.6825,47.5965],[-122.6846,47.6108],[-122.692,47.622],[-122.6908,47.6335],[-122.7021,47.6371],[-122.7108,47.6355],[-122.7124,47.6227],[-122.7248,47.6212],[-122.7247,47.6314],[-122.7353,47.6285],[-122.7672,47.6286],[-122.7764,47.6403],[-122.773,47.6484],[-122.776,47.6581]]]},"properties":{"ZCTA5CE10":"98312"}},{"type":"Feature","geometry":{"type":"Polygon","coordinates":[[[-122.6608,47.6666],[-122.6609,47.656],[-122.6693,47.6559],[-122.6594,47.6505],[-122.6862,47.6502],[-122.6908,47.6335],[-122.692,47.622],[-122.6846,47.6108],[-122.6615,47.615],[-122.6609,47.6069],[-122.6234,47.6069],[-122.6235,47.6214],[-122.6083,47.6213],[-122.6168,47.6141],[-122.6161,47.6069],[-122.5963,47.6065],[-122.5921,47.5962],[-122.5851,47.5985],[-122.5868,47.6078],[-122.5851,47.637],[-122.5984,47.6529],[-122.6185,47.6509],[-122.641,47.6541],[-122.6503,47.6578],[-122.6504,47.6505],[-122.6576,47.6505],[-122.6579,47.6652],[-122.6608,47.6666]]]},"properties":{"ZCTA5CE10":"98311"}},{"type":"Feature","geometry":{"type":"Polygon","coordinates":[[[-122.8648,47.5215],[-122.9507,47.5225],[-122.9494,47.491],[-122.9512,47.4475],[-122.951,47.4304],[-122.9745,47.4189],[-122.9756,47.413],[-123.003,47.4122],[-123.0067,47.397],[-123.0207,47.3886],[-123.0216,47.385],[-123.039,47.38],[-123.0448,47.3743],[-123.0503,47.3728],[-123.0566,47.3569],[-123.0438,47.3549],[-123.0243,47.3573],[-123.0084,47.3689],[-123.0026,47.3765],[-122.9919,47.3797],[-122.9921,47.3709],[-122.9757,47.3775],[-122.9794,47.3663],[-122.9764,47.3607],[-122.9939,47.3609],[-122.9941,47.347],[-122.8998,47.3723],[-122.9047,47.3604],[-122.8657,47.3602],[-122.8657,47.3806],[-122.8489,47.385],[-122.8538,47.3972],[-122.8468,47.418],[-122.8415,47.4109],[-122.8303,47.4127],[-122.8193,47.4068],[-122.83,47.4038],[-122.8261,47.3979],[-122.8285,47.3815],[-122.8229,47.3774],[-122.8167,47.3592],[-122.8045,47.3535],[-122.802,47.3588],[-122.8015,47.404],[-122.801,47.484],[-122.8001,47.5201],[-122.8648,47.5215]]]},"properties":{"ZCTA5CE10":"98528"}},{"type":"Feature","geometry":{"type":"Polygon","coordinates":[[[-122.5784,47.8619],[-122.5772,47.8167],[-122.5841,47.8145],[-122.5872,47.8381],[-122.5923,47.8366],[-122.6009,47.8298],[-122.5876,47.7976],[-122.5667,47.805],[-122.5632,47.8022],[-122.5631,47.7872],[-122.5416,47.7877],[-122.542,47.7658],[-122.52,47.7657],[-122.4986,47.7658],[-122.4978,47.7407],[-122.4869,47.7395],[-122.4712,47.7444],[-122.4661,47.7559],[-122.4671,47.7668],[-122.4741,47.7716],[-122.4792,47.7841],[-122.4928,47.7907],[-122.4781,47.8072],[-122.4812,47.8204],[-122.4995,47.8296],[-122.5039,47.8568],[-122.5098,47.8687],[-122.5093,47.8843],[-122.5197,47.9011],[-122.5219,47.9145],[-122.5253,47.9123],[-122.5233,47.8994],[-122.5173,47.8881],[-122.5262,47.8861],[-122.5395,47.8895],[-122.5413,47.8715],[-122.5538,47.8736],[-122.5692,47.8715],[-122.5751,47.8823],[-122.5814,47.8807],[-122.5773,47.8735],[-122.5784,47.8619]]]},"properties":{"ZCTA5CE10":"98346"}},{"type":"Feature","geometry":{"type":"Polygon","coordinates":[[[-121.1091,45.898],[-121.1142,45.8948],[-121.1141,45.8841],[-121.1041,45.8796],[-121.0947,45.864],[-121.0657,45.8535],[-121.0658,45.8396],[-121.0794,45.8376],[-121.0824,45.8325],[-121.1059,45.8248],[-121.117,45.826],[-121.1204,45.8197],[-121.1306,45.821],[-121.1393,45.8196],[-121.1545,45.8245],[-121.1753,45.8257],[-121.1753,45.823],[-121.1753,45.8216],[-121.1748,45.8099],[-121.1678,45.8132],[-121.1504,45.8151],[-121.1488,45.8204],[-121.1405,45.8182],[-121.1327,45.8206],[-121.1168,45.819],[-121.1136,45.8252],[-121.0949,45.8224],[-121.0827,45.8269],[-121.0632,45.8251],[-121.0517,45.8252],[-121.0508,45.8687],[-121.0668,45.8687],[-121.0718,45.8725],[-121.0718,45.8829],[-121.0792,45.883],[-121.0768,45.8965],[-121.0839,45.9002],[-121.0925,45.8918],[-121.0923,45.914],[-121.0999,45.9017],[-121.1091,45.898]]]},"properties":{"ZCTA5CE10":"98628"}},{"type":"Feature","geometry":{"type":"Polygon","coordinates":[[[-122.5882,46.5033],[-122.5883,46.5031],[-122.5761,46.4887],[-122.5866,46.4856],[-122.6086,46.4745],[-122.6135,46.4657],[-122.5936,46.4622],[-122.5938,46.431],[-122.5812,46.4312],[-122.5851,46.4276],[-122.5832,46.4176],[-122.5764,46.4079],[-122.5818,46.4053],[-122.5801,46.3877],[-122.4455,46.3871],[-122.3639,46.387],[-122.3637,46.386],[-122.3022,46.3857],[-122.2905,46.3857],[-122.2692,46.3938],[-122.2561,46.4048],[-122.2386,46.4074],[-122.238,46.4023],[-122.2283,46.4057],[-122.2285,46.4143],[-122.2366,46.4194],[-122.2303,46.4228],[-122.2384,46.4264],[-122.2329,46.4445],[-122.2449,46.4683],[-122.2512,46.4658],[-122.276,46.4694],[-122.3245,46.4898],[-122.3369,46.4998],[-122.3412,46.4998],[-122.3588,46.5159],[-122.3686,46.5215],[-122.4245,46.5345],[-122.4472,46.541],[-122.4618,46.536],[-122.4844,46.5529],[-122.4958,46.5488],[-122.5047,46.5571],[-122.5153,46.5554],[-122.5271,46.5449],[-122.5313,46.5557],[-122.5417,46.5442],[-122.5616,46.5363],[-122.5659,46.516],[-122.5762,46.5061],[-122.5882,46.5033]]]},"properties":{"ZCTA5CE10":"98564"}},{"type":"Feature","geometry":{"type":"Polygon","coordinates":[[[-122.9282,46.4116],[-122.9469,46.4031],[-122.9492,46.4128],[-122.9632,46.4128],[-122.9629,46.402],[-122.9702,46.4019],[-122.9869,46.4095],[-122.9955,46.4184],[-122.9952,46.4288],[-122.9999,46.4381],[-123.0315,46.4378],[-123.0316,46.4311],[-123.0524,46.4312],[-123.0517,46.416],[-123.0806,46.4169],[-123.0793,46.4062],[-123.0701,46.4048],[-123.0622,46.4095],[-123.0471,46.4102],[-123.0457,46.3988],[-123.0393,46.3942],[-123.0468,46.388],[-122.9898,46.3875],[-122.9322,46.3874],[-122.9334,46.4064],[-122.9282,46.4116]]]},"properties":{"ZCTA5CE10":"98593"}},{"type":"Feature","geometry":{"type":"Polygon","coordinates":[[[-117.9379,47.6607],[-117.9524,47.658],[-117.969,47.6578],[-117.9706,47.6436],[-117.9695,47.6146],[-117.9934,47.6141],[-117.9925,47.6028],[-117.9812,47.5827],[-117.9729,47.5734],[-117.9722,47.5291],[-117.9928,47.5293],[-118.0015,47.5232],[-118.0148,47.5215],[-118.0332,47.5047],[-118.0374,47.4908],[-118.0447,47.4898],[-118.0571,47.4783],[-118.0576,47.4653],[-118.0949,47.4653],[-118.095,47.458],[-118.0895,47.4579],[-118.0898,47.4507],[-118.0793,47.4506],[-118.0796,47.4288],[-118.071,47.42],[-118.0711,47.4134],[-118.0784,47.4028],[-118.0708,47.4026],[-118.0607,47.3938],[-118.0528,47.4004],[-118.0525,47.4144],[-118.0584,47.4144],[-118.0584,47.422],[-118.0368,47.4219],[-118.037,47.4073],[-118.0158,47.4074],[-118.0155,47.422],[-117.9938,47.4218],[-117.9941,47.436],[-117.9725,47.4361],[-117.9725,47.4451],[-117.9633,47.4435],[-117.9438,47.4475],[-117.9303,47.4443],[-117.9302,47.4143],[-117.9088,47.4139],[-117.9035,47.422],[-117.8876,47.4209],[-117.8875,47.4285],[-117.8657,47.4283],[-117.8657,47.4248],[-117.8347,47.4243],[-117.8229,47.4206],[-117.8227,47.4497],[-117.8042,47.4533],[-117.7961,47.4502],[-117.7792,47.4498],[-117.7793,47.4641],[-117.8003,47.4642],[-117.8008,47.5081],[-117.7794,47.5074],[-117.7793,47.5147],[-117.7901,47.5148],[-117.7847,47.5193],[-117.7847,47.5361],[-117.7994,47.5365],[-117.8008,47.5438],[-117.8219,47.5443],[-117.8218,47.5798],[-117.8869,47.5794],[-117.8868,47.6119],[-117.8838,47.6207],[-117.9052,47.6249],[-117.9052,47.6218],[-117.9375,47.6216],[-117.9379,47.6607]]]},"properties":{"ZCTA5CE10":"99008"}},{"type":"Feature","geometry":{"type":"Polygon","coordinates":[[[-118.4446,47.3648],[-118.4273,47.3611],[-118.4092,47.3621],[-118.3908,47.3771],[-118.3795,47.3764],[-118.3797,47.348],[-118.3369,47.3479],[-118.3363,47.4014],[-118.3121,47.4162],[-118.2881,47.435],[-118.3357,47.4352],[-118.3419,47.4296],[-118.3614,47.4204],[-118.3817,47.4066],[-118.4005,47.4067],[-118.4013,47.3961],[-118.437,47.3771],[-118.4506,47.37],[-118.4446,47.3648]]]},"properties":{"ZCTA5CE10":"99154"}},{"type":"Feature","geometry":{"type":"MultiPolygon","coordinates":[[[[-123.3077,47.4855],[-123.3269,47.4777],[-123.3452,47.4747],[-123.3537,47.4691],[-123.384,47.4703],[-123.3905,47.4661],[-123.3945,47.4724],[-123.4018,47.4679],[-123.3887,47.4498],[-123.3799,47.4487],[-123.3748,47.443],[-123.3541,47.4371],[-123.368,47.4328],[-123.3657,47.4273],[-123.3564,47.4269],[-123.3314,47.4186],[-123.3172,47.4104],[-123.3046,47.419],[-123.3069,47.4218],[-123.2862,47.4231],[-123.2674,47.4214],[-123.2519,47.4154],[-123.2386,47.4139],[-123.2264,47.4163],[-123.2192,47.4282],[-123.217,47.4446],[-123.2119,47.4539],[-123.2229,47.465],[-123.2312,47.4634],[-123.249,47.4743],[-123.2493,47.481],[-123.2734,47.4882],[-123.2942,47.4883],[-123.3086,47.4958],[-123.3163,47.4953],[-123.3077,47.4855]]],[[[-123.2021,47.0849],[-123.1263,47.085],[-123.0751,47.0845],[-123.0748,47.1052],[-123.0556,47.1153],[-123.0363,47.1142],[-123.0174,47.1212],[-123.0125,47.1291],[-123.0099,47.1463],[-123.0013,47.1542],[-122.9826,47.1596],[-122.9767,47.1579],[-122.9625,47.1631],[-122.9491,47.1743],[-122.947,47.1861],[-122.9367,47.1902],[-122.932,47.1795],[-122.9215,47.1812],[-122.9126,47.1766],[-122.9107,47.1588],[-122.9057,47.1556],[-122.8911,47.1577],[-122.8817,47.1563],[-122.8573,47.1687],[-122.8366,47.1876],[-122.8214,47.1942],[-122.8259,47.2182],[-122.8373,47.2269],[-122.8519,47.252],[-122.85,47.2729],[-122.8438,47.2812],[-122.8274,47.2939],[-122.8148,47.3068],[-122.8629,47.3067],[-122.8649,47.2998],[-122.8882,47.2903],[-122.91,47.2857],[-122.91,47.2897],[-122.9275,47.2802],[-122.9443,47.287],[-122.9599,47.2822],[-122.9574,47.2869],[-123.0013,47.2884],[-123.0154,47.28],[-123.0155,47.2728],[-123.0331,47.2728],[-123.0264,47.2763],[-123.0446,47.2793],[-123.0218,47.294],[-123.0179,47.2991],[-122.9877,47.3081],[-122.994,47.3226],[-122.9941,47.347],[-123.0401,47.3353],[-123.0469,47.3306],[-123.0578,47.3308],[-123.0579,47.3163],[-123.0916,47.3162],[-123.0993,47.3018],[-123.0792,47.3017],[-123.0792,47.2729],[-123.1007,47.273],[-123.1006,47.2873],[-123.117,47.2873],[-123.1155,47.2913],[-123.1293,47.2886],[-123.1306,47.3018],[-123.1511,47.3004],[-123.1646,47.3019],[-123.1645,47.3078],[-123.1527,47.3061],[-123.14,47.3135],[-123.142,47.3174],[-123.1323,47.3283],[-123.1185,47.3299],[-123.1175,47.3372],[-123.1191,47.3409],[-123.1418,47.3444],[-123.1596,47.3544],[-123.1554,47.3616],[-123.1579,47.3711],[-123.1484,47.3756],[-123.1448,47.3938],[-123.1655,47.3957],[-123.1652,47.3884],[-123.2131,47.3878],[-123.2132,47.3792],[-123.2297,47.3714],[-123.2297,47.3623],[-123.2382,47.3588],[-123.2751,47.3584],[-123.2674,47.3675],[-123.2799,47.3681],[-123.286,47.3568],[-123.2941,47.3517],[-123.3023,47.3381],[-123.3058,47.3389],[-123.3038,47.336],[-123.3167,47.3281],[-123.3088,47.3192],[-123.3206,47.3112],[-123.3295,47.2966],[-123.3317,47.2872],[-123.3421,47.2724],[-123.3251,47.2641],[-123.3229,47.2584],[-123.3563,47.2585],[-123.3565,47.2875],[-123.3777,47.2872],[-123.3777,47.2789],[-123.3906,47.2769],[-123.3916,47.2734],[-123.4084,47.2659],[-123.4101,47.2598],[-123.4217,47.2499],[-123.4079,47.2381],[-123.3926,47.2361],[-123.3858,47.2317],[-123.3919,47.2262],[-123.3903,47.1986],[-123.3879,47.1941],[-123.3933,47.1779],[-123.3932,47.1696],[-123.3074,47.1699],[-123.3079,47.1568],[-123.2998,47.1622],[-123.2899,47.1634],[-123.2984,47.1508],[-123.2954,47.1425],[-123.3026,47.1322],[-123.309,47.129],[-123.317,47.1328],[-123.3278,47.1257],[-123.3281,47.0984],[-123.2657,47.0991],[-123.2444,47.0992],[-123.2445,47.0848],[-123.2021,47.0849]]]]},"properties":{"ZCTA5CE10":"98584"}},{"type":"Feature","geometry":{"type":"Polygon","coordinates":[[[-122.9047,47.3604],[-122.9279,47.3431],[-122.9197,47.3391],[-122.9189,47.3301],[-122.9082,47.3321],[-122.9082,47.3189],[-122.8923,47.326],[-122.8848,47.3172],[-122.8684,47.3246],[-122.8589,47.3404],[-122.8525,47.335],[-122.8138,47.3342],[-122.8044,47.3357],[-122.8065,47.3435],[-122.8045,47.3535],[-122.8167,47.3592],[-122.8229,47.3774],[-122.8285,47.3815],[-122.8261,47.3979],[-122.83,47.4038],[-122.8193,47.4068],[-122.8303,47.4127],[-122.8415,47.4109],[-122.8468,47.418],[-122.8538,47.3972],[-122.8489,47.385],[-122.8657,47.3806],[-122.8657,47.3602],[-122.9047,47.3604]]]},"properties":{"ZCTA5CE10":"98524"}},{"type":"Feature","geometry":{"type":"Polygon","coordinates":[[[-118.955,49.0003],[-119.1262,49.0002],[-119.3762,49.0002],[-119.5169,49.0003],[-119.5169,48.9588],[-119.5291,48.9632],[-119.5439,48.9635],[-119.5524,48.9599],[-119.5652,48.9603],[-119.5772,48.9565],[-119.5954,48.955],[-119.6045,48.957],[-119.6046,48.9158],[-119.561,48.9157],[-119.5609,48.8863],[-119.5389,48.8863],[-119.5388,48.8678],[-119.5415,48.8587],[-119.548,48.854],[-119.5483,48.838],[-119.5597,48.8313],[-119.5573,48.8283],[-119.433,48.8287],[-119.4289,48.8224],[-119.4211,48.8214],[-119.4148,48.8067],[-119.4127,48.7936],[-119.3995,48.794],[-119.3969,48.7853],[-119.3193,48.7854],[-119.3202,48.8046],[-119.3037,48.8141],[-119.3115,48.8235],[-119.31,48.8282],[-119.3245,48.8295],[-119.3373,48.8339],[-119.3396,48.8303],[-119.3454,48.8413],[-119.3359,48.8499],[-119.326,48.8545],[-119.3072,48.8581],[-119.2322,48.8579],[-119.2322,48.8569],[-119.1671,48.8566],[-119.1653,48.8422],[-119.0603,48.8421],[-119.0619,48.8495],[-119.0494,48.8527],[-119.0501,48.8468],[-119.0423,48.8282],[-119.0048,48.8275],[-119.0141,48.8172],[-118.9972,48.8262],[-118.9813,48.8417],[-118.9669,48.8499],[-118.9667,48.8744],[-118.9558,48.8733],[-118.9486,48.8665],[-118.9423,48.8758],[-118.9378,48.8549],[-118.9178,48.8599],[-118.9051,48.8596],[-118.9094,48.8723],[-118.9026,48.8796],[-118.9027,48.9941],[-118.9409,48.9958],[-118.955,49.0003]]]},"properties":{"ZCTA5CE10":"98844"}},{"type":"Feature","geometry":{"type":"MultiPolygon","coordinates":[[[[-119.6898,48.3109],[-119.6958,48.3069],[-119.6853,48.3054],[-119.6898,48.3109]]],[[[-119.8862,48.279],[-119.8846,48.273],[-119.8641,48.2676],[-119.864,48.2503],[-119.8051,48.2506],[-119.7967,48.236],[-119.7695,48.2359],[-119.7807,48.2436],[-119.7549,48.2444],[-119.7416,48.2426],[-119.7397,48.2557],[-119.736,48.2639],[-119.7307,48.2622],[-119.7389,48.2561],[-119.7381,48.2457],[-119.7343,48.2421],[-119.7366,48.2312],[-119.7124,48.21],[-119.727,48.23],[-119.7178,48.2299],[-119.7254,48.2372],[-119.7254,48.2481],[-119.7335,48.2482],[-119.73,48.2612],[-119.7191,48.2712],[-119.6944,48.286],[-119.6852,48.2938],[-119.7068,48.2912],[-119.7035,48.3037],[-119.7135,48.3063],[-119.7207,48.3171],[-119.7331,48.3267],[-119.7705,48.3394],[-119.7513,48.3586],[-119.7519,48.3643],[-119.7613,48.3726],[-119.7856,48.38],[-119.8223,48.3808],[-119.8465,48.3914],[-119.8572,48.3923],[-119.8646,48.3969],[-119.8902,48.3878],[-119.8975,48.3754],[-119.8916,48.3591],[-119.8976,48.3572],[-119.8908,48.3465],[-119.8951,48.3315],[-119.9015,48.3312],[-119.9108,48.3226],[-119.9041,48.3184],[-119.8837,48.3129],[-119.8891,48.3065],[-119.8862,48.279]]]]},"properties":{"ZCTA5CE10":"98829"}},{"type":"Feature","geometry":{"type":"Polygon","coordinates":[[[-119.5489,48.4662],[-119.5381,48.4677],[-119.5381,48.4526],[-119.5238,48.4531],[-119.5212,48.4677],[-119.5054,48.4676],[-119.5052,48.4785],[-119.5004,48.4784],[-119.5106,48.4963],[-119.4937,48.4956],[-119.4849,48.4891],[-119.481,48.4809],[-119.3762,48.4812],[-119.3509,48.4818],[-119.2216,48.4821],[-119.2116,48.4774],[-119.2118,48.4822],[-119.1964,48.4822],[-119.196,48.5687],[-119.2408,48.5687],[-119.2503,48.5809],[-119.2395,48.5904],[-119.2358,48.6032],[-119.2375,48.6094],[-119.2459,48.6126],[-119.2709,48.5915],[-119.2729,48.6014],[-119.2857,48.6131],[-119.3147,48.6013],[-119.3299,48.617],[-119.3365,48.6078],[-119.3597,48.6072],[-119.3819,48.6261],[-119.405,48.6269],[-119.4182,48.6315],[-119.4183,48.6256],[-119.4289,48.6202],[-119.4444,48.6208],[-119.4581,48.6257],[-119.458,48.5824],[-119.495,48.5832],[-119.4939,48.5696],[-119.545,48.569],[-119.6038,48.569],[-119.612,48.5637],[-119.6118,48.5585],[-119.6205,48.5589],[-119.6385,48.5417],[-119.6407,48.5358],[-119.6369,48.5235],[-119.6313,48.5205],[-119.6271,48.5076],[-119.6201,48.5075],[-119.6035,48.4926],[-119.5975,48.4824],[-119.5819,48.4682],[-119.5685,48.4644],[-119.5489,48.4662]]]},"properties":{"ZCTA5CE10":"98849"}},{"type":"Feature","geometry":{"type":"Polygon","coordinates":[[[-123.9632,46.2633],[-123.9457,46.2695],[-123.9278,46.2598],[-123.9467,46.2741],[-123.952,46.2827],[-123.9379,46.2835],[-123.938,46.2929],[-123.9472,46.3115],[-123.9573,46.3165],[-123.9638,46.3158],[-123.9637,46.3301],[-123.9795,46.3319],[-123.969,46.3429],[-123.9577,46.3487],[-123.9594,46.3597],[-123.9526,46.3657],[-123.9539,46.3781],[-123.9513,46.3873],[-123.8823,46.3861],[-123.888,46.398],[-123.8931,46.4264],[-123.9051,46.4296],[-123.9023,46.4332],[-123.9094,46.4397],[-123.9071,46.449],[-123.9159,46.4584],[-123.9372,46.4656],[-123.9437,46.4772],[-123.968,46.4735],[-123.9714,46.4763],[-123.9721,46.4395],[-123.9876,46.4446],[-123.9948,46.454],[-124.0067,46.4615],[-124.0061,46.4585],[-123.9971,46.4365],[-123.9794,46.3987],[-123.9735,46.3932],[-123.9738,46.3789],[-124.0007,46.3735],[-123.9952,46.3624],[-124.0013,46.3567],[-124.0117,46.3574],[-124.0229,46.3482],[-124.0378,46.3421],[-124.0314,46.342],[-124.0313,46.3312],[-124.0416,46.3312],[-124.0471,46.3259],[-124.0579,46.3212],[-124.0692,46.3303],[-124.075,46.3081],[-124.0807,46.3041],[-124.0805,46.2943],[-124.0845,46.283],[-124.0862,46.2672],[-124.0806,46.2627],[-124.036,46.2642],[-124.0338,46.2773],[-124.0388,46.2837],[-124.0356,46.2968],[-124.0249,46.2991],[-124.0149,46.2932],[-124.0013,46.274],[-123.986,46.2728],[-123.9632,46.2633]]]},"properties":{"ZCTA5CE10":"98624"}},{"type":"Feature","geometry":{"type":"Polygon","coordinates":[[[-122.4626,47.2147],[-122.4313,47.2152],[-122.4312,47.2334],[-122.4327,47.2332],[-122.4409,47.2314],[-122.4614,47.2301],[-122.4626,47.2147]]]},"properties":{"ZCTA5CE10":"98418"}},{"type":"Feature","geometry":{"type":"MultiPolygon","coordinates":[[[[-122.5931,47.1594],[-122.5826,47.1611],[-122.5806,47.1739],[-122.5743,47.1753],[-122.5761,47.1864],[-122.6227,47.1888],[-122.6422,47.1655],[-122.6491,47.1492],[-122.643,47.1415],[-122.6322,47.1433],[-122.622,47.1568],[-122.5931,47.1594]]],[[[-122.711,47.196],[-122.7001,47.194],[-122.6785,47.1855],[-122.6508,47.1847],[-122.6238,47.1939],[-122.6221,47.2092],[-122.6753,47.2513],[-122.7112,47.2305],[-122.7165,47.2192],[-122.7314,47.2068],[-122.731,47.1995],[-122.711,47.196]]]]},"properties":{"ZCTA5CE10":"98388"}},{"type":"Feature","geometry":{"type":"Polygon","coordinates":[[[-122.6875,47.3343],[-122.6672,47.3353],[-122.6581,47.3305],[-122.6433,47.3294],[-122.5821,47.3307],[-122.575,47.3256],[-122.5713,47.3272],[-122.5558,47.3475],[-122.551,47.3611],[-122.5382,47.3769],[-122.5469,47.3833],[-122.5534,47.3939],[-122.5508,47.4032],[-122.6247,47.4034],[-122.6306,47.4035],[-122.6325,47.3907],[-122.6286,47.3821],[-122.638,47.3728],[-122.6589,47.3609],[-122.6838,47.3514],[-122.6875,47.3343]]]},"properties":{"ZCTA5CE10":"98332"}},{"type":"Feature","geometry":{"type":"Polygon","coordinates":[[[-122.4886,48.6454],[-122.3913,48.645],[-122.3767,48.6375],[-122.3691,48.6249],[-122.3619,48.6258],[-122.348,48.6093],[-122.3456,48.6159],[-122.3324,48.62],[-122.3323,48.6312],[-122.3491,48.6312],[-122.3564,48.6451],[-122.3405,48.6451],[-122.3431,48.6518],[-122.3561,48.666],[-122.3528,48.6721],[-122.3618,48.6849],[-122.3578,48.6966],[-122.3425,48.7066],[-122.3377,48.6936],[-122.3291,48.6906],[-122.3055,48.7049],[-122.3068,48.7181],[-122.3113,48.7206],[-122.3292,48.7316],[-122.3482,48.7393],[-122.3616,48.7469],[-122.3779,48.7441],[-122.4208,48.763],[-122.4616,48.763],[-122.4618,48.7547],[-122.4673,48.7421],[-122.4673,48.7331],[-122.4726,48.7281],[-122.4755,48.7021],[-122.4859,48.7023],[-122.4986,48.7086],[-122.5072,48.7037],[-122.5,48.6971],[-122.504,48.6873],[-122.5042,48.6771],[-122.5112,48.6694],[-122.503,48.6563],[-122.4932,48.6537],[-122.4886,48.6454]]]},"properties":{"ZCTA5CE10":"98229"}},{"type":"Feature","geometry":{"type":"Polygon","coordinates":[[[-121.6069,45.7826],[-121.6068,45.7753],[-121.5981,45.7694],[-121.5997,45.7608],[-121.6224,45.7624],[-121.6333,45.7535],[-121.6379,45.7448],[-121.637,45.7355],[-121.6321,45.7298],[-121.6345,45.7228],[-121.6453,45.7173],[-121.6418,45.7096],[-121.6238,45.7102],[-121.6196,45.7074],[-121.5331,45.7265],[-121.5224,45.7247],[-121.5213,45.732],[-121.5249,45.7437],[-121.521,45.7476],[-121.5371,45.7607],[-121.5392,45.7702],[-121.5472,45.7662],[-121.5687,45.7723],[-121.5734,45.7824],[-121.6069,45.7826]]]},"properties":{"ZCTA5CE10":"98651"}},{"type":"Feature","geometry":{"type":"Polygon","coordinates":[[[-122.059,47.9788],[-122.1027,47.9781],[-122.1055,47.9981],[-122.113,47.9992],[-122.1189,48.0071],[-122.1242,48.0071],[-122.1225,48.0217],[-122.1445,48.0218],[-122.1558,48.0347],[-122.1738,48.0387],[-122.1841,48.0498],[-122.1841,48.0361],[-122.2097,48.0327],[-122.2229,48.0245],[-122.2341,48.0293],[-122.2412,48.0275],[-122.2314,48.0264],[-122.2309,48.0169],[-122.2158,48.0217],[-122.1875,48.0171],[-122.1819,48.0141],[-122.1771,48.0023],[-122.1805,47.9952],[-122.169,47.9836],[-122.1869,47.9749],[-122.1867,47.9594],[-122.1917,47.949],[-122.188,47.948],[-122.178,47.9469],[-122.1719,47.9418],[-122.16,47.9504],[-122.1466,47.9528],[-122.1313,47.9618],[-122.1338,47.9708],[-122.125,47.9631],[-122.102,47.9637],[-122.1015,47.9533],[-122.0887,47.9508],[-122.0879,47.9563],[-122.079,47.9563],[-122.077,47.9709],[-122.065,47.9708],[-122.059,47.9788]]]},"properties":{"ZCTA5CE10":"98205"}},{"type":"Feature","geometry":{"type":"MultiPolygon","coordinates":[[[[-122.1584,47.856],[-122.1477,47.8631],[-122.1467,47.8776],[-122.1634,47.8788],[-122.1637,47.8706],[-122.1696,47.8657],[-122.1724,47.8633],[-122.1729,47.8634],[-122.1693,47.8581],[-122.1584,47.856]]],[[[-122.2393,47.8778],[-122.244,47.8724],[-122.2317,47.8696],[-122.228,47.8638],[-122.2237,47.871],[-122.2229,47.8819],[-122.2151,47.8782],[-122.166,47.8778],[-122.1543,47.8939],[-122.1444,47.892],[-122.1383,47.8961],[-122.1363,47.9064],[-122.1283,47.9151],[-122.1659,47.9253],[-122.1685,47.9283],[-122.1719,47.9418],[-122.178,47.9469],[-122.188,47.948],[-122.1975,47.9433],[-122.1905,47.9238],[-122.2096,47.9214],[-122.2337,47.9234],[-122.228,47.9219],[-122.2358,47.9136],[-122.2335,47.8955],[-122.2363,47.8892],[-122.2302,47.8853],[-122.2393,47.8778]]]]},"properties":{"ZCTA5CE10":"98208"}},{"type":"Feature","geometry":{"type":"Polygon","coordinates":[[[-122.1579,47.8184],[-122.154,47.8116],[-122.1483,47.8118],[-122.1448,47.8049],[-122.1119,47.8049],[-122.1143,47.7956],[-122.1025,47.7994],[-122.0967,47.7947],[-122.0776,47.7881],[-122.066,47.7904],[-122.0657,47.7756],[-122.0183,47.7754],[-122.0183,47.7982],[-122.0328,47.7948],[-122.0322,47.803],[-122.0368,47.8193],[-122.0476,47.8313],[-122.0732,47.8472],[-122.0866,47.8576],[-122.0798,47.8663],[-122.0876,47.8681],[-122.0898,47.8807],[-122.0865,47.8828],[-122.0911,47.8929],[-122.0899,47.9055],[-122.0949,47.9102],[-122.1161,47.9127],[-122.1216,47.9181],[-122.1377,47.9225],[-122.1467,47.9217],[-122.1685,47.9283],[-122.1659,47.9253],[-122.1283,47.9151],[-122.1363,47.9064],[-122.1383,47.8961],[-122.1444,47.892],[-122.1543,47.8939],[-122.166,47.8778],[-122.1839,47.8612],[-122.1876,47.8504],[-122.1803,47.8444],[-122.1729,47.8634],[-122.1724,47.8633],[-122.1696,47.8657],[-122.1637,47.8706],[-122.1634,47.8788],[-122.1467,47.8776],[-122.1477,47.8631],[-122.1584,47.856],[-122.1584,47.844],[-122.1531,47.8433],[-122.1533,47.8342],[-122.1585,47.8312],[-122.1579,47.8184]]]},"properties":{"ZCTA5CE10":"98296"}},{"type":"Feature","geometry":{"type":"Polygon","coordinates":[[[-122.1405,48.092],[-122.163,48.0925],[-122.1748,48.0854],[-122.1823,48.0903],[-122.1847,48.098],[-122.1841,48.0498],[-122.1738,48.0387],[-122.1558,48.0347],[-122.1445,48.0218],[-122.1225,48.0217],[-122.1094,48.0215],[-122.1114,48.072],[-122.1118,48.0918],[-122.1245,48.092],[-122.1405,48.092]]]},"properties":{"ZCTA5CE10":"98270"}},{"type":"Feature","geometry":{"type":"Polygon","coordinates":[[[-122.0178,48.0582],[-122.002,48.0541],[-122.0022,48.0581],[-121.9875,48.0589],[-121.9685,48.0533],[-121.9641,48.0452],[-121.9569,48.0463],[-121.9522,48.0353],[-121.9538,48.0235],[-121.9508,48.0173],[-121.9398,48.009],[-121.9296,48.0156],[-121.9187,48.0138],[-121.9097,48.005],[-121.9044,48.008],[-121.861,48.0076],[-121.8611,48.033],[-121.84,48.0331],[-121.8122,48.0199],[-121.8047,48.0146],[-121.8128,48.0082],[-121.797,48.008],[-121.7968,47.9791],[-121.7565,47.9791],[-121.7413,47.9728],[-121.7228,47.9701],[-121.6985,47.971],[-121.6855,47.9746],[-121.6829,47.976],[-121.6498,47.9719],[-121.642,47.9723],[-121.6272,47.9796],[-121.6191,47.9754],[-121.6016,47.9813],[-121.5812,47.9768],[-121.5658,47.9793],[-121.5617,47.9911],[-121.5554,47.9957],[-121.5378,47.9959],[-121.5208,47.9921],[-121.5174,47.9882],[-121.5035,47.9849],[-121.487,47.9952],[-121.475,47.9882],[-121.4439,47.9861],[-121.4385,48.0012],[-121.4447,48.0201],[-121.4441,48.0262],[-121.4501,48.0402],[-121.4578,48.0448],[-121.473,48.0458],[-121.4536,48.0712],[-121.4532,48.1222],[-121.4486,48.1232],[-121.4354,48.1347],[-121.4461,48.1585],[-121.4692,48.1666],[-121.4743,48.1732],[-121.4982,48.1856],[-121.5124,48.1877],[-121.5399,48.2005],[-121.5449,48.2057],[-121.5684,48.2189],[-121.5713,48.2086],[-121.5702,48.1911],[-121.5777,48.1853],[-121.5801,48.1762],[-121.5872,48.1676],[-121.6011,48.1604],[-121.6075,48.1386],[-121.6068,48.1311],[-121.6124,48.1315],[-121.617,48.1247],[-121.6674,48.1246],[-121.6709,48.1328],[-121.6839,48.1412],[-121.6789,48.146],[-121.6883,48.1405],[-121.7057,48.1357],[-121.721,48.1423],[-121.739,48.1449],[-121.7567,48.1507],[-121.7673,48.1476],[-121.786,48.1541],[-121.7906,48.1526],[-121.8138,48.1559],[-121.8373,48.149],[-121.8488,48.1436],[-121.8487,48.1395],[-121.8621,48.1232],[-121.8789,48.126],[-121.8939,48.1234],[-121.9554,48.1243],[-121.9705,48.1178],[-121.9711,48.0973],[-121.9817,48.0965],[-121.9832,48.1013],[-122.0067,48.1012],[-122.0192,48.1084],[-122.0179,48.0977],[-122.0248,48.0941],[-122.0429,48.0941],[-122.0463,48.0941],[-122.0319,48.0771],[-122.0321,48.0724],[-122.0096,48.0719],[-122.0178,48.0582]]]},"properties":{"ZCTA5CE10":"98252"}},{"type":"Feature","geometry":{"type":"Polygon","coordinates":[[[-122.2643,48.1399],[-122.2492,48.1429],[-122.2433,48.1353],[-122.2292,48.1347],[-122.2265,48.1265],[-122.2008,48.1269],[-122.1964,48.123],[-122.1891,48.1295],[-122.2074,48.1519],[-122.1965,48.1522],[-122.2003,48.1647],[-122.1913,48.1671],[-122.1873,48.1446],[-122.1432,48.1464],[-122.1513,48.1338],[-122.1411,48.1336],[-122.141,48.1264],[-122.1472,48.1263],[-122.1506,48.1143],[-122.1409,48.1137],[-122.1405,48.092],[-122.1245,48.092],[-122.1254,48.0995],[-122.1319,48.1064],[-122.1246,48.1069],[-122.1248,48.116],[-122.1121,48.1046],[-122.1118,48.0918],[-122.1114,48.072],[-122.098,48.072],[-122.0863,48.0939],[-122.0755,48.0942],[-122.0755,48.1014],[-122.0699,48.1014],[-122.0786,48.1098],[-122.0764,48.1235],[-122.0757,48.1084],[-122.0719,48.1084],[-122.0748,48.1235],[-122.0544,48.1235],[-122.054,48.1086],[-122.0434,48.1087],[-122.0429,48.0941],[-122.0248,48.0941],[-122.0179,48.0977],[-122.0192,48.1084],[-122.0067,48.1012],[-121.9832,48.1013],[-121.9817,48.0965],[-121.9711,48.0973],[-121.9705,48.1178],[-121.9554,48.1243],[-121.8939,48.1234],[-121.8789,48.126],[-121.8621,48.1232],[-121.8487,48.1395],[-121.8488,48.1436],[-121.8373,48.149],[-121.8138,48.1559],[-121.7906,48.1526],[-121.786,48.1541],[-121.7673,48.1476],[-121.7567,48.1507],[-121.739,48.1449],[-121.721,48.1423],[-121.7057,48.1357],[-121.6883,48.1405],[-121.6789,48.146],[-121.6879,48.1699],[-121.6573,48.1726],[-121.651,48.1824],[-121.6334,48.1974],[-121.6285,48.2057],[-121.6277,48.219],[-121.6391,48.2379],[-121.6348,48.2455],[-121.659,48.2595],[-121.6613,48.2669],[-121.6508,48.2736],[-121.6138,48.2739],[-121.629,48.2777],[-121.6212,48.2832],[-121.6342,48.2895],[-121.6364,48.2985],[-121.9356,48.2977],[-122.0013,48.2975],[-122.1263,48.298],[-122.2039,48.2973],[-122.205,48.2534],[-122.2104,48.2572],[-122.2469,48.2568],[-122.2534,48.2534],[-122.2371,48.235],[-122.2373,48.2289],[-122.2278,48.2164],[-122.2198,48.2162],[-122.2177,48.2066],[-122.2237,48.2013],[-122.2168,48.1998],[-122.2378,48.197],[-122.2585,48.1916],[-122.2505,48.1814],[-122.2503,48.1739],[-122.2651,48.1699],[-122.2597,48.1611],[-122.2753,48.1584],[-122.2768,48.1486],[-122.2643,48.1399]]]},"properties":{"ZCTA5CE10":"98223"}},{"type":"Feature","geometry":{"type":"Polygon","coordinates":[[[-122.2269,47.9825],[-122.2228,47.9883],[-122.2142,47.9897],[-122.2215,47.9942],[-122.2345,47.9809],[-122.2269,47.9825]]]},"properties":{"ZCTA5CE10":"98207"}},{"type":"Feature","geometry":{"type":"Polygon","coordinates":[[[-117.6254,47.643],[-117.6174,47.643],[-117.6172,47.6356],[-117.6039,47.6384],[-117.6039,47.6581],[-117.6254,47.6509],[-117.6252,47.6719],[-117.6612,47.6921],[-117.6631,47.7012],[-117.7116,47.7013],[-117.7111,47.6834],[-117.6954,47.6818],[-117.7023,47.6747],[-117.6889,47.661],[-117.7066,47.6431],[-117.7279,47.6397],[-117.7279,47.6434],[-117.7119,47.6432],[-117.7118,47.6578],[-117.7334,47.658],[-117.7333,47.6289],[-117.7611,47.6289],[-117.7612,47.6214],[-117.7703,47.629],[-117.7765,47.629],[-117.7765,47.6436],[-117.7979,47.646],[-117.798,47.6145],[-117.8218,47.6146],[-117.8218,47.5798],[-117.8219,47.5443],[-117.8008,47.5438],[-117.7994,47.5365],[-117.7847,47.5361],[-117.7847,47.5193],[-117.7846,47.5237],[-117.758,47.5219],[-117.7578,47.551],[-117.7685,47.5511],[-117.7689,47.5584],[-117.7501,47.5586],[-117.7465,47.562],[-117.7148,47.5593],[-117.715,47.551],[-117.6874,47.5406],[-117.6932,47.5219],[-117.6664,47.5219],[-117.6158,47.5551],[-117.6397,47.5546],[-117.6398,47.5655],[-117.6291,47.5656],[-117.6292,47.58],[-117.6094,47.5801],[-117.6124,47.5912],[-117.6075,47.5947],[-117.6076,47.6139],[-117.6041,47.6139],[-117.604,47.6283],[-117.6256,47.6284],[-117.6258,47.6079],[-117.629,47.5909],[-117.6393,47.5887],[-117.6395,47.595],[-117.6504,47.5947],[-117.6506,47.6048],[-117.6655,47.6097],[-117.6872,47.602],[-117.6918,47.609],[-117.6684,47.6165],[-117.6738,47.6322],[-117.6495,47.6429],[-117.6254,47.643]]]},"properties":{"ZCTA5CE10":"99022"}},{"type":"Feature","geometry":{"type":"Polygon","coordinates":[[[-117.4111,47.6718],[-117.4113,47.6526],[-117.4114,47.6427],[-117.3776,47.6418],[-117.3469,47.6428],[-117.3467,47.6735],[-117.3684,47.6719],[-117.4111,47.6718]]]},"properties":{"ZCTA5CE10":"99202"}},{"type":"Feature","geometry":{"type":"Polygon","coordinates":[[[-117.3784,47.7725],[-117.3969,47.7729],[-117.4055,47.7845],[-117.4205,47.7725],[-117.448,47.7727],[-117.4538,47.7699],[-117.4535,47.7587],[-117.4376,47.7585],[-117.4259,47.7551],[-117.4417,47.7549],[-117.4322,47.7523],[-117.4244,47.7368],[-117.3953,47.7368],[-117.3952,47.7511],[-117.3686,47.7524],[-117.3683,47.7729],[-117.3784,47.7725]]]},"properties":{"ZCTA5CE10":"99218"}},{"type":"Feature","geometry":{"type":"Polygon","coordinates":[[[-117.2894,47.3473],[-117.2922,47.3328],[-117.2827,47.3344],[-117.2717,47.3289],[-117.2617,47.3291],[-117.2486,47.3363],[-117.2324,47.342],[-117.2262,47.3362],[-117.2261,47.3447],[-117.231,47.3503],[-117.2621,47.3526],[-117.2922,47.3675],[-117.2894,47.3473]]]},"properties":{"ZCTA5CE10":"99039"}},{"type":"Feature","geometry":{"type":"Polygon","coordinates":[[[-117.2684,47.289],[-117.2828,47.2791],[-117.2826,47.2672],[-117.2899,47.2597],[-117.2044,47.2596],[-117.1721,47.2596],[-117.0886,47.2595],[-117.0883,47.2741],[-117.078,47.2741],[-117.0776,47.3034],[-117.0563,47.3032],[-117.0562,47.3069],[-117.0399,47.3105],[-117.0399,47.3327],[-117.073,47.3327],[-117.0735,47.3183],[-117.0885,47.3183],[-117.0992,47.3221],[-117.0993,47.3294],[-117.1101,47.3259],[-117.1528,47.3261],[-117.1526,47.3332],[-117.1632,47.3326],[-117.1642,47.2926],[-117.1619,47.2876],[-117.1737,47.2827],[-117.1689,47.3014],[-117.1735,47.3093],[-117.1875,47.3035],[-117.2277,47.3034],[-117.2278,47.2888],[-117.2684,47.289]]]},"properties":{"ZCTA5CE10":"99018"}},{"type":"Feature","geometry":{"type":"Polygon","coordinates":[[[-117.0791,47.6862],[-117.0603,47.6965],[-117.0689,47.7003],[-117.0689,47.7131],[-117.0797,47.713],[-117.0802,47.7192],[-117.097,47.7125],[-117.1129,47.7089],[-117.1162,47.7129],[-117.1241,47.7393],[-117.1201,47.7463],[-117.1104,47.7526],[-117.1293,47.7527],[-117.1334,47.7637],[-117.1337,47.7578],[-117.1518,47.7576],[-117.1473,47.751],[-117.1706,47.7167],[-117.1754,47.715],[-117.1754,47.7066],[-117.1654,47.6978],[-117.1552,47.6997],[-117.1544,47.6865],[-117.1752,47.6827],[-117.1753,47.6788],[-117.1597,47.6836],[-117.1543,47.6783],[-117.1432,47.6806],[-117.1189,47.6779],[-117.1038,47.6849],[-117.0892,47.6819],[-117.0791,47.6862]]]},"properties":{"ZCTA5CE10":"99027"}},{"type":"Feature","geometry":{"type":"Polygon","coordinates":[[[-117.2384,47.4781],[-117.2012,47.4782],[-117.2006,47.4943],[-117.1945,47.5187],[-117.1995,47.5266],[-117.1889,47.5275],[-117.1559,47.5365],[-117.1516,47.5421],[-117.1777,47.5435],[-117.2017,47.5291],[-117.2148,47.5419],[-117.2137,47.5476],[-117.2387,47.5414],[-117.2385,47.5509],[-117.2131,47.5509],[-117.2143,47.5619],[-117.2228,47.5731],[-117.2599,47.5727],[-117.2598,47.5798],[-117.2814,47.5798],[-117.2816,47.5944],[-117.2977,47.5943],[-117.2976,47.5812],[-117.2902,47.5808],[-117.2886,47.5688],[-117.2936,47.5536],[-117.3104,47.5451],[-117.3254,47.5461],[-117.3254,47.5505],[-117.3387,47.5543],[-117.3454,47.5471],[-117.3593,47.5421],[-117.3698,47.5418],[-117.3684,47.5355],[-117.3682,47.5221],[-117.3684,47.4779],[-117.3581,47.479],[-117.3575,47.4846],[-117.347,47.4852],[-117.3471,47.4781],[-117.3254,47.4782],[-117.3282,47.4889],[-117.3137,47.5024],[-117.3039,47.4997],[-117.2813,47.4995],[-117.2758,47.4922],[-117.2492,47.4889],[-117.2493,47.4817],[-117.2385,47.4818],[-117.2384,47.4781]]]},"properties":{"ZCTA5CE10":"99036"}},{"type":"Feature","geometry":{"type":"Polygon","coordinates":[[[-117.1432,47.6806],[-117.143,47.6755],[-117.1346,47.6714],[-117.1111,47.6714],[-117.1364,47.6638],[-117.1216,47.6636],[-117.1322,47.6569],[-117.1214,47.6568],[-117.1214,47.6496],[-117.1129,47.6496],[-117.1102,47.6397],[-117.112,47.6214],[-117.1077,47.611],[-117.0943,47.6048],[-117.0853,47.6055],[-117.08,47.5867],[-117.0856,47.5799],[-117.0569,47.5884],[-117.0409,47.5847],[-117.0417,47.6977],[-117.0564,47.6967],[-117.0665,47.6902],[-117.0791,47.6862],[-117.0892,47.6819],[-117.1038,47.6849],[-117.1189,47.6779],[-117.1432,47.6806]]]},"properties":{"ZCTA5CE10":"99019"}},{"type":"Feature","geometry":{"type":"Polygon","coordinates":[[[-117.7174,47.7808],[-117.6871,47.7682],[-117.6748,47.7593],[-117.6687,47.7593],[-117.6692,47.7521],[-117.6848,47.7517],[-117.6773,47.7448],[-117.6747,47.7366],[-117.6433,47.7422],[-117.6235,47.7503],[-117.5969,47.7442],[-117.5609,47.7442],[-117.5495,47.7522],[-117.5453,47.7507],[-117.5442,47.7384],[-117.5399,47.7299],[-117.511,47.73],[-117.4968,47.73],[-117.5023,47.7336],[-117.5046,47.7475],[-117.5178,47.7587],[-117.5105,47.7588],[-117.5408,47.7678],[-117.5389,47.7726],[-117.5462,47.7814],[-117.542,47.7851],[-117.5271,47.7872],[-117.5356,47.7981],[-117.5356,47.8306],[-117.5353,47.8453],[-117.6046,47.8454],[-117.6104,47.8466],[-117.6102,47.8539],[-117.6155,47.8598],[-117.6265,47.8598],[-117.6272,47.9177],[-117.6587,47.9176],[-117.6642,47.9099],[-117.6757,47.9035],[-117.6864,47.9035],[-117.6864,47.8906],[-117.7086,47.8748],[-117.6981,47.8748],[-117.7026,47.8637],[-117.7,47.8606],[-117.7127,47.8454],[-117.7238,47.8412],[-117.7447,47.8268],[-117.7448,47.8136],[-117.7362,47.8159],[-117.7388,47.8206],[-117.7314,47.8235],[-117.7202,47.8359],[-117.7129,47.8401],[-117.7125,47.8028],[-117.734,47.8004],[-117.7339,47.7871],[-117.7174,47.7808]]]},"properties":{"ZCTA5CE10":"99026"}},{"type":"Feature","geometry":{"type":"Polygon","coordinates":[[[-118.0314,48.3509],[-118.0307,48.3217],[-118.0417,48.3218],[-118.0416,48.3138],[-118.0499,48.3104],[-118.0466,48.3059],[-118.0512,48.2989],[-118.0514,48.2872],[-118.0572,48.2815],[-118.0729,48.2815],[-118.0727,48.2481],[-118.0618,48.2451],[-118.0618,48.2233],[-117.9752,48.2233],[-117.9564,48.236],[-117.9383,48.2517],[-117.8887,48.2513],[-117.889,48.2772],[-117.891,48.2798],[-117.932,48.2795],[-117.9375,48.2871],[-117.927,48.2936],[-117.9053,48.2938],[-117.9053,48.2974],[-117.8891,48.301],[-117.8891,48.2938],[-117.8678,48.2942],[-117.8676,48.3112],[-117.8493,48.3161],[-117.8271,48.3161],[-117.8304,48.3195],[-117.8424,48.3486],[-117.8527,48.3522],[-117.8338,48.3521],[-117.8266,48.3272],[-117.8173,48.3186],[-117.8022,48.33],[-117.7891,48.3289],[-117.7828,48.3373],[-117.7609,48.3375],[-117.7615,48.3585],[-117.7701,48.3567],[-117.7616,48.3673],[-117.7617,48.3806],[-117.7721,48.3805],[-117.7716,48.4145],[-117.7829,48.4167],[-117.8094,48.4168],[-117.8054,48.4071],[-117.8171,48.4092],[-117.841,48.4053],[-117.8506,48.4063],[-117.8567,48.4276],[-117.8688,48.4274],[-117.8541,48.4051],[-117.868,48.4041],[-117.8701,48.3811],[-117.8811,48.3808],[-117.8788,48.3955],[-117.8797,48.4092],[-117.9014,48.4091],[-117.9009,48.4163],[-117.9123,48.4163],[-117.9109,48.4234],[-117.9562,48.4233],[-117.9563,48.4286],[-117.9637,48.4232],[-117.977,48.4233],[-117.9773,48.3943],[-117.9553,48.3942],[-117.9551,48.3508],[-118.0314,48.3509]]]},"properties":{"ZCTA5CE10":"99101"}},{"type":"Feature","geometry":{"type":"Polygon","coordinates":[[[-117.9896,48.8155],[-118.0066,48.8077],[-118.0099,48.8029],[-118.0014,48.7945],[-118.0009,48.7886],[-118.008,48.7764],[-118.0318,48.7668],[-118.0522,48.7548],[-118.0545,48.7447],[-118.0524,48.7358],[-118.036,48.714],[-118.0243,48.7064],[-118.0146,48.6927],[-118.0171,48.6822],[-118.0373,48.673],[-118.0643,48.6683],[-118.0756,48.6626],[-118.069,48.6623],[-118.0604,48.6664],[-118.0525,48.6657],[-118.0678,48.6626],[-118.0387,48.6626],[-118.0486,48.6556],[-118.0609,48.6536],[-118.0533,48.6512],[-118.0122,48.6458],[-118.0107,48.6546],[-118.0036,48.6533],[-118.0066,48.6466],[-117.9968,48.6456],[-117.9897,48.6551],[-117.998,48.6552],[-117.9987,48.6777],[-117.9772,48.6774],[-117.9776,48.6848],[-117.9676,48.6848],[-117.9628,48.6773],[-117.9557,48.6773],[-117.9545,48.6689],[-117.9434,48.6842],[-117.9445,48.6882],[-117.9341,48.699],[-117.9387,48.7224],[-117.9438,48.7289],[-117.9067,48.7472],[-117.9019,48.7466],[-117.8892,48.7357],[-117.8733,48.7375],[-117.8808,48.7394],[-117.8789,48.7712],[-117.8789,48.8022],[-117.9893,48.8019],[-117.9896,48.8155]]]},"properties":{"ZCTA5CE10":"99126"}},{"type":"Feature","geometry":{"type":"Polygon","coordinates":[[[-118.2024,48.4187],[-118.2035,48.4097],[-118.1897,48.3915],[-118.183,48.3749],[-118.1671,48.3749],[-118.1632,48.3606],[-118.1529,48.3481],[-118.1441,48.3446],[-118.1455,48.3215],[-118.1363,48.3146],[-118.0993,48.313],[-118.0931,48.3164],[-118.09,48.3251],[-118.0606,48.3405],[-118.0561,48.3509],[-118.0635,48.356],[-118.0647,48.3977],[-118.0711,48.4062],[-118.0666,48.412],[-118.0732,48.4165],[-118.073,48.4275],[-118.0648,48.4284],[-118.062,48.4402],[-118.0556,48.4438],[-118.0666,48.4501],[-118.0657,48.4603],[-118.0613,48.4644],[-118.0645,48.4714],[-118.0562,48.4751],[-118.0697,48.4972],[-118.0632,48.5102],[-118.0867,48.517],[-118.0949,48.5168],[-118.1081,48.5216],[-118.1096,48.5281],[-118.1263,48.5337],[-118.1259,48.5191],[-118.1307,48.5188],[-118.1366,48.5097],[-118.1351,48.4958],[-118.1446,48.4899],[-118.1511,48.4805],[-118.1528,48.471],[-118.1606,48.4656],[-118.163,48.4579],[-118.1748,48.45],[-118.197,48.4512],[-118.2017,48.4426],[-118.1976,48.4313],[-118.1872,48.4304],[-118.1805,48.4183],[-118.2024,48.4187]]]},"properties":{"ZCTA5CE10":"99167"}},{"type":"Feature","geometry":{"type":"Polygon","coordinates":[[[-117.9752,48.2233],[-118.0618,48.2233],[-118.0618,48.2451],[-118.0727,48.2481],[-118.0784,48.2414],[-118.0869,48.2506],[-118.1277,48.2506],[-118.1406,48.2421],[-118.1447,48.2301],[-118.141,48.2212],[-118.1487,48.221],[-118.1576,48.2281],[-118.1741,48.2191],[-118.1796,48.2034],[-118.1707,48.1999],[-118.1719,48.1907],[-118.1678,48.1772],[-118.1728,48.1655],[-118.1669,48.1581],[-118.1885,48.15],[-118.2016,48.1382],[-118.2185,48.1327],[-118.233,48.1252],[-118.2362,48.1123],[-118.2329,48.1094],[-118.226,48.0853],[-118.2145,48.083],[-118.2062,48.0671],[-118.1971,48.0762],[-118.2046,48.0877],[-118.2014,48.1007],[-118.2043,48.1028],[-118.2012,48.1155],[-118.1789,48.1182],[-118.1662,48.1232],[-118.1603,48.122],[-118.1395,48.1264],[-118.1212,48.1227],[-118.0799,48.1199],[-118.0724,48.114],[-118.0712,48.1057],[-118.0655,48.1023],[-118.0651,48.0921],[-118.0507,48.084],[-118.0339,48.0833],[-118.0214,48.0907],[-118.0306,48.1037],[-118.0267,48.113],[-118.0145,48.1159],[-118.0103,48.1229],[-118.0019,48.1228],[-117.9947,48.1292],[-117.9852,48.1304],[-117.9871,48.1367],[-117.982,48.146],[-117.98,48.1613],[-117.9873,48.1708],[-117.9889,48.1826],[-117.9755,48.1885],[-117.9773,48.1951],[-117.9857,48.2028],[-117.9752,48.2233]]]},"properties":{"ZCTA5CE10":"99137"}},{"type":"Feature","geometry":{"type":"Polygon","coordinates":[[[-122.6616,46.9381],[-122.6541,46.9381],[-122.6537,46.9125],[-122.6454,46.9125],[-122.6542,46.9036],[-122.639,46.9044],[-122.6393,46.8943],[-122.6652,46.8918],[-122.6763,46.8943],[-122.6765,46.8839],[-122.671,46.8831],[-122.6552,46.8726],[-122.6514,46.8616],[-122.6346,46.8578],[-122.6348,46.8505],[-122.6208,46.8454],[-122.5973,46.8454],[-122.5788,46.8384],[-122.5732,46.8397],[-122.5617,46.8325],[-122.5612,46.8231],[-122.5421,46.8179],[-122.5278,46.817],[-122.5231,46.8129],[-122.502,46.8081],[-122.4861,46.7982],[-122.4674,46.7927],[-122.4679,46.7792],[-122.4733,46.7747],[-122.4948,46.7683],[-122.5055,46.7677],[-122.5095,46.7627],[-122.4811,46.7631],[-122.3168,46.763],[-122.2027,46.7626],[-122.209,46.7689],[-122.2267,46.7688],[-122.2406,46.7759],[-122.2507,46.7713],[-122.2602,46.7719],[-122.2624,46.7653],[-122.2698,46.7669],[-122.2788,46.7763],[-122.2839,46.7737],[-122.2959,46.7852],[-122.3086,46.7894],[-122.3128,46.7969],[-122.3021,46.8091],[-122.3038,46.8286],[-122.3251,46.8305],[-122.3282,46.8444],[-122.3386,46.8379],[-122.3495,46.8375],[-122.3742,46.8448],[-122.3793,46.8394],[-122.3887,46.8451],[-122.401,46.8441],[-122.4214,46.8497],[-122.453,46.8541],[-122.4658,46.8651],[-122.4779,46.8638],[-122.4913,46.8674],[-122.4933,46.8895],[-122.4976,46.897],[-122.4945,46.9043],[-122.5108,46.9152],[-122.5199,46.9155],[-122.5282,46.9253],[-122.5505,46.9308],[-122.5644,46.9369],[-122.5722,46.9596],[-122.5642,46.9663],[-122.5736,46.9647],[-122.588,46.9696],[-122.5752,46.972],[-122.5807,46.9776],[-122.5853,46.974],[-122.6102,46.977],[-122.6114,46.9677],[-122.6274,46.9709],[-122.6379,46.9813],[-122.6482,46.9791],[-122.6434,46.967],[-122.6541,46.967],[-122.6541,46.9455],[-122.6616,46.9381]]]},"properties":{"ZCTA5CE10":"98597"}},{"type":"Feature","geometry":{"type":"Polygon","coordinates":[[[-122.5095,46.7627],[-122.5055,46.7677],[-122.4948,46.7683],[-122.4733,46.7747],[-122.4679,46.7792],[-122.4674,46.7927],[-122.4861,46.7982],[-122.502,46.8081],[-122.5231,46.8129],[-122.5278,46.817],[-122.5421,46.8179],[-122.5612,46.8231],[-122.5617,46.8325],[-122.5732,46.8397],[-122.5788,46.8384],[-122.5973,46.8454],[-122.6208,46.8454],[-122.6348,46.8505],[-122.6346,46.8578],[-122.6514,46.8616],[-122.6552,46.8726],[-122.671,46.8831],[-122.6765,46.8839],[-122.6763,46.8943],[-122.6652,46.8918],[-122.6393,46.8943],[-122.639,46.9044],[-122.6542,46.9036],[-122.6454,46.9125],[-122.6537,46.9125],[-122.6541,46.9381],[-122.6616,46.9381],[-122.6954,46.9378],[-122.7009,46.9333],[-122.715,46.929],[-122.7388,46.9253],[-122.7388,46.9233],[-122.7808,46.9233],[-122.781,46.9163],[-122.7809,46.9116],[-122.7551,46.899],[-122.7444,46.8859],[-122.752,46.8796],[-122.7306,46.8728],[-122.7387,46.868],[-122.7237,46.8597],[-122.7234,46.8508],[-122.698,46.8506],[-122.6983,46.8217],[-122.7003,46.793],[-122.6993,46.7831],[-122.6855,46.7843],[-122.6397,46.7914],[-122.6316,46.7953],[-122.626,46.7727],[-122.635,46.7626],[-122.6158,46.762],[-122.5497,46.7634],[-122.5095,46.7627]]]},"properties":{"ZCTA5CE10":"98576"}},{"type":"Feature","geometry":{"type":"Polygon","coordinates":[[[-118.3725,46.0544],[-118.3775,46.0563],[-118.393,46.0546],[-118.399,46.0493],[-118.4095,46.0493],[-118.4096,46.0346],[-118.3886,46.0349],[-118.4044,46.0302],[-118.4044,46.0275],[-118.3878,46.0275],[-118.3677,46.0355],[-118.3637,46.0424],[-118.3725,46.0544]]]},"properties":{"ZCTA5CE10":"99324"}},{"type":"Feature","geometry":{"type":"Polygon","coordinates":[[[-118.8046,46.1257],[-118.8233,46.136],[-118.8371,46.13],[-118.8474,46.1388],[-118.8679,46.1389],[-118.868,46.0962],[-118.9066,46.1011],[-118.9138,46.1049],[-118.9273,46.1197],[-118.9324,46.1287],[-118.9401,46.1531],[-118.9888,46.1534],[-118.9716,46.1358],[-118.9669,46.128],[-118.9685,46.1168],[-118.9426,46.0747],[-118.9425,46.0637],[-118.9477,46.0488],[-118.9411,46.0293],[-118.9442,46.0257],[-118.9627,46.0186],[-118.9871,45.9999],[-118.9353,46.0007],[-118.8761,46.0004],[-118.7884,46.0009],[-118.8102,46.0161],[-118.8158,46.0238],[-118.833,46.0327],[-118.8331,46.0463],[-118.8371,46.0701],[-118.8417,46.0751],[-118.8084,46.0719],[-118.8125,46.0865],[-118.809,46.0922],[-118.8093,46.1063],[-118.806,46.1081],[-118.8046,46.1257]]]},"properties":{"ZCTA5CE10":"99363"}},{"type":"Feature","geometry":{"type":"Polygon","coordinates":[[[-122.2222,48.9125],[-122.2224,48.9056],[-122.2079,48.9057],[-122.1923,48.913],[-122.1888,48.906],[-122.138,48.9062],[-122.1377,48.9135],[-122.1432,48.9171],[-122.1321,48.9173],[-122.139,48.9245],[-122.1315,48.924],[-122.1266,48.9351],[-122.1163,48.9419],[-122.1066,48.9546],[-122.1065,48.971],[-122.0966,48.975],[-122.0877,48.985],[-122.0884,48.9235],[-122.072,48.9212],[-122.0811,48.9172],[-122.0792,48.912],[-122.062,48.9206],[-122.0566,48.9188],[-122.047,48.9258],[-122.0527,48.9297],[-122.0459,48.934],[-122.0609,48.9415],[-122.0684,48.9351],[-122.0775,48.9451],[-122.0669,48.9744],[-122.0719,48.987],[-122.0683,48.9971],[-122.0739,49.0008],[-122.0839,48.9967],[-122.0838,49.0019],[-122.1369,49.0021],[-122.1516,48.9943],[-122.1758,48.9866],[-122.1759,48.9778],[-122.1428,48.9896],[-122.1426,48.9733],[-122.1761,48.9627],[-122.1768,48.9206],[-122.2209,48.9208],[-122.2222,48.9125]]]},"properties":{"ZCTA5CE10":"98266"}},{"type":"Feature","geometry":{"type":"Polygon","coordinates":[[[-117.0394,46.7018],[-117.0581,46.6848],[-117.0503,46.6774],[-117.0541,46.6733],[-117.0686,46.6715],[-117.0823,46.6642],[-117.0922,46.6679],[-117.1024,46.6647],[-117.1189,46.6635],[-117.1186,46.6495],[-117.1386,46.6388],[-117.1544,46.6391],[-117.1784,46.6424],[-117.1689,46.6243],[-117.2252,46.6243],[-117.2201,46.6183],[-117.2322,46.6243],[-117.2408,46.6243],[-117.2413,46.617],[-117.3176,46.617],[-117.3165,46.6319],[-117.3384,46.6321],[-117.337,46.647],[-117.3589,46.6468],[-117.358,46.6541],[-117.3686,46.6543],[-117.3681,46.6616],[-117.4356,46.6619],[-117.4206,46.6551],[-117.4103,46.6566],[-117.392,46.6537],[-117.3854,46.6488],[-117.3886,46.6248],[-117.3835,46.6152],[-117.362,46.6042],[-117.3494,46.588],[-117.338,46.5821],[-117.3128,46.581],[-117.2963,46.5748],[-117.2847,46.5629],[-117.259,46.549],[-117.2527,46.5431],[-117.2499,46.5431],[-117.2414,46.523],[-117.2329,46.5102],[-117.2111,46.5237],[-117.1982,46.5046],[-117.2002,46.4848],[-117.18,46.4622],[-117.175,46.4734],[-117.1794,46.4786],[-117.1762,46.5244],[-117.1632,46.5285],[-117.141,46.5281],[-117.1286,46.5358],[-117.1247,46.5427],[-117.1119,46.5426],[-117.1097,46.5623],[-117.0934,46.566],[-117.0924,46.5877],[-117.0397,46.5877],[-117.0394,46.7018]]]},"properties":{"ZCTA5CE10":"99113"}},{"type":"Feature","geometry":{"type":"Polygon","coordinates":[[[-120.3504,46.433],[-120.3514,46.4272],[-120.343,46.4286],[-120.3411,46.4221],[-120.3271,46.4138],[-120.3228,46.4154],[-120.3121,46.4093],[-120.3089,46.4037],[-120.2899,46.4056],[-120.2802,46.3981],[-120.2658,46.3941],[-120.2612,46.3974],[-120.2524,46.3948],[-120.2406,46.3815],[-120.2317,46.3843],[-120.2231,46.3761],[-120.2222,46.3705],[-120.2202,46.3637],[-120.2086,46.3646],[-120.2184,46.3751],[-120.204,46.3752],[-120.2041,46.3788],[-120.1883,46.3789],[-120.1992,46.3885],[-120.1992,46.4041],[-120.1676,46.4042],[-120.1464,46.4099],[-120.1405,46.4141],[-120.1254,46.4107],[-120.1254,46.4222],[-120.1151,46.4433],[-120.1038,46.4555],[-120.0994,46.4645],[-120.1031,46.476],[-120.0965,46.4815],[-120.1105,46.4817],[-120.1213,46.478],[-120.1348,46.4781],[-120.1579,46.4711],[-120.1727,46.4766],[-120.1865,46.4783],[-120.1928,46.4862],[-120.2024,46.4896],[-120.2149,46.4897],[-120.2249,46.4953],[-120.234,46.4935],[-120.2451,46.4989],[-120.259,46.5002],[-120.2903,46.5087],[-120.2903,46.4766],[-120.314,46.4733],[-120.3245,46.4621],[-120.3349,46.462],[-120.3352,46.4428],[-120.3439,46.4465],[-120.3445,46.433],[-120.3504,46.433]],[[-120.3153,46.4307],[-120.3138,46.4269],[-120.3244,46.4328],[-120.3153,46.4307]]]},"properties":{"ZCTA5CE10":"98953"}},{"type":"Feature","geometry":{"type":"Polygon","coordinates":[[[-119.267,46.9854],[-119.2604,46.9744],[-119.2629,46.9631],[-119.2556,46.9495],[-119.247,46.9473],[-119.2375,46.9243],[-119.2425,46.9152],[-119.2374,46.9123],[-119.1334,46.9122],[-119.0465,46.9114],[-119.0467,46.8825],[-118.9936,46.8823],[-118.9933,46.8895],[-118.9829,46.8894],[-118.983,46.8822],[-118.9409,46.8818],[-118.9403,46.9114],[-118.898,46.9114],[-118.8975,46.9114],[-118.8973,46.9844],[-118.9405,46.9842],[-118.9399,47.028],[-118.939,47.0425],[-118.918,47.0429],[-118.9177,47.0718],[-118.9812,47.0719],[-118.9812,47.1304],[-118.9811,47.145],[-119.0021,47.1448],[-119.0021,47.1304],[-119.0446,47.1302],[-119.0448,47.0977],[-119.0573,47.1024],[-119.0653,47.0938],[-119.0738,47.0958],[-119.0819,47.0908],[-119.0822,47.0494],[-119.0877,47.0494],[-119.092,47.0417],[-119.1007,47.0391],[-119.1108,47.0428],[-119.115,47.0318],[-119.137,47.0183],[-119.1344,47.0131],[-119.1433,47.0076],[-119.1494,47.0085],[-119.1482,47.001],[-119.1551,47.0004],[-119.1666,46.9906],[-119.1727,46.9939],[-119.1813,46.9913],[-119.1882,46.9946],[-119.2112,46.9886],[-119.2267,46.99],[-119.2482,46.9861],[-119.267,46.9854]]]},"properties":{"ZCTA5CE10":"98857"}},{"type":"Feature","geometry":{"type":"Polygon","coordinates":[[[-119.128,46.6648],[-119.1325,46.6594],[-119.1437,46.657],[-119.0933,46.6387],[-119.0467,46.6431],[-119.0063,46.6426],[-119.0063,46.6348],[-118.9004,46.6343],[-118.9007,46.6182],[-118.9267,46.6023],[-118.9575,46.5925],[-118.9846,46.5736],[-119.0071,46.5468],[-119.0015,46.5434],[-118.9906,46.5437],[-118.9778,46.554],[-118.9566,46.5602],[-118.9407,46.5679],[-118.9201,46.5639],[-118.9113,46.5677],[-118.9052,46.5654],[-118.92,46.5476],[-118.9273,46.5466],[-118.9353,46.5269],[-118.929,46.5225],[-118.9295,46.5069],[-118.922,46.5028],[-118.8876,46.5021],[-118.7903,46.5015],[-118.767,46.5279],[-118.7428,46.5412],[-118.7409,46.5505],[-118.7247,46.5585],[-118.7105,46.5607],[-118.6824,46.5589],[-118.6594,46.5616],[-118.6599,46.5695],[-118.6529,46.5756],[-118.6497,46.5916],[-118.653,46.6001],[-118.6501,46.6068],[-118.6509,46.6487],[-118.6931,46.6488],[-118.6933,46.662],[-118.6686,46.6677],[-118.6572,46.682],[-118.6516,46.7006],[-118.6516,46.7359],[-118.6809,46.7359],[-118.6532,46.7495],[-118.6514,46.7653],[-118.751,46.7647],[-118.7512,46.779],[-118.7683,46.779],[-118.7858,46.7644],[-118.8191,46.7355],[-118.9199,46.7363],[-118.9202,46.7653],[-118.9844,46.7657],[-118.9843,46.7365],[-119.0724,46.738],[-119.1122,46.7381],[-119.1135,46.7083],[-119.1139,46.6649],[-119.128,46.6648]]]},"properties":{"ZCTA5CE10":"99326"}},{"type":"Feature","geometry":{"type":"Polygon","coordinates":[[[-119.868,45.8472],[-119.8681,45.836],[-119.8027,45.8475],[-119.7729,45.8456],[-119.6699,45.8569],[-119.6234,45.9056],[-119.6005,45.9196],[-119.5716,45.9255],[-119.5246,45.9086],[-119.4878,45.9063],[-119.4563,45.9156],[-119.4562,45.9203],[-119.4669,45.9242],[-119.4664,45.9465],[-119.456,45.9469],[-119.4552,45.9978],[-119.4556,46.0424],[-119.4973,46.043],[-119.4977,46.0284],[-119.5108,46.0217],[-119.533,46.0289],[-119.5603,46.0286],[-119.5697,46.0202],[-119.5708,46.0109],[-119.5641,45.9965],[-119.5602,45.9812],[-119.5687,45.9619],[-119.578,45.9529],[-119.5825,45.9398],[-119.6031,45.9369],[-119.6024,46.0435],[-119.6867,46.0429],[-119.7233,46.0405],[-119.7336,46.0323],[-119.7496,46.0388],[-119.7897,46.0381],[-119.8518,46.0391],[-119.8483,46.0173],[-119.8574,46.0111],[-119.8671,46.0112],[-119.868,45.8472]]]},"properties":{"ZCTA5CE10":"99345"}},{"type":"Feature","geometry":{"type":"Polygon","coordinates":[[[-123.0376,47.8669],[-122.9492,47.8668],[-122.9482,47.8826],[-122.9513,47.9251],[-122.9492,47.9926],[-122.947,48.0268],[-122.9271,48.0255],[-122.882,48.0277],[-122.8801,48.0411],[-122.873,48.0473],[-122.8791,48.0471],[-122.917,48.0574],[-122.9282,48.067],[-122.9179,48.0958],[-122.9384,48.0963],[-122.9456,48.0984],[-122.9759,48.0966],[-123.0032,48.0907],[-123.015,48.0857],[-123.0405,48.0808],[-123.0224,48.0827],[-123.0216,48.0788],[-123.0072,48.0693],[-123.0049,48.0638],[-123.0113,48.0544],[-123.0008,48.0402],[-122.9981,48.0237],[-123.0064,48.0232],[-123.0197,48.032],[-123.0375,48.0535],[-123.0458,48.0577],[-123.0405,48.0619],[-123.0457,48.0721],[-123.0453,48.0792],[-123.0534,48.0833],[-123.0435,48.0895],[-123.0469,48.0978],[-123.059,48.1142],[-123.0675,48.1212],[-123.0852,48.1272],[-123.1071,48.1424],[-123.1123,48.1488],[-123.1293,48.1537],[-123.1327,48.1504],[-123.147,48.1516],[-123.1862,48.1461],[-123.1655,48.1638],[-123.1461,48.1749],[-123.1419,48.1733],[-123.1455,48.1576],[-123.1313,48.1763],[-123.147,48.1752],[-123.1635,48.166],[-123.1872,48.1466],[-123.2208,48.1254],[-123.2185,48.1161],[-123.2219,48.1047],[-123.2364,48.0905],[-123.2316,48.0822],[-123.2464,48.0706],[-123.2494,48.0535],[-123.242,48.0409],[-123.2442,48.0372],[-123.2308,48.0251],[-123.2323,48.0181],[-123.2385,48.0158],[-123.2505,47.9974],[-123.2508,47.9933],[-123.2389,47.9807],[-123.2381,47.9713],[-123.2314,47.9713],[-123.2312,47.9614],[-123.2118,47.9658],[-123.1912,47.9656],[-123.1811,47.9721],[-123.1783,47.9816],[-123.168,47.9933],[-123.1534,47.9796],[-123.1213,47.981],[-123.1254,47.9677],[-123.1181,47.9632],[-123.107,47.9784],[-123.1005,47.9729],[-123.0914,47.9592],[-123.0784,47.9518],[-123.079,47.9467],[-123.0648,47.9522],[-123.059,47.9458],[-123.0424,47.9383],[-123.0361,47.9302],[-123.0167,47.9181],[-123.008,47.8982],[-122.9957,47.8941],[-122.9799,47.8839],[-122.9969,47.8848],[-123.0005,47.8798],[-123.0259,47.8834],[-123.0334,47.8914],[-123.0415,47.8866],[-123.0529,47.885],[-123.0443,47.8794],[-123.0376,47.8669]]]},"properties":{"ZCTA5CE10":"98382"}},{"type":"Feature","geometry":{"type":"Polygon","coordinates":[[[-124.272,48.2543],[-124.2694,48.2391],[-124.2619,48.2472],[-124.2521,48.2493],[-124.2577,48.2354],[-124.2735,48.2366],[-124.2848,48.2412],[-124.285,48.2467],[-124.3014,48.2595],[-124.3174,48.2603],[-124.3233,48.2647],[-124.3465,48.2675],[-124.3524,48.256],[-124.3598,48.2569],[-124.3822,48.2411],[-124.3881,48.2398],[-124.4117,48.2239],[-124.4088,48.2185],[-124.4182,48.2106],[-124.4222,48.2021],[-124.434,48.1996],[-124.4312,48.2069],[-124.4429,48.2121],[-124.4489,48.2213],[-124.4932,48.2222],[-124.503,48.2355],[-124.527,48.2429],[-124.5491,48.2391],[-124.5685,48.2457],[-124.5693,48.2493],[-124.5835,48.2485],[-124.5929,48.2391],[-124.6061,48.2365],[-124.6136,48.2437],[-124.6226,48.2455],[-124.6229,48.2749],[-124.6801,48.2752],[-124.6846,48.2559],[-124.7002,48.2471],[-124.7062,48.2391],[-124.6931,48.2246],[-124.6911,48.2127],[-124.7012,48.1883],[-124.7082,48.181],[-124.7258,48.173],[-124.7364,48.1709],[-124.7335,48.1617],[-124.7252,48.1564],[-124.7169,48.1419],[-124.7071,48.131],[-124.711,48.1252],[-124.6977,48.1187],[-124.6921,48.11],[-124.6935,48.1039],[-124.6869,48.095],[-124.695,48.0873],[-124.6967,48.0698],[-124.6937,48.059],[-124.6848,48.0494],[-124.6815,48.0343],[-124.6831,48.0214],[-124.6792,48.0184],[-124.6736,48.0232],[-124.6582,48.0213],[-124.654,48.0353],[-124.6277,48.0403],[-124.6223,48.038],[-124.6158,48.0662],[-124.62,48.069],[-124.6261,48.0833],[-124.6124,48.0962],[-124.6061,48.0935],[-124.6052,48.1038],[-124.5992,48.1041],[-124.5762,48.0949],[-124.5688,48.1001],[-124.5542,48.0987],[-124.55,48.1015],[-124.5385,48.0989],[-124.5264,48.0905],[-124.523,48.0819],[-124.519,48.0861],[-124.5125,48.083],[-124.5088,48.0889],[-124.4969,48.0876],[-124.4832,48.0919],[-124.4757,48.0893],[-124.4686,48.0942],[-124.4668,48.1075],[-124.4543,48.1143],[-124.4457,48.1092],[-124.4349,48.1198],[-124.4259,48.1331],[-124.4199,48.1331],[-124.4099,48.1457],[-124.3957,48.1415],[-124.3775,48.1323],[-124.3716,48.1268],[-124.3728,48.1133],[-124.3611,48.1105],[-124.3457,48.1173],[-124.3354,48.1157],[-124.3286,48.121],[-124.3299,48.1401],[-124.3047,48.1502],[-124.3043,48.1432],[-124.2923,48.148],[-124.2725,48.1357],[-124.2621,48.1344],[-124.2725,48.1252],[-124.2578,48.1222],[-124.2532,48.1103],[-124.2219,48.1226],[-124.1994,48.1108],[-124.1969,48.1027],[-124.185,48.1002],[-124.1782,48.0945],[-124.1792,48.0892],[-124.1635,48.0964],[-124.138,48.1033],[-124.1078,48.1067],[-124.08,48.1077],[-124.0743,48.1029],[-124.0488,48.1018],[-124.0361,48.1034],[-124.0222,48.1094],[-124.0111,48.1087],[-123.9953,48.1132],[-123.9827,48.1236],[-123.9737,48.1278],[-123.9382,48.1305],[-123.9357,48.1476],[-123.9471,48.1662],[-123.9749,48.1642],[-123.9974,48.1688],[-124.0044,48.1727],[-124.0151,48.1714],[-124.0507,48.1776],[-124.0599,48.1855],[-124.1097,48.2014],[-124.1021,48.2169],[-124.1116,48.2206],[-124.1263,48.2197],[-124.1401,48.2271],[-124.1723,48.2374],[-124.1786,48.2408],[-124.2161,48.2524],[-124.2372,48.2622],[-124.2517,48.2639],[-124.2596,48.2566],[-124.272,48.2543]]]},"properties":{"ZCTA5CE10":"98326"}},{"type":"Feature","geometry":{"type":"Polygon","coordinates":[[[-122.7706,45.7818],[-122.7616,45.7857],[-122.7443,45.7765],[-122.7463,45.7629],[-122.7433,45.7518],[-122.7349,45.7339],[-122.7037,45.736],[-122.6978,45.7397],[-122.6916,45.7361],[-122.6616,45.7363],[-122.6576,45.7348],[-122.6462,45.7399],[-122.6462,45.7363],[-122.6276,45.734],[-122.6359,45.7435],[-122.6315,45.7573],[-122.6205,45.7654],[-122.6156,45.7678],[-122.6158,45.7787],[-122.6205,45.7796],[-122.6205,45.7979],[-122.6127,45.7977],[-122.6069,45.813],[-122.6311,45.8276],[-122.6374,45.825],[-122.6488,45.846],[-122.6547,45.85],[-122.6642,45.849],[-122.6718,45.8555],[-122.6952,45.8671],[-122.7113,45.873],[-122.7188,45.8654],[-122.7359,45.8706],[-122.7733,45.8574],[-122.7855,45.8505],[-122.7857,45.8442],[-122.796,45.825],[-122.7956,45.81],[-122.7706,45.7818]]]},"properties":{"ZCTA5CE10":"98642"}},{"type":"Feature","geometry":{"type":"Polygon","coordinates":[[[-122.5994,45.6933],[-122.6612,45.693],[-122.7064,45.6935],[-122.695,45.6813],[-122.6997,45.6713],[-122.7169,45.6641],[-122.7289,45.6679],[-122.7215,45.6605],[-122.7215,45.6554],[-122.7101,45.6583],[-122.6932,45.6665],[-122.6916,45.6708],[-122.6927,45.6779],[-122.6695,45.6646],[-122.6571,45.6634],[-122.6365,45.6716],[-122.623,45.6787],[-122.6022,45.6788],[-122.5934,45.683],[-122.6008,45.6873],[-122.5994,45.6933]]]},"properties":{"ZCTA5CE10":"98665"}},{"type":"Feature","geometry":{"type":"Polygon","coordinates":[[[-122.7113,45.873],[-122.6952,45.8671],[-122.6718,45.8555],[-122.6642,45.849],[-122.6547,45.85],[-122.6488,45.846],[-122.6374,45.825],[-122.6311,45.8276],[-122.6183,45.829],[-122.6255,45.8335],[-122.6092,45.8333],[-122.591,45.8416],[-122.5862,45.8488],[-122.579,45.8489],[-122.5673,45.8546],[-122.5586,45.8555],[-122.5469,45.8611],[-122.5373,45.8748],[-122.5298,45.8747],[-122.5219,45.8788],[-122.5243,45.8847],[-122.5116,45.8889],[-122.5117,45.9015],[-122.5231,45.9068],[-122.5353,45.9028],[-122.5351,45.8956],[-122.556,45.8955],[-122.5564,45.9254],[-122.5563,45.9311],[-122.5773,45.9248],[-122.5962,45.9242],[-122.5975,45.9269],[-122.6134,45.9267],[-122.6323,45.9186],[-122.6391,45.9271],[-122.6392,45.9131],[-122.6496,45.9131],[-122.6495,45.9069],[-122.6563,45.9012],[-122.6722,45.8991],[-122.7012,45.8983],[-122.7013,45.8955],[-122.7218,45.8952],[-122.722,45.8806],[-122.7113,45.873]]]},"properties":{"ZCTA5CE10":"98629"}},{"type":"Feature","geometry":{"type":"Polygon","coordinates":[[[-122.6576,45.7348],[-122.6616,45.7363],[-122.6916,45.7361],[-122.6978,45.7397],[-122.7037,45.736],[-122.7349,45.7339],[-122.7247,45.7124],[-122.7064,45.6935],[-122.6612,45.693],[-122.653,45.7104],[-122.6526,45.7183],[-122.6576,45.7348]]]},"properties":{"ZCTA5CE10":"98685"}},{"type":"Feature","geometry":{"type":"Polygon","coordinates":[[[-122.2509,45.6648],[-122.2807,45.665],[-122.2807,45.6578],[-122.3072,45.6549],[-122.3457,45.6576],[-122.3509,45.6458],[-122.3674,45.6412],[-122.378,45.6323],[-122.3831,45.6351],[-122.3832,45.6276],[-122.3737,45.6227],[-122.3718,45.5975],[-122.3856,45.5965],[-122.3856,45.5918],[-122.3731,45.5891],[-122.3691,45.5817],[-122.3799,45.5827],[-122.3836,45.5755],[-122.3528,45.5694],[-122.3315,45.5482],[-122.2966,45.5436],[-122.2667,45.5438],[-122.249,45.5477],[-122.2017,45.5641],[-122.1839,45.5776],[-122.1407,45.5845],[-122.1124,45.5814],[-122.1002,45.5842],[-122.1124,45.6058],[-122.1113,45.6218],[-122.1048,45.6218],[-122.1047,45.6344],[-122.0856,45.6362],[-122.0926,45.643],[-122.0901,45.657],[-122.1149,45.6586],[-122.1396,45.6584],[-122.1468,45.6583],[-122.1564,45.6687],[-122.154,45.6787],[-122.1627,45.6731],[-122.1764,45.6795],[-122.1854,45.6758],[-122.2031,45.6774],[-122.2172,45.6894],[-122.2211,45.6813],[-122.2358,45.6801],[-122.2412,45.6661],[-122.2496,45.6732],[-122.2509,45.6648]]]},"properties":{"ZCTA5CE10":"98671"}},{"type":"Feature","geometry":{"type":"Polygon","coordinates":[[[-122.7856,46.2464],[-122.8037,46.2504],[-122.8155,46.2496],[-122.8175,46.2369],[-122.8412,46.2276],[-122.845,46.2179],[-122.8544,46.2139],[-122.862,46.2169],[-122.8608,46.222],[-122.8451,46.2213],[-122.8425,46.2315],[-122.8482,46.2441],[-122.8655,46.2463],[-122.8656,46.2173],[-122.8813,46.221],[-122.8788,46.2454],[-122.8904,46.2387],[-122.9019,46.241],[-122.9052,46.2359],[-122.8948,46.232],[-122.9152,46.2119],[-122.9127,46.2005],[-122.9248,46.2007],[-122.9279,46.1942],[-122.9146,46.1735],[-122.9163,46.151],[-122.9233,46.1502],[-122.9239,46.1445],[-122.9156,46.1428],[-122.9204,46.1308],[-122.9167,46.1197],[-122.8944,46.1118],[-122.8913,46.1068],[-122.879,46.1069],[-122.8668,46.0821],[-122.8686,46.0772],[-122.8679,46.0545],[-122.8546,46.0524],[-122.8396,46.0459],[-122.8359,46.0483],[-122.8203,46.0444],[-122.8127,46.0477],[-122.8142,46.0543],[-122.7837,46.0542],[-122.7835,46.0684],[-122.7628,46.0692],[-122.7312,46.0683],[-122.7313,46.0611],[-122.7007,46.0611],[-122.6995,46.066],[-122.6977,46.1417],[-122.6498,46.1412],[-122.6469,46.1439],[-122.6364,46.1405],[-122.6276,46.1419],[-122.6146,46.1568],[-122.6114,46.1644],[-122.6149,46.1699],[-122.6315,46.175],[-122.6289,46.1789],[-122.6395,46.1863],[-122.6472,46.2019],[-122.6591,46.2091],[-122.6627,46.2177],[-122.6715,46.2213],[-122.6834,46.2201],[-122.691,46.2245],[-122.7153,46.2319],[-122.7353,46.2277],[-122.7525,46.242],[-122.7774,46.2435],[-122.7856,46.2464]]]},"properties":{"ZCTA5CE10":"98626"}},{"type":"Feature","geometry":{"type":"Polygon","coordinates":[[[-123.2163,46.222],[-123.2143,46.2133],[-123.2135,46.186],[-123.2341,46.1858],[-123.2391,46.1777],[-123.2322,46.1729],[-123.2132,46.1758],[-123.2131,46.1725],[-123.1664,46.189],[-123.1159,46.1853],[-123.105,46.1777],[-123.0511,46.1536],[-123.0434,46.1476],[-123.0221,46.1391],[-123.0042,46.1338],[-122.9627,46.1048],[-122.9041,46.0837],[-122.8845,46.0603],[-122.8813,46.046],[-122.87,46.0576],[-122.8729,46.0737],[-122.8686,46.0772],[-122.8668,46.0821],[-122.879,46.1069],[-122.8913,46.1068],[-122.8944,46.1118],[-122.9167,46.1197],[-122.9204,46.1308],[-122.9156,46.1428],[-122.9239,46.1445],[-122.9233,46.1502],[-122.9163,46.151],[-122.9146,46.1735],[-122.9279,46.1942],[-122.9248,46.2007],[-122.934,46.2019],[-122.9336,46.2077],[-122.9591,46.2066],[-122.9585,46.221],[-122.9686,46.2209],[-122.9686,46.2282],[-122.9895,46.2283],[-122.9895,46.2354],[-123.0206,46.2356],[-123.0201,46.2429],[-123.0301,46.2453],[-123.0305,46.2863],[-123.0169,46.3079],[-123.0244,46.3159],[-123.0373,46.3182],[-123.0312,46.3098],[-123.0238,46.309],[-123.0301,46.3024],[-123.0401,46.3059],[-123.0481,46.304],[-123.0513,46.316],[-123.081,46.3236],[-123.0902,46.3209],[-123.087,46.3132],[-123.0997,46.3092],[-123.111,46.3145],[-123.1268,46.3101],[-123.1324,46.3197],[-123.1453,46.3252],[-123.1446,46.331],[-123.1706,46.3329],[-123.1771,46.3298],[-123.188,46.3327],[-123.2153,46.3241],[-123.2144,46.2842],[-123.217,46.2498],[-123.2163,46.222]]]},"properties":{"ZCTA5CE10":"98632"}},{"type":"Feature","geometry":{"type":"Polygon","coordinates":[[[-120.0617,47.3457],[-120.1194,47.3825],[-120.1241,47.3904],[-120.1338,47.3913],[-120.126,47.3766],[-120.133,47.3806],[-120.1622,47.3834],[-120.1759,47.376],[-120.1923,47.3773],[-120.1856,47.373],[-120.1656,47.3677],[-120.1296,47.3663],[-120.1186,47.3598],[-120.0983,47.3424],[-120.0896,47.3414],[-120.0833,47.3337],[-120.0903,47.3192],[-120.086,47.3003],[-120.0899,47.2771],[-120.0945,47.2622],[-120.096,47.2523],[-120.0909,47.24],[-120.0747,47.2252],[-120.0662,47.2237],[-120.0472,47.2255],[-120.0466,47.2467],[-120.0491,47.2913],[-120.0377,47.2912],[-120.0371,47.2991],[-120.0261,47.2991],[-120.0257,47.307],[-120.0047,47.3058],[-120.0047,47.3092],[-120.0617,47.3457]]]},"properties":{"ZCTA5CE10":"98850"}},{"type":"Feature","geometry":{"type":"Polygon","coordinates":[[[-118.2016,48.915],[-118.2217,48.9038],[-118.2492,48.9104],[-118.2571,48.9154],[-118.2729,48.9177],[-118.2913,48.9105],[-118.3055,48.9175],[-118.3296,48.9204],[-118.3457,48.9167],[-118.3643,48.9234],[-118.3764,48.9234],[-118.3904,48.9229],[-118.3823,48.9126],[-118.3952,48.9119],[-118.3916,48.9037],[-118.3836,48.8993],[-118.3793,48.8834],[-118.3951,48.8788],[-118.3952,48.8639],[-118.4033,48.8586],[-118.4029,48.8512],[-118.4198,48.845],[-118.4186,48.8288],[-118.4097,48.8302],[-118.4045,48.8236],[-118.3856,48.8238],[-118.3859,48.82],[-118.3982,48.8192],[-118.3882,48.8141],[-118.3895,48.8085],[-118.401,48.8018],[-118.4024,48.7936],[-118.3975,48.7908],[-118.3976,48.7878],[-118.3888,48.7768],[-118.3835,48.7734],[-118.375,48.7621],[-118.3103,48.7529],[-118.2992,48.7476],[-118.2817,48.7446],[-118.2712,48.7455],[-118.2519,48.7555],[-118.248,48.7633],[-118.2412,48.7947],[-118.2175,48.8186],[-118.1932,48.8259],[-118.1876,48.8368],[-118.1981,48.8402],[-118.2044,48.8576],[-118.1985,48.8673],[-118.2127,48.8761],[-118.2145,48.8882],[-118.2095,48.8998],[-118.2032,48.9015],[-118.1961,48.914],[-118.2016,48.915]]]},"properties":{"ZCTA5CE10":"99160"}},{"type":"Feature","geometry":{"type":"Polygon","coordinates":[[[-124.0214,47.2321],[-124.0086,47.23],[-124.0036,47.2345],[-123.9925,47.2308],[-123.9577,47.2311],[-123.9453,47.2242],[-123.9275,47.2323],[-123.9153,47.2414],[-123.9157,47.2455],[-123.9045,47.2511],[-123.889,47.2472],[-123.8843,47.2505],[-123.8763,47.2467],[-123.8664,47.2523],[-123.8628,47.2479],[-123.8546,47.2507],[-123.8351,47.2496],[-123.8396,47.2442],[-123.8311,47.2492],[-123.8072,47.255],[-123.793,47.267],[-123.7904,47.2779],[-123.7808,47.2835],[-123.7878,47.2961],[-123.7739,47.3093],[-123.7861,47.3257],[-123.7924,47.3287],[-123.8423,47.3303],[-123.8605,47.3319],[-123.8838,47.3315],[-123.8829,47.3448],[-123.9123,47.3451],[-123.8972,47.3542],[-123.8875,47.3756],[-123.8689,47.3763],[-123.8524,47.3801],[-123.8594,47.3903],[-123.8512,47.4001],[-123.8406,47.4052],[-123.8356,47.4138],[-123.8406,47.4197],[-123.8664,47.4297],[-123.8759,47.4257],[-123.8772,47.4195],[-123.8889,47.4021],[-123.8957,47.3816],[-123.9061,47.3736],[-123.9312,47.3679],[-123.9673,47.3692],[-123.982,47.3627],[-123.9937,47.3625],[-124.0111,47.3666],[-124.0111,47.3589],[-124.0113,47.3363],[-124.0458,47.3056],[-124.0829,47.2743],[-124.0597,47.2857],[-124.0335,47.2859],[-124.0313,47.2638],[-124.0165,47.258],[-124.0234,47.248],[-124.0136,47.2437],[-124.0164,47.2343],[-124.0214,47.2321]]]},"properties":{"ZCTA5CE10":"98552"}},{"type":"Feature","geometry":{"type":"Polygon","coordinates":[[[-124.1958,47.1729],[-124.127,47.1726],[-124.1145,47.1774],[-124.1183,47.185],[-124.1291,47.1918],[-124.1527,47.1974],[-124.1622,47.1969],[-124.1882,47.2072],[-124.1838,47.2172],[-124.1946,47.2328],[-124.1942,47.2368],[-124.2122,47.2361],[-124.204,47.2184],[-124.2095,47.2197],[-124.2191,47.242],[-124.2182,47.2446],[-124.2232,47.2447],[-124.2076,47.2026],[-124.2001,47.1728],[-124.1958,47.1729]]]},"properties":{"ZCTA5CE10":"98571"}},{"type":"Feature","geometry":{"type":"Polygon","coordinates":[[[-124.179,47.2449],[-124.2182,47.2446],[-124.2191,47.242],[-124.2095,47.2197],[-124.204,47.2184],[-124.2122,47.2361],[-124.1942,47.2368],[-124.179,47.2449]]]},"properties":{"ZCTA5CE10":"98562"}},{"type":"Feature","geometry":{"type":"Polygon","coordinates":[[[-123.3274,46.9587],[-123.3276,46.9574],[-123.3256,46.9578],[-123.3274,46.9587]]]},"properties":{"ZCTA5CE10":"98559"}},{"type":"Feature","geometry":{"type":"Polygon","coordinates":[[[-122.6711,48.3699],[-122.6586,48.3693],[-122.6528,48.3548],[-122.6263,48.356],[-122.6176,48.3545],[-122.6176,48.3491],[-122.6367,48.3502],[-122.6367,48.3374],[-122.6319,48.3285],[-122.6419,48.3259],[-122.6597,48.3328],[-122.6664,48.3392],[-122.6801,48.3387],[-122.6802,48.326],[-122.69,48.3261],[-122.7032,48.3079],[-122.7275,48.3076],[-122.7362,48.2897],[-122.7538,48.275],[-122.7687,48.2538],[-122.7311,48.2538],[-122.73,48.2407],[-122.7143,48.2407],[-122.7243,48.2346],[-122.7229,48.2309],[-122.7011,48.2355],[-122.6905,48.2342],[-122.6809,48.2383],[-122.6721,48.2371],[-122.6541,48.2419],[-122.6488,48.2486],[-122.6493,48.2654],[-122.6585,48.2747],[-122.6578,48.2789],[-122.6446,48.2867],[-122.6381,48.2823],[-122.6476,48.281],[-122.6461,48.2714],[-122.6337,48.2644],[-122.6235,48.2655],[-122.6179,48.285],[-122.6227,48.2863],[-122.6127,48.2921],[-122.5994,48.2947],[-122.5812,48.2928],[-122.5651,48.2831],[-122.5677,48.2771],[-122.5616,48.2682],[-122.5534,48.2757],[-122.5207,48.2806],[-122.499,48.2946],[-122.4968,48.3067],[-122.5055,48.3193],[-122.5374,48.3391],[-122.5539,48.3543],[-122.5609,48.368],[-122.5699,48.3738],[-122.5796,48.3971],[-122.5773,48.406],[-122.5872,48.4169],[-122.597,48.4172],[-122.6196,48.4097],[-122.6263,48.4094],[-122.6552,48.4047],[-122.666,48.4096],[-122.6756,48.4086],[-122.6699,48.4001],[-122.6711,48.3699]]]},"properties":{"ZCTA5CE10":"98277"}},{"type":"Feature","geometry":{"type":"Polygon","coordinates":[[[-122.7917,48.042],[-122.786,48.039],[-122.7837,48.0277],[-122.7752,48.0279],[-122.7709,48.0213],[-122.7754,48.015],[-122.7686,48.0112],[-122.7675,48.0207],[-122.7572,48.0206],[-122.7572,48.0268],[-122.7367,47.9894],[-122.7355,47.984],[-122.7115,47.984],[-122.7167,47.988],[-122.7218,48.0062],[-122.7309,48.0202],[-122.7248,48.0251],[-122.7347,48.0343],[-122.755,48.0417],[-122.7591,48.053],[-122.7705,48.0528],[-122.7705,48.0479],[-122.789,48.0492],[-122.7917,48.042]]]},"properties":{"ZCTA5CE10":"98339"}},{"type":"Feature","geometry":{"type":"Polygon","coordinates":[[[-122.3912,47.6638],[-122.3823,47.6589],[-122.379,47.6337],[-122.3876,47.6335],[-122.3897,47.6257],[-122.3699,47.6188],[-122.3574,47.6186],[-122.3569,47.6469],[-122.3605,47.6529],[-122.3912,47.6638]]]},"properties":{"ZCTA5CE10":"98119"}},{"type":"Feature","geometry":{"type":"Polygon","coordinates":[[[-122.3581,47.7015],[-122.3583,47.7323],[-122.3556,47.7414],[-122.3707,47.7509],[-122.3644,47.756],[-122.3584,47.7514],[-122.3587,47.7778],[-122.3988,47.7779],[-122.3982,47.7702],[-122.3848,47.7568],[-122.3871,47.7487],[-122.3819,47.7392],[-122.3807,47.7182],[-122.3844,47.7114],[-122.3986,47.7039],[-122.3934,47.7016],[-122.3581,47.7015]]]},"properties":{"ZCTA5CE10":"98177"}},{"type":"Feature","geometry":{"type":"Polygon","coordinates":[[[-122.3156,47.6188],[-122.3125,47.6323],[-122.316,47.6407],[-122.3104,47.6471],[-122.3124,47.6472],[-122.3199,47.6528],[-122.3265,47.6503],[-122.3375,47.6397],[-122.3302,47.6398],[-122.3241,47.6323],[-122.3283,47.6282],[-122.3283,47.6185],[-122.3279,47.6185],[-122.3156,47.6188]]]},"properties":{"ZCTA5CE10":"98102"}},{"type":"Feature","geometry":{"type":"Polygon","coordinates":[[[-122.3897,47.6257],[-122.3876,47.6335],[-122.379,47.6337],[-122.3823,47.6589],[-122.3912,47.6638],[-122.4027,47.6663],[-122.4143,47.6757],[-122.4195,47.6789],[-122.4312,47.6674],[-122.4401,47.6642],[-122.4387,47.6579],[-122.423,47.6484],[-122.4176,47.6365],[-122.406,47.6299],[-122.3897,47.6257]]]},"properties":{"ZCTA5CE10":"98199"}},{"type":"Feature","geometry":{"type":"Polygon","coordinates":[[[-122.2921,47.5702],[-122.291,47.5608],[-122.2913,47.5116],[-122.2837,47.5101],[-122.2786,47.5121],[-122.2523,47.5116],[-122.2381,47.5213],[-122.2493,47.5318],[-122.2497,47.5389],[-122.2409,47.5554],[-122.252,47.5639],[-122.2621,47.5759],[-122.2766,47.5708],[-122.2921,47.5702]]]},"properties":{"ZCTA5CE10":"98118"}},{"type":"Feature","geometry":{"type":"Polygon","coordinates":[[[-122.3282,47.6716],[-122.3119,47.674],[-122.303,47.6721],[-122.2563,47.6721],[-122.2512,47.6737],[-122.2314,47.6641],[-122.2262,47.6669],[-122.2318,47.6901],[-122.2439,47.6922],[-122.2541,47.6978],[-122.2714,47.6973],[-122.2723,47.7012],[-122.3293,47.7014],[-122.33,47.7014],[-122.3257,47.6797],[-122.3282,47.6716]]]},"properties":{"ZCTA5CE10":"98115"}},{"type":"Feature","geometry":{"type":"Polygon","coordinates":[[[-122.3427,47.5562],[-122.3295,47.5557],[-122.3294,47.5671],[-122.3201,47.5724],[-122.3193,47.5958],[-122.3333,47.5924],[-122.3356,47.5992],[-122.3448,47.5992],[-122.3498,47.5939],[-122.3601,47.5915],[-122.36,47.5847],[-122.3596,47.5748],[-122.3465,47.5693],[-122.3427,47.5562]]]},"properties":{"ZCTA5CE10":"98134"}},{"type":"Feature","geometry":{"type":"Polygon","coordinates":[[[-122.0833,47.3911],[-122.0979,47.3938],[-122.0936,47.4015],[-122.1015,47.4015],[-122.1014,47.4159],[-122.122,47.4134],[-122.1276,47.429],[-122.1373,47.4372],[-122.1438,47.4366],[-122.144,47.4245],[-122.16,47.4232],[-122.1615,47.4193],[-122.1652,47.4159],[-122.1654,47.385],[-122.1655,47.3489],[-122.1655,47.3434],[-122.1549,47.3435],[-122.1549,47.3368],[-122.149,47.3368],[-122.159,47.3294],[-122.1759,47.3028],[-122.1664,47.3139],[-122.1541,47.3198],[-122.1409,47.3185],[-122.1287,47.3217],[-122.1284,47.3306],[-122.0997,47.3291],[-122.0925,47.3148],[-122.0881,47.3148],[-122.0868,47.3057],[-122.0679,47.317],[-122.066,47.3262],[-122.054,47.3264],[-122.0494,47.3315],[-122.0539,47.3436],[-122.0602,47.3494],[-122.0589,47.3661],[-122.0626,47.3727],[-122.0901,47.3733],[-122.0806,47.3776],[-122.0833,47.3911]]]},"properties":{"ZCTA5CE10":"98042"}},{"type":"Feature","geometry":{"type":"Polygon","coordinates":[[[-122.1534,47.6606],[-122.1534,47.5924],[-122.1459,47.5822],[-122.1511,47.5793],[-122.134,47.5783],[-122.1319,47.591],[-122.1324,47.6327],[-122.1431,47.6279],[-122.1433,47.6606],[-122.1534,47.6606]]]},"properties":{"ZCTA5CE10":"98007"}},{"type":"Feature","geometry":{"type":"Polygon","coordinates":[[[-122.2557,47.6471],[-122.2635,47.6243],[-122.2657,47.6136],[-122.2331,47.6065],[-122.2204,47.5968],[-122.2202,47.6153],[-122.228,47.621],[-122.2279,47.6355],[-122.2333,47.6356],[-122.2351,47.6502],[-122.2262,47.6557],[-122.2121,47.6575],[-122.2092,47.6667],[-122.2262,47.6669],[-122.2314,47.6641],[-122.2557,47.6471]]]},"properties":{"ZCTA5CE10":"98039"}},{"type":"Feature","geometry":{"type":"Polygon","coordinates":[[[-121.9329,47.3178],[-121.9398,47.3274],[-121.9643,47.3274],[-121.9957,47.3295],[-121.999,47.3435],[-122.0539,47.3436],[-122.0494,47.3315],[-122.054,47.3264],[-122.0544,47.3174],[-122.0469,47.3148],[-122.0476,47.3071],[-122.0388,47.3064],[-122.0384,47.2868],[-121.9953,47.2868],[-121.996,47.2801],[-121.9888,47.2758],[-121.975,47.2826],[-121.9733,47.2906],[-121.965,47.2924],[-121.9501,47.301],[-121.9419,47.3085],[-121.9492,47.3206],[-121.9329,47.3178]]]},"properties":{"ZCTA5CE10":"98010"}},{"type":"Feature","geometry":{"type":"Polygon","coordinates":[[[-121.9591,47.5583],[-121.957,47.5446],[-121.9684,47.5445],[-121.9639,47.5364],[-121.9569,47.5333],[-121.935,47.5294],[-121.9244,47.5379],[-121.9169,47.5351],[-121.9126,47.5393],[-121.918,47.5434],[-121.9196,47.5543],[-121.9316,47.5544],[-121.9315,47.5579],[-121.9591,47.5583]]]},"properties":{"ZCTA5CE10":"98050"}},{"type":"Feature","geometry":{"type":"Polygon","coordinates":[[[-121.1136,47.5971],[-121.1119,47.6024],[-121.119,47.6088],[-121.1198,47.6157],[-121.1141,47.622],[-121.1276,47.6318],[-121.1262,47.6381],[-121.1334,47.6456],[-121.1316,47.6554],[-121.123,47.6638],[-121.1288,47.6761],[-121.1213,47.6852],[-121.1056,47.6888],[-121.0938,47.6956],[-121.09,47.703],[-121.0786,47.7022],[-121.0684,47.7062],[-121.0696,47.7176],[-121.0839,47.7233],[-121.0866,47.7288],[-121.0789,47.7393],[-121.0896,47.7461],[-121.0942,47.7584],[-121.1103,47.7581],[-121.1078,47.7666],[-121.1198,47.7766],[-121.119,47.7799],[-121.1955,47.7801],[-121.1955,47.7791],[-121.2485,47.7794],[-121.3013,47.7796],[-121.3089,47.7763],[-121.307,47.7683],[-121.3231,47.7397],[-121.333,47.7377],[-121.3382,47.728],[-121.3376,47.7195],[-121.35,47.7205],[-121.3744,47.7172],[-121.3972,47.7293],[-121.4255,47.7308],[-121.4077,47.7216],[-121.4107,47.7153],[-121.4224,47.7109],[-121.454,47.7051],[-121.4811,47.6963],[-121.5033,47.7021],[-121.5218,47.7003],[-121.5217,47.6916],[-121.5077,47.6893],[-121.4931,47.6838],[-121.4855,47.6758],[-121.4679,47.6641],[-121.4799,47.6513],[-121.4732,47.6419],[-121.4757,47.6372],[-121.4703,47.6258],[-121.4655,47.6056],[-121.4609,47.6035],[-121.4449,47.6085],[-121.4348,47.6086],[-121.4274,47.5992],[-121.4241,47.5894],[-121.4137,47.5866],[-121.4133,47.5802],[-121.391,47.5779],[-121.3808,47.5621],[-121.3755,47.5612],[-121.372,47.5491],[-121.3615,47.5399],[-121.3533,47.5372],[-121.336,47.5392],[-121.3342,47.5522],[-121.3211,47.5498],[-121.3042,47.555],[-121.2743,47.5514],[-121.2607,47.5605],[-121.2547,47.5597],[-121.2383,47.5642],[-121.2316,47.5625],[-121.2169,47.5695],[-121.2079,47.5658],[-121.1886,47.5687],[-121.1809,47.5649],[-121.1696,47.5786],[-121.172,47.59],[-121.1513,47.5954],[-121.1469,47.5935],[-121.1387,47.5953],[-121.1195,47.5913],[-121.1136,47.5971]]]},"properties":{"ZCTA5CE10":"98288"}},{"type":"Feature","geometry":{"type":"Polygon","coordinates":[[[-122.519,47.4742],[-122.523,47.4757],[-122.5382,47.4616],[-122.5758,47.4616],[-122.5772,47.4552],[-122.585,47.4488],[-122.596,47.4469],[-122.6221,47.4469],[-122.6247,47.4034],[-122.5508,47.4032],[-122.533,47.4207],[-122.5276,47.4298],[-122.5315,47.4487],[-122.526,47.4552],[-122.5284,47.4682],[-122.519,47.4742]]]},"properties":{"ZCTA5CE10":"98359"}},{"type":"Feature","geometry":{"type":"Polygon","coordinates":[[[-122.776,47.6581],[-122.773,47.6484],[-122.7764,47.6403],[-122.7672,47.6286],[-122.7353,47.6285],[-122.7247,47.6314],[-122.7248,47.6212],[-122.7124,47.6227],[-122.7108,47.6355],[-122.7021,47.6371],[-122.6908,47.6335],[-122.6862,47.6502],[-122.6594,47.6505],[-122.6693,47.6559],[-122.6609,47.656],[-122.6608,47.6666],[-122.6579,47.6741],[-122.6648,47.6836],[-122.6617,47.6947],[-122.6707,47.6984],[-122.6707,47.6939],[-122.6869,47.6939],[-122.6847,47.7012],[-122.6925,47.7012],[-122.6924,47.6956],[-122.7028,47.6918],[-122.7033,47.6795],[-122.7245,47.6771],[-122.7245,47.6811],[-122.7352,47.691],[-122.7374,47.7035],[-122.7431,47.7132],[-122.7407,47.7193],[-122.7532,47.721],[-122.7529,47.7078],[-122.7492,47.6989],[-122.7513,47.6813],[-122.7553,47.6712],[-122.7825,47.6621],[-122.776,47.6581]]]},"properties":{"ZCTA5CE10":"98383"}},{"type":"Feature","geometry":{"type":"Polygon","coordinates":[[[-122.6285,47.6991],[-122.628,47.6908],[-122.6181,47.6908],[-122.6142,47.7019],[-122.6344,47.7065],[-122.6285,47.6991]]]},"properties":{"ZCTA5CE10":"98345"}},{"type":"Feature","geometry":{"type":"Polygon","coordinates":[[[-122.5458,47.7419],[-122.5196,47.7417],[-122.5133,47.7387],[-122.4978,47.7407],[-122.4986,47.7658],[-122.52,47.7657],[-122.5275,47.7613],[-122.5277,47.7544],[-122.5346,47.757],[-122.5418,47.7512],[-122.5559,47.7488],[-122.5458,47.7419]]]},"properties":{"ZCTA5CE10":"98342"}},{"type":"Feature","geometry":{"type":"Polygon","coordinates":[[[-120.7381,47.1235],[-120.7576,47.1226],[-120.7624,47.1192],[-120.7552,47.0994],[-120.7592,47.0948],[-120.7503,47.0867],[-120.808,47.0871],[-120.8194,47.0744],[-120.8169,47.0655],[-120.7999,47.073],[-120.7958,47.0678],[-120.7799,47.0769],[-120.757,47.0741],[-120.7421,47.0781],[-120.7167,47.0506],[-120.7088,47.0509],[-120.7086,47.0398],[-120.6921,47.0433],[-120.6658,47.0433],[-120.6663,47.0545],[-120.6388,47.0441],[-120.6505,47.054],[-120.6535,47.0648],[-120.6611,47.073],[-120.6772,47.0814],[-120.6847,47.0812],[-120.6902,47.0883],[-120.6892,47.0954],[-120.6993,47.1018],[-120.719,47.1031],[-120.7192,47.1136],[-120.7286,47.1141],[-120.7267,47.1238],[-120.7381,47.1235]]]},"properties":{"ZCTA5CE10":"98946"}},{"type":"Feature","geometry":{"type":"MultiPolygon","coordinates":[[[[-121.3835,45.6993],[-121.3833,45.7049],[-121.3943,45.6984],[-121.4198,45.7014],[-121.4349,45.7161],[-121.4512,45.7196],[-121.4526,45.7245],[-121.466,45.7242],[-121.4662,45.7576],[-121.4721,45.7609],[-121.4749,45.7544],[-121.4746,45.7394],[-121.4783,45.7293],[-121.4659,45.7208],[-121.4817,45.723],[-121.4837,45.7125],[-121.4628,45.7014],[-121.4236,45.694],[-121.4017,45.6929],[-121.3835,45.6993]]],[[[-121.74,45.786],[-121.7143,45.7824],[-121.7067,45.7757],[-121.7084,45.7708],[-121.7271,45.77],[-121.7229,45.759],[-121.7306,45.7564],[-121.7368,45.7473],[-121.7113,45.7412],[-121.7066,45.7327],[-121.697,45.7334],[-121.6946,45.728],[-121.6838,45.723],[-121.6774,45.7136],[-121.6712,45.7112],[-121.676,45.7031],[-121.6684,45.7051],[-121.6312,45.7047],[-121.6196,45.7074],[-121.6238,45.7102],[-121.6418,45.7096],[-121.6453,45.7173],[-121.6345,45.7228],[-121.6321,45.7298],[-121.637,45.7355],[-121.6379,45.7448],[-121.6333,45.7535],[-121.6224,45.7624],[-121.5997,45.7608],[-121.5981,45.7694],[-121.6068,45.7753],[-121.6069,45.7826],[-121.6089,45.7826],[-121.6086,45.8426],[-121.6086,45.8582],[-121.6166,45.8685],[-121.6282,45.8694],[-121.6515,45.8604],[-121.6581,45.8483],[-121.6681,45.8386],[-121.6726,45.8291],[-121.6797,45.8301],[-121.6955,45.8256],[-121.683,45.8071],[-121.6697,45.7971],[-121.679,45.7957],[-121.6833,45.7885],[-121.6949,45.7923],[-121.7223,45.7907],[-121.7326,45.7925],[-121.74,45.786]]]]},"properties":{"ZCTA5CE10":"98605"}},{"type":"Feature","geometry":{"type":"Polygon","coordinates":[[[-119.9985,45.9096],[-120.0163,45.9079],[-120.0335,45.9097],[-120.0339,45.8295],[-120.0548,45.8295],[-120.0554,45.8073],[-120.1177,45.8082],[-120.1178,45.7933],[-120.1896,45.7937],[-120.2207,45.8371],[-120.2501,45.8615],[-120.2624,45.8767],[-120.2632,45.8957],[-120.304,45.8956],[-120.304,45.9391],[-120.325,45.9391],[-120.3248,45.9823],[-120.3381,45.9748],[-120.3572,45.9686],[-120.3866,45.9684],[-120.3866,45.9806],[-120.4181,45.9609],[-120.4316,45.9572],[-120.4361,45.956],[-120.4426,45.9433],[-120.4499,45.9363],[-120.4838,45.9145],[-120.4925,45.9121],[-120.4919,45.9042],[-120.4986,45.8963],[-120.5123,45.886],[-120.5032,45.8432],[-120.521,45.8086],[-120.5312,45.7826],[-120.5376,45.7779],[-120.5344,45.7601],[-120.5179,45.7584],[-120.4802,45.7584],[-120.4803,45.7379],[-120.4983,45.7312],[-120.5115,45.7167],[-120.5339,45.735],[-120.5483,45.7426],[-120.5533,45.7337],[-120.5217,45.7097],[-120.5059,45.7],[-120.4824,45.6944],[-120.404,45.6992],[-120.3249,45.7117],[-120.2844,45.7211],[-120.2108,45.726],[-120.1705,45.762],[-120.1414,45.7732],[-120.0701,45.7852],[-120.0011,45.8119],[-119.9657,45.8244],[-119.9075,45.8281],[-119.8681,45.836],[-119.868,45.8472],[-119.8835,45.8414],[-119.8885,45.8546],[-119.9094,45.844],[-119.9196,45.8417],[-119.9196,45.8486],[-119.9272,45.8616],[-119.9241,45.8673],[-119.9337,45.8698],[-119.9512,45.8703],[-119.9734,45.8791],[-119.9818,45.8854],[-119.982,45.8986],[-119.9985,45.9096]]]},"properties":{"ZCTA5CE10":"99356"}},{"type":"Feature","geometry":{"type":"Polygon","coordinates":[[[-121.1259,45.987],[-121.1253,45.9922],[-121.1117,46.0011],[-121.0926,46.0078],[-121.0903,46.0167],[-121.1002,46.0318],[-121.0945,46.0401],[-121.0971,46.0434],[-121.1539,46.0448],[-121.3671,46.0449],[-121.4255,46.0445],[-121.4165,46.0128],[-121.4362,45.9919],[-121.442,45.9826],[-121.4456,45.9615],[-121.4525,45.9521],[-121.4485,45.9286],[-121.4535,45.9168],[-121.452,45.9103],[-121.4025,45.8867],[-121.3848,45.8911],[-121.3349,45.9173],[-121.3271,45.9253],[-121.3124,45.9229],[-121.2997,45.9305],[-121.2873,45.9468],[-121.282,45.9498],[-121.2594,45.9414],[-121.2691,45.9243],[-121.2635,45.9218],[-121.2365,45.9209],[-121.2266,45.923],[-121.209,45.9095],[-121.1961,45.9041],[-121.1963,45.8995],[-121.195,45.8984],[-121.1091,45.898],[-121.0999,45.9017],[-121.0923,45.914],[-121.0882,45.9264],[-121.1062,45.9268],[-121.1132,45.9223],[-121.1276,45.9274],[-121.1311,45.939],[-121.1265,45.9417],[-121.114,45.9357],[-121.1092,45.9411],[-121.1098,45.949],[-121.1003,45.9665],[-121.1037,45.9746],[-121.1112,45.9777],[-121.1202,45.9752],[-121.1255,45.9789],[-121.1259,45.987]]]},"properties":{"ZCTA5CE10":"98619"}},{"type":"Feature","geometry":{"type":"Polygon","coordinates":[[[-122.7812,46.5467],[-122.7792,46.5572],[-122.7994,46.5571],[-122.8178,46.5655],[-122.8033,46.5688],[-122.7987,46.5758],[-122.7881,46.5739],[-122.7684,46.5744],[-122.7603,46.5709],[-122.7411,46.5712],[-122.7352,46.5764],[-122.7346,46.5838],[-122.7518,46.5838],[-122.7518,46.5814],[-122.7845,46.5798],[-122.7845,46.5839],[-122.8061,46.5839],[-122.8061,46.5771],[-122.8138,46.5771],[-122.8138,46.5916],[-122.8192,46.6051],[-122.7612,46.6047],[-122.7611,46.6264],[-122.7381,46.6265],[-122.7235,46.6282],[-122.7123,46.6236],[-122.6936,46.621],[-122.6777,46.6155],[-122.6767,46.6293],[-122.6644,46.637],[-122.6668,46.6426],[-122.6894,46.6451],[-122.6641,46.6621],[-122.6757,46.6677],[-122.6557,46.665],[-122.6509,46.6608],[-122.6533,46.6721],[-122.6601,46.6721],[-122.6691,46.679],[-122.664,46.6844],[-122.648,46.6911],[-122.6367,46.6932],[-122.631,46.6996],[-122.6338,46.7045],[-122.6171,46.7159],[-122.6169,46.7199],[-122.6276,46.7188],[-122.6294,46.7277],[-122.647,46.7412],[-122.6383,46.7542],[-122.6477,46.7583],[-122.6477,46.7627],[-122.6991,46.7635],[-122.6998,46.7057],[-122.7609,46.706],[-122.7604,46.6915],[-122.7816,46.6919],[-122.7816,46.6632],[-122.8216,46.664],[-122.8267,46.6675],[-122.8348,46.6634],[-122.8872,46.6629],[-122.9036,46.6855],[-122.9048,46.6821],[-122.9293,46.6844],[-122.9293,46.6917],[-122.9501,46.6916],[-122.9501,46.6988],[-122.9572,46.6918],[-122.9681,46.6907],[-122.9792,46.6961],[-122.9808,46.6881],[-122.9923,46.6884],[-122.9991,46.677],[-123.0133,46.6773],[-123.0134,46.6701],[-123.0248,46.6699],[-123.0286,46.6918],[-123.0718,46.692],[-123.0719,46.7208],[-123.1193,46.7206],[-123.1406,46.7222],[-123.2006,46.721],[-123.1934,46.7341],[-123.2084,46.736],[-123.216,46.7287],[-123.23,46.7265],[-123.234,46.7165],[-123.2486,46.7063],[-123.2831,46.7067],[-123.2827,46.7365],[-123.3305,46.7363],[-123.3697,46.7348],[-123.3689,46.7112],[-123.3667,46.6762],[-123.3656,46.6201],[-123.2749,46.6206],[-123.2847,46.6048],[-123.2766,46.6018],[-123.2897,46.5917],[-123.2882,46.5866],[-123.2966,46.5853],[-123.2929,46.5668],[-123.2848,46.5628],[-123.2863,46.5533],[-123.2994,46.5535],[-123.3039,46.5488],[-123.2994,46.5415],[-123.291,46.5387],[-123.2932,46.5314],[-123.2839,46.5279],[-123.2743,46.5187],[-123.2728,46.5123],[-123.2892,46.5027],[-123.2962,46.4932],[-123.2923,46.4825],[-123.2995,46.475],[-123.2891,46.4695],[-123.2816,46.4553],[-123.2887,46.4513],[-123.285,46.4439],[-123.2768,46.4435],[-123.2682,46.4484],[-123.2453,46.4485],[-123.2416,46.4462],[-123.2387,46.474],[-123.2386,46.5171],[-123.2191,46.5168],[-123.219,46.5318],[-123.2039,46.535],[-123.1956,46.5318],[-123.1886,46.5363],[-123.1732,46.5317],[-123.1702,46.5168],[-123.1597,46.5156],[-123.1403,46.5052],[-123.1424,46.5212],[-123.1326,46.5278],[-123.1338,46.5344],[-123.1279,46.54],[-123.1319,46.5463],[-123.1396,46.5464],[-123.144,46.5297],[-123.1598,46.5281],[-123.181,46.539],[-123.2,46.539],[-123.2018,46.5476],[-123.2126,46.5487],[-123.2198,46.5579],[-123.2215,46.5777],[-123.2206,46.5913],[-123.2418,46.5913],[-123.2412,46.6193],[-123.2052,46.6201],[-123.2041,46.6035],[-123.1985,46.5958],[-123.1856,46.5935],[-123.1344,46.573],[-123.1201,46.5795],[-123.117,46.5682],[-123.097,46.5405],[-123.103,46.5401],[-123.0992,46.5263],[-123.0852,46.5181],[-123.0815,46.5258],[-123.068,46.5195],[-123.0677,46.5267],[-123.0743,46.5357],[-123.0578,46.5377],[-123.0534,46.5324],[-123.0422,46.5306],[-123.0366,46.5383],[-123.0323,46.5353],[-123.0323,46.5463],[-123.0218,46.5463],[-123.0224,46.562],[-122.9813,46.5619],[-122.9703,46.5732],[-122.9635,46.5763],[-122.9188,46.5763],[-122.9052,46.5637],[-122.8957,46.565],[-122.8885,46.5617],[-122.8765,46.5617],[-122.8765,46.5433],[-122.8557,46.5453],[-122.8558,46.5251],[-122.8089,46.525],[-122.8035,46.5249],[-122.8037,46.5323],[-122.7467,46.5323],[-122.7969,46.5433],[-122.7963,46.5468],[-122.7812,46.5467]],[[-122.9139,46.5835],[-122.8926,46.5835],[-122.8926,46.5726],[-122.905,46.5725],[-122.9139,46.5835]]]},"properties":{"ZCTA5CE10":"98532"}},{"type":"Feature","geometry":{"type":"Polygon","coordinates":[[[-122.1854,46.5],[-122.1786,46.4973],[-122.1837,46.4857],[-122.1665,46.4772],[-122.1703,46.472],[-122.165,46.4645],[-122.1638,46.4746],[-122.1259,46.475],[-122.127,46.4862],[-122.1222,46.4891],[-122.0927,46.4899],[-122.0942,46.4829],[-122.0831,46.4903],[-122.0912,46.4905],[-122.0703,46.509],[-122.0531,46.5176],[-122.0529,46.5444],[-122.0573,46.5576],[-122.0472,46.5681],[-122.0404,46.5687],[-122.0257,46.5816],[-122.0166,46.5865],[-122.0012,46.5883],[-121.9934,46.5946],[-121.9933,46.6016],[-122.0007,46.6069],[-122.0154,46.6158],[-122.0329,46.6204],[-122.0445,46.6192],[-122.0575,46.625],[-122.0787,46.6309],[-122.104,46.6607],[-122.1149,46.6689],[-122.1112,46.6586],[-122.1167,46.651],[-122.1254,46.6471],[-122.1435,46.6305],[-122.1493,46.6187],[-122.1484,46.6092],[-122.1386,46.6107],[-122.1307,46.6064],[-122.1519,46.6035],[-122.1787,46.5894],[-122.1989,46.5904],[-122.1988,46.6176],[-122.2256,46.5993],[-122.2265,46.5917],[-122.237,46.5864],[-122.2263,46.586],[-122.2051,46.5749],[-122.1893,46.5711],[-122.1753,46.5702],[-122.1569,46.563],[-122.1464,46.5553],[-122.1711,46.548],[-122.184,46.549],[-122.192,46.5397],[-122.1814,46.5345],[-122.1871,46.5179],[-122.1949,46.5082],[-122.1832,46.5077],[-122.1854,46.5]]]},"properties":{"ZCTA5CE10":"98336"}},{"type":"Feature","geometry":{"type":"Polygon","coordinates":[[[-123.0297,46.7409],[-123.0301,46.7365],[-123.0253,46.7379],[-123.0297,46.7409]]]},"properties":{"ZCTA5CE10":"98544"}},{"type":"Feature","geometry":{"type":"Polygon","coordinates":[[[-119.9062,48.7048],[-119.8948,48.7002],[-119.8773,48.7016],[-119.8622,48.7114],[-119.8494,48.7127],[-119.8445,48.7166],[-119.8294,48.7166],[-119.8085,48.7098],[-119.791,48.7072],[-119.7787,48.6999],[-119.755,48.6895],[-119.7443,48.6877],[-119.7197,48.6929],[-119.7109,48.6928],[-119.688,48.6998],[-119.6824,48.713],[-119.6667,48.7301],[-119.672,48.7365],[-119.663,48.7452],[-119.6525,48.7631],[-119.6459,48.7886],[-119.6464,48.7993],[-119.6369,48.8096],[-119.6391,48.8153],[-119.6249,48.8208],[-119.638,48.829],[-119.6234,48.8259],[-119.6205,48.835],[-119.5946,48.8304],[-119.5895,48.8328],[-119.5874,48.8425],[-119.5678,48.8388],[-119.5597,48.8313],[-119.5483,48.838],[-119.548,48.854],[-119.5415,48.8587],[-119.5388,48.8678],[-119.5389,48.8863],[-119.5609,48.8863],[-119.561,48.9157],[-119.6046,48.9158],[-119.6045,48.957],[-119.5954,48.955],[-119.5772,48.9565],[-119.5652,48.9603],[-119.5524,48.9599],[-119.5439,48.9635],[-119.5291,48.9632],[-119.5169,48.9588],[-119.5169,49.0003],[-119.7253,49.0002],[-119.8762,49.0004],[-119.9193,49],[-119.9236,48.9828],[-119.933,48.976],[-119.9247,48.9689],[-119.9287,48.9624],[-119.942,48.9642],[-119.9705,48.954],[-119.9798,48.9439],[-119.9751,48.9387],[-119.9763,48.9308],[-119.963,48.9085],[-119.9658,48.8986],[-119.9523,48.8843],[-119.941,48.8808],[-119.9358,48.8749],[-119.9426,48.8709],[-119.9348,48.8613],[-119.9496,48.8587],[-119.9447,48.855],[-119.9532,48.8522],[-119.9572,48.8385],[-119.9508,48.827],[-119.9405,48.8248],[-119.9384,48.8166],[-119.9505,48.806],[-119.9585,48.8049],[-119.9539,48.8004],[-119.9573,48.7919],[-119.9349,48.7775],[-119.9315,48.7706],[-119.9392,48.7625],[-119.9263,48.763],[-119.9218,48.7549],[-119.9234,48.7449],[-119.9189,48.7395],[-119.9277,48.7338],[-119.9286,48.726],[-119.9178,48.7299],[-119.9195,48.721],[-119.9149,48.715],[-119.9062,48.7048]]]},"properties":{"ZCTA5CE10":"98827"}},{"type":"Feature","geometry":{"type":"Polygon","coordinates":[[[-119.8902,48.3878],[-119.8966,48.3895],[-119.9012,48.3988],[-119.898,48.4165],[-119.8992,48.4251],[-119.8784,48.4362],[-119.8449,48.4368],[-119.8536,48.4502],[-119.8674,48.4561],[-119.8627,48.4615],[-119.8629,48.4737],[-119.8677,48.4785],[-119.8725,48.4974],[-119.8913,48.499],[-119.9188,48.5167],[-119.9289,48.5182],[-119.9454,48.5313],[-119.9504,48.5406],[-119.9662,48.518],[-119.9713,48.5028],[-119.9809,48.4966],[-120.0052,48.4859],[-120.0065,48.4748],[-119.9993,48.4509],[-120.0046,48.4448],[-120.0167,48.442],[-120.0201,48.4362],[-120.0327,48.4302],[-120.049,48.4389],[-120.1169,48.4389],[-120.1082,48.4183],[-120.1016,48.4169],[-120.1003,48.4091],[-120.1049,48.4031],[-120.1004,48.3912],[-120.1066,48.3837],[-120.1206,48.3916],[-120.1152,48.3754],[-120.1296,48.3816],[-120.1398,48.4024],[-120.1318,48.4047],[-120.1327,48.411],[-120.1439,48.4138],[-120.1409,48.4176],[-120.1479,48.4236],[-120.1619,48.4283],[-120.1555,48.4398],[-120.1629,48.4559],[-120.1704,48.46],[-120.1643,48.449],[-120.1646,48.4388],[-120.2035,48.4396],[-120.2126,48.4326],[-120.2212,48.4353],[-120.236,48.4349],[-120.2195,48.4169],[-120.2322,48.4087],[-120.2412,48.4215],[-120.2561,48.4193],[-120.2704,48.4216],[-120.2754,48.4341],[-120.2739,48.4781],[-120.2882,48.4775],[-120.3086,48.4833],[-120.4041,48.4837],[-120.6539,48.4825],[-120.6522,48.4777],[-120.632,48.4692],[-120.6424,48.4682],[-120.6507,48.4613],[-120.6546,48.4527],[-120.666,48.4518],[-120.6636,48.4416],[-120.6513,48.4368],[-120.6556,48.4307],[-120.646,48.4123],[-120.6449,48.4013],[-120.6503,48.3977],[-120.6307,48.3966],[-120.6216,48.3987],[-120.6112,48.3946],[-120.5997,48.3855],[-120.5888,48.3845],[-120.5859,48.3804],[-120.5674,48.3762],[-120.5597,48.3607],[-120.5659,48.3589],[-120.5687,48.3482],[-120.5767,48.3453],[-120.585,48.3354],[-120.5837,48.3278],[-120.589,48.3229],[-120.5836,48.3192],[-120.5617,48.3156],[-120.5516,48.3071],[-120.5256,48.3072],[-120.5122,48.3119],[-120.5065,48.3026],[-120.4936,48.294],[-120.4767,48.2779],[-120.4682,48.2773],[-120.4675,48.2685],[-120.4508,48.2602],[-120.4432,48.2607],[-120.4308,48.2514],[-120.4167,48.2495],[-120.3919,48.243],[-120.3849,48.2326],[-120.39,48.23],[-120.3837,48.222],[-120.2896,48.222],[-120.2729,48.2229],[-120.2292,48.2228],[-120.2455,48.2412],[-120.2561,48.2357],[-120.2552,48.2436],[-120.2633,48.2467],[-120.2463,48.2547],[-120.254,48.2601],[-120.2615,48.2584],[-120.2559,48.2666],[-120.2683,48.2716],[-120.2769,48.2699],[-120.2677,48.281],[-120.0873,48.281],[-120.0799,48.2828],[-120.0677,48.296],[-120.0686,48.3125],[-120.0644,48.3066],[-120.0644,48.2942],[-120.0759,48.2862],[-120.0757,48.2816],[-120.0882,48.2787],[-120.0881,48.2679],[-120.0719,48.2831],[-120.0685,48.275],[-120.0651,48.2856],[-120.0563,48.2868],[-120.0402,48.2807],[-120.0046,48.2792],[-119.957,48.2791],[-119.9391,48.2761],[-119.9225,48.2783],[-119.9032,48.2731],[-119.8862,48.279],[-119.8891,48.3065],[-119.8837,48.3129],[-119.9041,48.3184],[-119.9108,48.3226],[-119.9015,48.3312],[-119.8951,48.3315],[-119.8908,48.3465],[-119.8976,48.3572],[-119.8916,48.3591],[-119.8975,48.3754],[-119.8902,48.3878]]]},"properties":{"ZCTA5CE10":"98856"}},{"type":"Feature","geometry":{"type":"Polygon","coordinates":[[[-124.0013,46.647],[-123.923,46.6497],[-123.9389,46.6432],[-123.9405,46.639],[-123.9552,46.6351],[-123.9452,46.6204],[-123.9452,46.6114],[-123.9536,46.6063],[-123.939,46.5989],[-123.9194,46.599],[-123.9152,46.6033],[-123.9069,46.5976],[-123.8974,46.5974],[-123.8899,46.6025],[-123.8687,46.6026],[-123.8587,46.6098],[-123.8597,46.5719],[-123.841,46.562],[-123.9637,46.5621],[-123.955,46.5369],[-123.9966,46.5033],[-124.0044,46.4986],[-124.0087,46.4808],[-124.0067,46.4615],[-123.9948,46.454],[-123.9876,46.4446],[-123.9721,46.4395],[-123.9714,46.4763],[-123.968,46.4735],[-123.9437,46.4772],[-123.9372,46.4656],[-123.9159,46.4584],[-123.9071,46.449],[-123.9062,46.4427],[-123.8895,46.4418],[-123.8804,46.4371],[-123.8711,46.4366],[-123.8576,46.4294],[-123.8576,46.4377],[-123.8725,46.4498],[-123.8727,46.458],[-123.8187,46.4576],[-123.7657,46.458],[-123.7653,46.4665],[-123.757,46.4635],[-123.7492,46.4714],[-123.7047,46.4707],[-123.6622,46.4717],[-123.5388,46.468],[-123.5589,46.4877],[-123.572,46.4923],[-123.6009,46.4945],[-123.6137,46.5093],[-123.6365,46.5072],[-123.6534,46.5135],[-123.7176,46.5304],[-123.7281,46.537],[-123.7285,46.5489],[-123.737,46.5547],[-123.7532,46.5601],[-123.7536,46.5626],[-123.7985,46.5625],[-123.7983,46.6219],[-123.8082,46.6183],[-123.8226,46.6273],[-123.8208,46.6351],[-123.8002,46.6393],[-123.7999,46.6523],[-123.778,46.6611],[-123.7869,46.6688],[-123.801,46.665],[-123.8112,46.6684],[-123.8172,46.6763],[-123.8181,46.6842],[-123.8244,46.6925],[-123.8432,46.7049],[-123.859,46.7074],[-123.9138,46.7075],[-123.9346,46.7055],[-123.9359,46.7054],[-123.9468,46.7043],[-123.9763,46.6975],[-123.9963,46.6858],[-124.0013,46.6766],[-124.0013,46.647]]]},"properties":{"ZCTA5CE10":"98586"}},{"type":"Feature","geometry":{"type":"Polygon","coordinates":[[[-123.9577,46.3487],[-123.969,46.3429],[-123.9795,46.3319],[-123.9637,46.3301],[-123.9638,46.3158],[-123.9573,46.3165],[-123.9472,46.3115],[-123.938,46.2929],[-123.9379,46.2835],[-123.952,46.2827],[-123.9467,46.2741],[-123.9278,46.2598],[-123.9457,46.2695],[-123.9632,46.2633],[-123.9305,46.2388],[-123.8719,46.2349],[-123.875,46.2412],[-123.864,46.2494],[-123.8681,46.2561],[-123.8766,46.2576],[-123.8861,46.2644],[-123.8799,46.2667],[-123.8525,46.2594],[-123.8501,46.2607],[-123.8497,46.3362],[-123.9069,46.3369],[-123.9101,46.341],[-123.9182,46.337],[-123.9487,46.3373],[-123.9577,46.3487]]]},"properties":{"ZCTA5CE10":"98614"}},{"type":"Feature","geometry":{"type":"Polygon","coordinates":[[[-117.4997,48.6529],[-117.4885,48.6518],[-117.4766,48.6587],[-117.4705,48.6728],[-117.4558,48.6733],[-117.4534,48.6845],[-117.4342,48.6797],[-117.4283,48.6886],[-117.4204,48.6862],[-117.4106,48.693],[-117.4108,48.7074],[-117.4039,48.7067],[-117.3924,48.6959],[-117.3952,48.6881],[-117.4026,48.6919],[-117.4046,48.6851],[-117.4106,48.6851],[-117.4125,48.6755],[-117.3997,48.664],[-117.3932,48.6635],[-117.4019,48.6779],[-117.3941,48.6779],[-117.3802,48.6635],[-117.3799,48.6552],[-117.3716,48.6501],[-117.379,48.6704],[-117.37,48.6514],[-117.3608,48.6216],[-117.3577,48.6026],[-117.3442,48.5887],[-117.3502,48.6022],[-117.339,48.6065],[-117.3288,48.6066],[-117.327,48.602],[-117.3271,48.6486],[-117.3188,48.6461],[-117.3257,48.6562],[-117.286,48.6562],[-117.2786,48.6414],[-117.2682,48.6403],[-117.247,48.6498],[-117.2392,48.6564],[-117.2346,48.6658],[-117.2041,48.6867],[-117.189,48.6881],[-117.1804,48.6783],[-117.1662,48.695],[-117.1777,48.7032],[-117.1855,48.7134],[-117.1846,48.7186],[-117.1969,48.728],[-117.2069,48.7505],[-117.2016,48.7524],[-117.2034,48.7617],[-117.1967,48.7683],[-117.199,48.7748],[-117.2605,48.7937],[-117.2699,48.7938],[-117.2851,48.7892],[-117.2978,48.795],[-117.3012,48.8119],[-117.2926,48.8301],[-117.3852,48.8302],[-117.3836,48.8211],[-117.3891,48.8196],[-117.3983,48.8244],[-117.4136,48.8263],[-117.4309,48.8283],[-117.4327,48.8369],[-117.4986,48.8369],[-117.5636,48.8367],[-117.5641,48.7499],[-117.5635,48.7425],[-117.6295,48.7427],[-117.6292,48.6558],[-117.4997,48.6562],[-117.4997,48.6529]]]},"properties":{"ZCTA5CE10":"99139"}},{"type":"Feature","geometry":{"type":"Polygon","coordinates":[[[-122.5038,47.2548],[-122.5158,47.254],[-122.5159,47.25],[-122.5264,47.2555],[-122.5477,47.2517],[-122.5534,47.2466],[-122.545,47.2639],[-122.5515,47.2692],[-122.5631,47.2506],[-122.5654,47.2468],[-122.56,47.2427],[-122.5053,47.2429],[-122.5052,47.2436],[-122.5038,47.2548]]]},"properties":{"ZCTA5CE10":"98465"}},{"type":"Feature","geometry":{"type":"Polygon","coordinates":[[[-122.4377,47.268],[-122.4322,47.2541],[-122.4327,47.2332],[-122.4312,47.2334],[-122.4171,47.2384],[-122.3997,47.241],[-122.3995,47.2473],[-122.3808,47.2457],[-122.3594,47.2463],[-122.358,47.2587],[-122.3574,47.2644],[-122.3877,47.2793],[-122.3997,47.2799],[-122.4109,47.2876],[-122.4296,47.2697],[-122.4377,47.268]]]},"properties":{"ZCTA5CE10":"98421"}},{"type":"Feature","geometry":{"type":"Polygon","coordinates":[[[-122.1232,47.1385],[-122.1341,47.1353],[-122.1339,47.1199],[-122.1528,47.1074],[-122.1562,47.1002],[-122.1752,47.0889],[-122.1899,47.0906],[-122.1919,47.0979],[-122.2128,47.1084],[-122.2201,47.1172],[-122.2201,47.1464],[-122.2262,47.1403],[-122.245,47.1371],[-122.245,47.1253],[-122.2386,47.1213],[-122.2422,47.1118],[-122.2405,47.0961],[-122.2354,47.0853],[-122.2456,47.0835],[-122.2444,47.0745],[-122.2267,47.0812],[-122.2194,47.0811],[-122.2157,47.0745],[-122.2003,47.0746],[-122.1934,47.0603],[-122.2103,47.0424],[-122.2108,47.0252],[-122.2169,47.0206],[-122.2136,47.0104],[-122.1947,46.9936],[-122.2,46.99],[-122.2172,46.9858],[-122.2278,46.9856],[-122.2355,46.9624],[-122.2359,46.954],[-122.2386,46.9485],[-122.2522,46.9431],[-122.2586,46.926],[-122.2414,46.9389],[-122.2349,46.9332],[-122.2274,46.9408],[-122.1922,46.9452],[-122.1709,46.9372],[-122.1537,46.9419],[-122.1356,46.9369],[-122.1215,46.9386],[-122.1034,46.9338],[-122.1036,46.9637],[-122.1057,46.9661],[-122.1055,47.0107],[-122.1015,47.0312],[-122.1046,47.0336],[-122.1046,47.0544],[-122.0775,47.0544],[-122.0777,47.0669],[-122.0663,47.0765],[-122.0667,47.0806],[-122.0784,47.0867],[-122.0804,47.1044],[-122.1025,47.1044],[-122.1026,47.1117],[-122.1134,47.1114],[-122.1151,47.1286],[-122.1333,47.1254],[-122.1299,47.1295],[-122.1158,47.1342],[-122.1019,47.1355],[-122.0989,47.141],[-122.1066,47.1428],[-122.1277,47.131],[-122.1232,47.1385]]]},"properties":{"ZCTA5CE10":"98360"}},{"type":"Feature","geometry":{"type":"Polygon","coordinates":[[[-122.2295,47.2576],[-122.24,47.2575],[-122.2464,47.2429],[-122.2553,47.2429],[-122.2586,47.2499],[-122.2539,47.2337],[-122.2558,47.2264],[-122.2509,47.2038],[-122.2604,47.2012],[-122.2459,47.1954],[-122.2314,47.1852],[-122.2163,47.1883],[-122.2154,47.1697],[-122.2111,47.1562],[-122.1976,47.1621],[-122.1975,47.1842],[-122.2032,47.1977],[-122.2029,47.2064],[-122.2096,47.2064],[-122.2137,47.2172],[-122.2189,47.2172],[-122.2189,47.2382],[-122.2189,47.2427],[-122.2287,47.25],[-122.2295,47.2576]]]},"properties":{"ZCTA5CE10":"98390"}},{"type":"Feature","geometry":{"type":"Polygon","coordinates":[[[-122.3577,47.17],[-122.3572,47.1809],[-122.3891,47.1809],[-122.3936,47.1736],[-122.3905,47.1415],[-122.3959,47.1404],[-122.3938,47.1294],[-122.3893,47.1276],[-122.3892,47.0968],[-122.3918,47.0891],[-122.3887,47.0821],[-122.3791,47.0835],[-122.3779,47.0751],[-122.3577,47.0745],[-122.3569,47.0928],[-122.3617,47.0978],[-122.3576,47.1034],[-122.3575,47.1254],[-122.3577,47.17]]]},"properties":{"ZCTA5CE10":"98446"}},{"type":"Feature","geometry":{"type":"Polygon","coordinates":[[[-122.4938,47.1501],[-122.4972,47.1392],[-122.5046,47.1392],[-122.5047,47.1227],[-122.4872,47.123],[-122.4875,47.1313],[-122.4939,47.1331],[-122.4938,47.1501]]]},"properties":{"ZCTA5CE10":"98438"}},{"type":"Feature","geometry":{"type":"Polygon","coordinates":[[[-122.7595,47.1412],[-122.7541,47.1381],[-122.7134,47.1248],[-122.7037,47.1202],[-122.6704,47.1216],[-122.6544,47.1334],[-122.6322,47.1433],[-122.643,47.1415],[-122.6491,47.1492],[-122.6422,47.1655],[-122.6227,47.1888],[-122.6238,47.1939],[-122.6508,47.1847],[-122.6785,47.1855],[-122.7001,47.194],[-122.711,47.196],[-122.7226,47.1871],[-122.7502,47.1582],[-122.7597,47.1461],[-122.7595,47.1412]]]},"properties":{"ZCTA5CE10":"98303"}},{"type":"Feature","geometry":{"type":"Polygon","coordinates":[[[-122.9649,48.5977],[-123.0013,48.5901],[-123.011,48.5893],[-123.0318,48.5807],[-123.0013,48.5563],[-122.9586,48.5359],[-122.9519,48.5286],[-122.936,48.5387],[-122.9343,48.547],[-122.9091,48.5601],[-122.8944,48.5746],[-122.8763,48.5761],[-122.8763,48.5847],[-122.9267,48.5884],[-122.9649,48.5977]]]},"properties":{"ZCTA5CE10":"98286"}},{"type":"Feature","geometry":{"type":"MultiPolygon","coordinates":[[[[-122.9136,48.7517],[-122.8972,48.746],[-122.8802,48.7509],[-122.8771,48.7639],[-122.8999,48.7702],[-122.9184,48.7674],[-122.9218,48.7548],[-122.9136,48.7517]]],[[[-123.0675,48.6226],[-123.1079,48.6257],[-123.1009,48.636],[-123.1052,48.6413],[-123.1263,48.6518],[-123.1263,48.6623],[-123.1655,48.6838],[-123.1905,48.6916],[-123.2253,48.6944],[-123.2432,48.6913],[-123.2391,48.6777],[-123.2244,48.6631],[-123.1908,48.6549],[-123.1782,48.655],[-123.1707,48.6514],[-123.1643,48.6427],[-123.1667,48.6305],[-123.1774,48.6309],[-123.187,48.6269],[-123.1931,48.6151],[-123.2068,48.6028],[-123.2092,48.5891],[-123.2042,48.5843],[-123.18,48.5791],[-123.1771,48.5727],[-123.1815,48.5673],[-123.1803,48.5542],[-123.1675,48.5434],[-123.1675,48.5263],[-123.1534,48.5102],[-123.1444,48.504],[-123.1406,48.4967],[-123.1096,48.485],[-123.1014,48.4836],[-123.0769,48.471],[-123.0731,48.4764],[-123.0431,48.4558],[-123.0161,48.4529],[-122.9927,48.4522],[-122.9621,48.4475],[-122.9506,48.4536],[-122.9529,48.4857],[-122.9522,48.4998],[-122.9482,48.5144],[-122.9519,48.5286],[-122.9586,48.5359],[-123.0013,48.5563],[-123.0318,48.5807],[-123.0648,48.6075],[-123.0675,48.6226]]]]},"properties":{"ZCTA5CE10":"98250"}},{"type":"Feature","geometry":{"type":"Polygon","coordinates":[[[-121.99,48.5177],[-121.9789,48.5164],[-121.9791,48.5227],[-121.9855,48.5228],[-121.9871,48.5295],[-122.0007,48.5255],[-121.99,48.5177]]]},"properties":{"ZCTA5CE10":"98255"}},{"type":"Feature","geometry":{"type":"Polygon","coordinates":[[[-121.8774,48.4716],[-121.8701,48.4969],[-121.8819,48.5122],[-121.8902,48.509],[-121.9052,48.5113],[-121.9188,48.5107],[-121.9304,48.518],[-121.9303,48.5291],[-121.9194,48.5299],[-121.9183,48.5591],[-121.9218,48.6022],[-121.9202,48.6448],[-122.0294,48.645],[-122.1209,48.6461],[-122.1662,48.6455],[-122.2173,48.6456],[-122.216,48.6677],[-122.2441,48.6969],[-122.2683,48.7078],[-122.2618,48.7151],[-122.2745,48.7212],[-122.3013,48.7306],[-122.3113,48.7206],[-122.3068,48.7181],[-122.3055,48.7049],[-122.3291,48.6906],[-122.3377,48.6936],[-122.3425,48.7066],[-122.3578,48.6966],[-122.3618,48.6849],[-122.3528,48.6721],[-122.3561,48.666],[-122.3431,48.6518],[-122.3405,48.6451],[-122.3564,48.6451],[-122.3491,48.6312],[-122.3323,48.6312],[-122.3324,48.62],[-122.3217,48.6079],[-122.3183,48.5988],[-122.3203,48.5918],[-122.3228,48.5611],[-122.329,48.5596],[-122.3301,48.5492],[-122.3125,48.5505],[-122.3139,48.5327],[-122.2859,48.5323],[-122.286,48.493],[-122.2914,48.4885],[-122.2917,48.4751],[-122.2674,48.4659],[-122.2554,48.4679],[-122.2347,48.4678],[-122.2346,48.4669],[-122.2344,48.4642],[-122.2326,48.4609],[-122.2341,48.4607],[-122.2316,48.4526],[-122.211,48.4547],[-122.1921,48.4514],[-122.192,48.428],[-122.1169,48.4276],[-122.0948,48.427],[-122.0135,48.427],[-121.9654,48.4],[-121.9645,48.4277],[-121.9218,48.4274],[-121.9215,48.4717],[-121.8774,48.4716]],[[-122.0719,48.5245],[-122.0598,48.5265],[-122.0553,48.5234],[-122.0659,48.5212],[-122.072,48.5157],[-122.0719,48.5245]],[[-121.99,48.5177],[-122.0007,48.5255],[-121.9871,48.5295],[-121.9855,48.5228],[-121.9791,48.5227],[-121.9789,48.5164],[-121.99,48.5177]]]},"properties":{"ZCTA5CE10":"98284"}},{"type":"Feature","geometry":{"type":"Polygon","coordinates":[[[-122.3687,48.1234],[-122.328,48.1233],[-122.319,48.1193],[-122.3059,48.1193],[-122.3027,48.1232],[-122.2915,48.1232],[-122.2821,48.1349],[-122.2682,48.1351],[-122.2643,48.1399],[-122.2768,48.1486],[-122.2753,48.1584],[-122.2597,48.1611],[-122.2651,48.1699],[-122.2503,48.1739],[-122.2505,48.1814],[-122.2585,48.1916],[-122.2378,48.197],[-122.2168,48.1998],[-122.2237,48.2013],[-122.2177,48.2066],[-122.2198,48.2162],[-122.2278,48.2164],[-122.2373,48.2289],[-122.2371,48.235],[-122.2534,48.2534],[-122.2469,48.2568],[-122.2104,48.2572],[-122.205,48.2534],[-122.2039,48.2973],[-122.3034,48.2976],[-122.324,48.2975],[-122.3303,48.3085],[-122.3473,48.3085],[-122.3532,48.2976],[-122.3784,48.2976],[-122.3832,48.2976],[-122.3802,48.2837],[-122.3946,48.2744],[-122.4015,48.2542],[-122.4057,48.2522],[-122.3925,48.2344],[-122.398,48.2238],[-122.3893,48.2137],[-122.3764,48.1908],[-122.3625,48.1828],[-122.3744,48.1645],[-122.3689,48.1476],[-122.3724,48.1341],[-122.3687,48.1234]]]},"properties":{"ZCTA5CE10":"98292"}},{"type":"Feature","geometry":{"type":"MultiPolygon","coordinates":[[[[-122.3221,48.0205],[-122.3343,48.0185],[-122.3256,48.01],[-122.3066,48.0044],[-122.3094,48.0125],[-122.3221,48.0205]]],[[[-122.2423,47.9709],[-122.232,47.9709],[-122.223,47.9617],[-122.1905,47.966],[-122.1867,47.9594],[-122.1869,47.9749],[-122.169,47.9836],[-122.1805,47.9952],[-122.1771,48.0023],[-122.1819,48.0141],[-122.1875,48.0171],[-122.2158,48.0217],[-122.2309,48.0169],[-122.2341,48.009],[-122.2359,47.9888],[-122.2423,47.9709]],[[-122.2269,47.9825],[-122.2345,47.9809],[-122.2215,47.9942],[-122.2142,47.9897],[-122.2228,47.9883],[-122.2269,47.9825]]]]},"properties":{"ZCTA5CE10":"98201"}},{"type":"Feature","geometry":{"type":"Polygon","coordinates":[[[-121.804,47.95],[-121.8355,47.95],[-121.8526,47.9576],[-121.8582,47.9624],[-121.875,47.9621],[-121.8898,47.9519],[-121.9043,47.959],[-121.9057,47.9455],[-121.9333,47.9526],[-121.9467,47.9495],[-121.9479,47.9421],[-121.9388,47.9421],[-121.9388,47.9346],[-121.9281,47.9351],[-121.9274,47.9208],[-121.9385,47.9207],[-121.9379,47.916],[-121.9228,47.907],[-121.9122,47.9036],[-121.9277,47.9043],[-121.9443,47.8867],[-121.9411,47.8816],[-121.9621,47.8815],[-121.9654,47.8776],[-121.9857,47.8775],[-121.9905,47.8742],[-122.0026,47.8795],[-122.0125,47.8778],[-122.0122,47.8376],[-121.9909,47.8393],[-121.9952,47.8294],[-122.032,47.8228],[-122.0476,47.8313],[-122.0368,47.8193],[-122.0322,47.803],[-122.0328,47.7948],[-122.0183,47.7982],[-122.0183,47.7754],[-122.0077,47.7753],[-121.9281,47.777],[-121.8879,47.7765],[-121.8497,47.7772],[-121.8409,47.7777],[-121.8212,47.7911],[-121.8284,47.8014],[-121.8253,47.8086],[-121.8211,47.8046],[-121.8203,47.7936],[-121.8067,47.7901],[-121.7929,47.7909],[-121.7785,47.7821],[-121.7558,47.7829],[-121.7483,47.7906],[-121.7298,47.7925],[-121.7334,47.7959],[-121.7165,47.7959],[-121.7181,47.8],[-121.7438,47.8088],[-121.7344,47.8123],[-121.738,47.8199],[-121.7322,47.8227],[-121.7116,47.8169],[-121.7175,47.8278],[-121.7146,47.8314],[-121.7241,47.8351],[-121.7266,47.8424],[-121.7373,47.8494],[-121.7852,47.8491],[-121.7922,47.8511],[-121.8223,47.8501],[-121.8206,47.8605],[-121.831,47.858],[-121.8315,47.8672],[-121.8253,47.8724],[-121.8352,47.8883],[-121.8315,47.8923],[-121.8315,47.9042],[-121.8154,47.9135],[-121.8129,47.9183],[-121.8186,47.9307],[-121.8023,47.9311],[-121.804,47.95]]]},"properties":{"ZCTA5CE10":"98272"}},{"type":"Feature","geometry":{"type":"Polygon","coordinates":[[[-122.1867,47.9594],[-122.1905,47.966],[-122.223,47.9617],[-122.232,47.9709],[-122.2423,47.9709],[-122.2532,47.9627],[-122.2822,47.9594],[-122.2917,47.9564],[-122.2914,47.951],[-122.2821,47.9495],[-122.2877,47.9443],[-122.2774,47.9323],[-122.2607,47.9326],[-122.2607,47.9225],[-122.2337,47.9234],[-122.2096,47.9214],[-122.1905,47.9238],[-122.1975,47.9433],[-122.188,47.948],[-122.1917,47.949],[-122.1867,47.9594]]]},"properties":{"ZCTA5CE10":"98203"}},{"type":"Feature","geometry":{"type":"Polygon","coordinates":[[[-117.3761,47.7082],[-117.3755,47.7006],[-117.3634,47.6997],[-117.3637,47.6783],[-117.3469,47.6762],[-117.3406,47.6767],[-117.3295,47.6856],[-117.3041,47.6944],[-117.3038,47.7131],[-117.2947,47.7107],[-117.2942,47.7057],[-117.2811,47.7078],[-117.2829,47.7044],[-117.2626,47.7003],[-117.2673,47.6976],[-117.2514,47.6958],[-117.2507,47.7004],[-117.2405,47.7004],[-117.24,47.7112],[-117.2185,47.7106],[-117.2185,47.7144],[-117.1923,47.7091],[-117.1754,47.715],[-117.1706,47.7167],[-117.1473,47.751],[-117.1518,47.7576],[-117.1337,47.7578],[-117.1334,47.7637],[-117.1245,47.7689],[-117.1263,47.776],[-117.142,47.7739],[-117.1543,47.7692],[-117.1539,47.7914],[-117.1433,47.7965],[-117.15,47.8012],[-117.1456,47.8056],[-117.1452,47.8161],[-117.1534,47.8162],[-117.1537,47.8017],[-117.1742,47.802],[-117.1774,47.7933],[-117.2001,47.7892],[-117.2056,47.7927],[-117.2076,47.8014],[-117.2149,47.8032],[-117.2272,47.8003],[-117.2406,47.7921],[-117.2344,47.7875],[-117.2347,47.7657],[-117.2293,47.7584],[-117.2186,47.7548],[-117.2454,47.7548],[-117.2402,47.744],[-117.2615,47.7458],[-117.2617,47.762],[-117.267,47.7658],[-117.3039,47.7658],[-117.3038,47.7548],[-117.3297,47.7547],[-117.3317,47.7583],[-117.3574,47.7583],[-117.3683,47.7363],[-117.3792,47.7367],[-117.384,47.7294],[-117.392,47.7295],[-117.39,47.7159],[-117.3629,47.7149],[-117.3633,47.7077],[-117.3761,47.7082]]]},"properties":{"ZCTA5CE10":"99217"}},{"type":"Feature","geometry":{"type":"Polygon","coordinates":[[[-117.6039,47.6581],[-117.6039,47.6384],[-117.6172,47.6356],[-117.6174,47.643],[-117.6254,47.643],[-117.6256,47.6284],[-117.604,47.6283],[-117.6041,47.6139],[-117.5612,47.6138],[-117.561,47.6576],[-117.5822,47.6574],[-117.5828,47.663],[-117.6039,47.6581]]]},"properties":{"ZCTA5CE10":"99001"}},{"type":"Feature","geometry":{"type":"Polygon","coordinates":[[[-117.2414,47.8614],[-117.2507,47.8387],[-117.2615,47.8365],[-117.2615,47.8271],[-117.2718,47.8275],[-117.2819,47.8094],[-117.2884,47.8101],[-117.3119,47.8055],[-117.3116,47.802],[-117.349,47.8018],[-117.3432,47.821],[-117.3511,47.8202],[-117.3551,47.8089],[-117.3615,47.8069],[-117.3694,47.7906],[-117.3661,47.7801],[-117.373,47.7806],[-117.3784,47.7725],[-117.3683,47.7729],[-117.3686,47.7524],[-117.3952,47.7511],[-117.3953,47.7368],[-117.3792,47.7367],[-117.3683,47.7363],[-117.3574,47.7583],[-117.3317,47.7583],[-117.3297,47.7547],[-117.3038,47.7548],[-117.3039,47.7658],[-117.267,47.7658],[-117.2617,47.762],[-117.2615,47.7458],[-117.2402,47.744],[-117.2454,47.7548],[-117.2186,47.7548],[-117.2293,47.7584],[-117.2347,47.7657],[-117.2344,47.7875],[-117.2406,47.7921],[-117.2272,47.8003],[-117.2149,47.8032],[-117.2076,47.8014],[-117.2056,47.7927],[-117.2001,47.7892],[-117.1774,47.7933],[-117.1742,47.802],[-117.1537,47.8017],[-117.1534,47.8162],[-117.1452,47.8161],[-117.1306,47.8155],[-117.1307,47.8442],[-117.1098,47.8439],[-117.1101,47.8741],[-117.0426,47.8745],[-117.0423,47.9584],[-117.1076,47.9589],[-117.1124,47.9541],[-117.1233,47.9517],[-117.1405,47.941],[-117.1401,47.9372],[-117.153,47.9377],[-117.1547,47.9337],[-117.1489,47.9222],[-117.1565,47.9191],[-117.1506,47.9095],[-117.1741,47.8916],[-117.175,47.8777],[-117.1796,47.874],[-117.1922,47.874],[-117.1904,47.8779],[-117.2219,47.8761],[-117.2366,47.8696],[-117.2368,47.8552],[-117.2414,47.8614]]]},"properties":{"ZCTA5CE10":"99021"}},{"type":"Feature","geometry":{"type":"Polygon","coordinates":[[[-117.4988,47.5642],[-117.4963,47.5586],[-117.4933,47.5667],[-117.4988,47.5642]]]},"properties":{"ZCTA5CE10":"99020"}},{"type":"Feature","geometry":{"type":"MultiPolygon","coordinates":[[[[-117.744,48.9106],[-117.7374,48.926],[-117.7468,48.9287],[-117.744,48.9106]]],[[[-117.6309,49.0006],[-117.8761,49.0005],[-117.9319,48.9999],[-117.9371,48.9839],[-117.9178,48.9642],[-117.9045,48.9535],[-117.8929,48.9521],[-117.8657,48.9538],[-117.8563,48.9605],[-117.831,48.9581],[-117.8144,48.9606],[-117.8105,48.9565],[-117.8088,48.9442],[-117.796,48.9328],[-117.8234,48.9198],[-117.8377,48.9082],[-117.8224,48.899],[-117.8407,48.8899],[-117.8473,48.8787],[-117.8608,48.8744],[-117.8769,48.8724],[-117.8883,48.8629],[-117.911,48.8537],[-117.926,48.8435],[-117.9319,48.8273],[-117.9434,48.8164],[-117.9554,48.8148],[-117.9784,48.8208],[-117.9945,48.8168],[-117.9896,48.8155],[-117.9893,48.8019],[-117.8789,48.8022],[-117.8789,48.8095],[-117.868,48.8094],[-117.8626,48.8164],[-117.8534,48.807],[-117.8463,48.8134],[-117.8464,48.829],[-117.8222,48.8341],[-117.8238,48.8392],[-117.8134,48.8393],[-117.8152,48.8544],[-117.8043,48.8547],[-117.8125,48.8647],[-117.7951,48.8685],[-117.7735,48.9143],[-117.7672,48.9145],[-117.7675,48.9218],[-117.7765,48.921],[-117.7608,48.932],[-117.7366,48.9401],[-117.7248,48.937],[-117.714,48.9479],[-117.6846,48.9569],[-117.6739,48.9634],[-117.6442,48.973],[-117.6381,48.9957],[-117.6309,49.0006]]]]},"properties":{"ZCTA5CE10":"99157"}},{"type":"Feature","geometry":{"type":"Polygon","coordinates":[[[-122.7812,46.7685],[-122.7669,46.778],[-122.7795,46.7781],[-122.7866,46.7843],[-122.8,46.7899],[-122.8173,46.7938],[-122.8414,46.802],[-122.8597,46.811],[-122.8614,46.8033],[-122.8799,46.7998],[-122.8766,46.7925],[-122.8515,46.7929],[-122.8468,46.7948],[-122.8384,46.7876],[-122.8272,46.7831],[-122.8239,46.7744],[-122.8159,46.7754],[-122.8054,46.7712],[-122.7812,46.7685]]]},"properties":{"ZCTA5CE10":"98530"}},{"type":"Feature","geometry":{"type":"Polygon","coordinates":[[[-122.4616,48.763],[-122.4647,48.773],[-122.4755,48.7811],[-122.5029,48.7841],[-122.5161,48.7884],[-122.5403,48.7798],[-122.5403,48.7851],[-122.549,48.7852],[-122.5515,48.802],[-122.5579,48.7961],[-122.5738,48.795],[-122.5806,48.787],[-122.5744,48.7833],[-122.5625,48.7831],[-122.5625,48.779],[-122.5729,48.7772],[-122.5312,48.7629],[-122.5023,48.751],[-122.4951,48.7462],[-122.5001,48.7352],[-122.5151,48.7251],[-122.5208,48.713],[-122.5166,48.7009],[-122.504,48.6873],[-122.5,48.6971],[-122.5072,48.7037],[-122.4986,48.7086],[-122.4859,48.7023],[-122.4755,48.7021],[-122.4726,48.7281],[-122.4673,48.7331],[-122.4673,48.7421],[-122.4618,48.7547],[-122.4616,48.763]]]},"properties":{"ZCTA5CE10":"98225"}},{"type":"Feature","geometry":{"type":"Polygon","coordinates":[[[-117.3646,47.1376],[-117.3988,47.1375],[-117.401,47.1301],[-117.4085,47.1308],[-117.4377,47.1462],[-117.4611,47.1499],[-117.4609,47.1374],[-117.4504,47.1375],[-117.4502,47.1232],[-117.4634,47.1254],[-117.4715,47.1234],[-117.4764,47.1163],[-117.4695,47.1054],[-117.4635,47.0875],[-117.4709,47.0801],[-117.4712,47.0736],[-117.4779,47.0673],[-117.4626,47.0636],[-117.4798,47.0533],[-117.4888,47.0506],[-117.4919,47.0444],[-117.5043,47.0367],[-117.4981,47.0318],[-117.4895,47.0143],[-117.4671,47.0098],[-117.4504,47.026],[-117.4465,47.0359],[-117.4384,47.0432],[-117.4284,47.0384],[-117.4136,47.0386],[-117.402,47.0317],[-117.3781,47.0459],[-117.3811,47.0581],[-117.362,47.0504],[-117.3464,47.0521],[-117.3372,47.0502],[-117.3316,47.0499],[-117.3237,47.0497],[-117.3314,47.05],[-117.3314,47.0574],[-117.341,47.0577],[-117.3411,47.0762],[-117.3585,47.0721],[-117.3719,47.0661],[-117.3799,47.0664],[-117.3809,47.0792],[-117.3862,47.0878],[-117.38,47.0904],[-117.38,47.1047],[-117.3697,47.1047],[-117.3697,47.112],[-117.3538,47.1114],[-117.3539,47.123],[-117.3645,47.123],[-117.3646,47.1376]]]},"properties":{"ZCTA5CE10":"99176"}},{"type":"Feature","geometry":{"type":"Polygon","coordinates":[[[-117.2496,46.7925],[-117.2579,46.7891],[-117.2505,46.7866],[-117.2496,46.7925]]]},"properties":{"ZCTA5CE10":"99102"}},{"type":"Feature","geometry":{"type":"Polygon","coordinates":[[[-120.5653,46.3569],[-120.5652,46.3818],[-120.5748,46.3901],[-120.6072,46.39],[-120.6072,46.3863],[-120.6286,46.3868],[-120.6282,46.3782],[-120.6489,46.3753],[-120.6493,46.3906],[-120.6786,46.3954],[-120.686,46.3928],[-120.6857,46.3861],[-120.6697,46.3861],[-120.6715,46.3812],[-120.6803,46.3816],[-120.6928,46.3751],[-120.7065,46.3752],[-120.7073,46.3891],[-120.7017,46.3931],[-120.6913,46.3932],[-120.6914,46.4045],[-120.7547,46.4045],[-120.7547,46.4079],[-120.7322,46.4206],[-120.7406,46.4245],[-120.7347,46.4334],[-120.755,46.4336],[-120.7567,46.4403],[-120.765,46.4412],[-120.7649,46.4477],[-120.7727,46.4536],[-120.7372,46.4781],[-120.6952,46.4778],[-120.6968,46.4865],[-120.6684,46.4948],[-120.6677,46.4986],[-120.6823,46.5033],[-120.7255,46.5078],[-120.747,46.4998],[-120.7596,46.4973],[-120.7653,46.5022],[-120.8012,46.5019],[-120.8173,46.5074],[-120.8305,46.5081],[-120.8392,46.5053],[-120.8675,46.5082],[-120.8756,46.5034],[-120.9217,46.4928],[-120.9099,46.4846],[-120.9187,46.4825],[-120.9185,46.4775],[-120.9353,46.4713],[-120.9017,46.4768],[-120.863,46.4779],[-120.85,46.4725],[-120.8512,46.4661],[-120.8617,46.4555],[-120.8519,46.4475],[-120.8612,46.4477],[-120.8456,46.4173],[-120.8338,46.4031],[-120.8335,46.3885],[-120.8237,46.3847],[-120.8173,46.3717],[-120.8348,46.3699],[-120.8602,46.3595],[-120.8793,46.3581],[-120.8867,46.3604],[-120.8939,46.3564],[-120.9071,46.359],[-120.9286,46.3679],[-120.9488,46.3645],[-120.968,46.3657],[-120.9801,46.3698],[-121.0087,46.3718],[-121.0191,46.377],[-121.029,46.3717],[-121.0323,46.3588],[-121.0142,46.3619],[-120.9959,46.3455],[-120.9961,46.3371],[-120.9914,46.3259],[-120.9802,46.3165],[-120.971,46.3013],[-120.9771,46.2935],[-120.9726,46.2914],[-120.9692,46.2792],[-120.9634,46.2744],[-120.9405,46.273],[-120.9279,46.2777],[-120.9263,46.2846],[-120.9057,46.2944],[-120.8969,46.2894],[-120.8734,46.2905],[-120.8626,46.2881],[-120.8314,46.2996],[-120.8189,46.2985],[-120.8055,46.3088],[-120.8071,46.3142],[-120.7884,46.3258],[-120.7846,46.3138],[-120.7675,46.3311],[-120.7328,46.3341],[-120.7365,46.3178],[-120.7331,46.3045],[-120.7456,46.29],[-120.7648,46.2799],[-120.7804,46.2819],[-120.8045,46.2758],[-120.8121,46.2763],[-120.8304,46.2664],[-120.8381,46.259],[-120.8429,46.2491],[-120.8578,46.243],[-120.8697,46.2413],[-120.8577,46.2389],[-120.8447,46.2413],[-120.8264,46.2289],[-120.8194,46.2213],[-120.8102,46.2288],[-120.7862,46.2299],[-120.7779,46.2321],[-120.7739,46.2397],[-120.7611,46.2501],[-120.7512,46.2541],[-120.7403,46.2541],[-120.7201,46.2476],[-120.7028,46.2495],[-120.7011,46.253],[-120.6844,46.2582],[-120.6779,46.2671],[-120.6589,46.2745],[-120.6426,46.2722],[-120.6309,46.2739],[-120.6242,46.2676],[-120.6088,46.2656],[-120.6006,46.2602],[-120.5577,46.2611],[-120.5462,46.265],[-120.538,46.278],[-120.524,46.2867],[-120.5134,46.2965],[-120.5021,46.3007],[-120.5228,46.3025],[-120.5229,46.3118],[-120.5319,46.3098],[-120.5552,46.3101],[-120.5541,46.3316],[-120.5437,46.3316],[-120.5439,46.3461],[-120.5649,46.3461],[-120.5653,46.3569]]]},"properties":{"ZCTA5CE10":"98952"}},{"type":"Feature","geometry":{"type":"Polygon","coordinates":[[[-120.7322,46.4206],[-120.7129,46.4315],[-120.7125,46.4187],[-120.6752,46.4197],[-120.6812,46.4239],[-120.6709,46.426],[-120.6774,46.434],[-120.6552,46.4287],[-120.6494,46.419],[-120.6493,46.4335],[-120.6311,46.4334],[-120.6194,46.4262],[-120.619,46.4189],[-120.5594,46.419],[-120.5595,46.4115],[-120.534,46.4117],[-120.5388,46.4036],[-120.5388,46.3954],[-120.5442,46.3943],[-120.544,46.3681],[-120.5021,46.3684],[-120.5021,46.361],[-120.4812,46.3608],[-120.4811,46.3682],[-120.4659,46.3682],[-120.4702,46.3754],[-120.428,46.3756],[-120.428,46.3888],[-120.4207,46.3755],[-120.3998,46.3753],[-120.4067,46.386],[-120.4174,46.3919],[-120.4174,46.4188],[-120.3753,46.4188],[-120.3752,46.4261],[-120.3877,46.4334],[-120.3504,46.433],[-120.3445,46.433],[-120.3439,46.4465],[-120.3352,46.4428],[-120.3349,46.462],[-120.3245,46.4621],[-120.314,46.4733],[-120.2903,46.4766],[-120.2903,46.5087],[-120.3022,46.5128],[-120.3155,46.5105],[-120.3232,46.5032],[-120.3298,46.5061],[-120.4008,46.5061],[-120.4065,46.5185],[-120.4172,46.521],[-120.4173,46.535],[-120.4663,46.535],[-120.4731,46.5316],[-120.4805,46.5353],[-120.51,46.5353],[-120.5109,46.5307],[-120.532,46.5251],[-120.5443,46.5299],[-120.5446,46.5209],[-120.6291,46.5212],[-120.6293,46.5091],[-120.6517,46.5066],[-120.6617,46.4981],[-120.6677,46.4986],[-120.6684,46.4948],[-120.6968,46.4865],[-120.6952,46.4778],[-120.7372,46.4781],[-120.7727,46.4536],[-120.7649,46.4477],[-120.765,46.4412],[-120.7567,46.4403],[-120.755,46.4336],[-120.7347,46.4334],[-120.7406,46.4245],[-120.7322,46.4206]],[[-120.4635,46.4989],[-120.4583,46.4922],[-120.4697,46.4919],[-120.4697,46.5068],[-120.4635,46.4989]]]},"properties":{"ZCTA5CE10":"98951"}},{"type":"Feature","geometry":{"type":"Polygon","coordinates":[[[-120.1464,46.4099],[-120.1465,46.4043],[-120.1359,46.4043],[-120.1359,46.3825],[-120.1255,46.375],[-120.1446,46.3752],[-120.1382,46.3607],[-120.1463,46.3608],[-120.1465,46.3385],[-120.1318,46.3378],[-120.1254,46.3343],[-120.1254,46.3248],[-120.1136,46.317],[-120.0834,46.3167],[-120.0835,46.311],[-120.0675,46.3099],[-120.0596,46.3067],[-120.0387,46.3034],[-120.0548,46.3166],[-120.0516,46.3275],[-120.0596,46.3318],[-120.0569,46.3458],[-120.062,46.3458],[-120.0627,46.4052],[-120.0623,46.4691],[-120.0316,46.4764],[-120.0652,46.4794],[-120.0756,46.4772],[-120.0965,46.4815],[-120.1031,46.476],[-120.0994,46.4645],[-120.1038,46.4555],[-120.1151,46.4433],[-120.1254,46.4222],[-120.1254,46.4107],[-120.1405,46.4141],[-120.1464,46.4099]]]},"properties":{"ZCTA5CE10":"98938"}},{"type":"Feature","geometry":{"type":"Polygon","coordinates":[[[-121.3212,46.8562],[-121.3129,46.8591],[-121.3063,46.8682],[-121.2958,46.8658],[-121.2777,46.8849],[-121.2856,46.8867],[-121.3195,46.8613],[-121.3212,46.8562]]]},"properties":{"ZCTA5CE10":"98929"}},{"type":"Feature","geometry":{"type":"Polygon","coordinates":[[[-118.0417,46.7735],[-118.0628,46.7771],[-118.0778,46.7771],[-118.0863,46.7803],[-118.0827,46.7868],[-118.0841,46.7954],[-118.0816,46.8094],[-118.1034,46.81],[-118.1027,46.8248],[-118.133,46.8255],[-118.1333,46.8067],[-118.1378,46.7816],[-118.1663,46.7823],[-118.1686,46.7907],[-118.1817,46.7877],[-118.1926,46.7747],[-118.2222,46.7606],[-118.2419,46.7458],[-118.2264,46.7417],[-118.2071,46.7443],[-118.1903,46.7523],[-118.1693,46.7596],[-118.1697,46.7466],[-118.1838,46.7477],[-118.1899,46.7514],[-118.2051,46.7401],[-118.2335,46.7339],[-118.2403,46.738],[-118.2491,46.7341],[-118.2411,46.7188],[-118.2242,46.6912],[-118.2175,46.6793],[-118.2237,46.6738],[-118.2241,46.6634],[-118.2308,46.657],[-118.2255,46.6466],[-118.2146,46.6387],[-118.2165,46.6333],[-118.1998,46.6242],[-118.1995,46.6079],[-118.2086,46.6093],[-118.2139,46.5996],[-118.2157,46.5889],[-118.2111,46.5876],[-118.193,46.5718],[-118.1726,46.5569],[-118.1583,46.5549],[-118.1431,46.5578],[-118.1184,46.5568],[-118.1044,46.5616],[-118.1001,46.5702],[-118.0929,46.5745],[-118.0691,46.5747],[-118.0483,46.5793],[-118.0275,46.5861],[-118.0285,46.5889],[-118.0639,46.5808],[-118.0884,46.5784],[-118.0914,46.5828],[-118.1152,46.582],[-118.1106,46.5938],[-118.1183,46.5973],[-118.1198,46.6031],[-118.1152,46.6122],[-118.1208,46.6198],[-118.1225,46.6351],[-118.1294,46.6389],[-118.1262,46.6604],[-118.1411,46.6691],[-118.1363,46.6744],[-118.1305,46.6896],[-118.1227,46.6979],[-118.1145,46.7229],[-118.1096,46.721],[-118.0879,46.7208],[-118.0778,46.715],[-118.0428,46.7268],[-118.0415,46.7615],[-118.0339,46.7656],[-118.0417,46.7735]]]},"properties":{"ZCTA5CE10":"99333"}},{"type":"Feature","geometry":{"type":"Polygon","coordinates":[[[-117.4801,45.9978],[-117.4399,45.9986],[-117.3907,45.9986],[-117.3536,45.9964],[-117.3377,45.9987],[-117.2238,45.9984],[-117.0903,45.9975],[-117.0718,46.0115],[-117.0551,46.0134],[-117.0413,46.0061],[-117.0323,46.01],[-117.0284,46.0209],[-117.0012,46.0432],[-117.006,46.0539],[-117.0148,46.061],[-117.0217,46.0578],[-117.0179,46.049],[-117.0293,46.0528],[-117.0359,46.0493],[-117.0287,46.0453],[-117.0431,46.0458],[-117.0503,46.0397],[-117.0687,46.0444],[-117.0673,46.0385],[-117.0749,46.0394],[-117.0748,46.0448],[-117.0825,46.0475],[-117.0859,46.0411],[-117.0982,46.045],[-117.1076,46.0415],[-117.1133,46.034],[-117.1238,46.0406],[-117.1172,46.0491],[-117.1121,46.0634],[-117.1132,46.0712],[-117.1227,46.0793],[-117.1242,46.1042],[-117.1052,46.1042],[-117.1029,46.0908],[-117.0868,46.0894],[-117.0865,46.0993],[-117.0809,46.1038],[-117.0813,46.1125],[-117.0706,46.1255],[-117.0707,46.1359],[-117.0784,46.1385],[-117.0773,46.1436],[-117.0522,46.1626],[-117.0457,46.1697],[-117.0558,46.1703],[-117.0669,46.1656],[-117.0767,46.1579],[-117.1009,46.1545],[-117.1221,46.1486],[-117.1098,46.1579],[-117.094,46.1644],[-117.0813,46.175],[-117.0786,46.1875],[-117.0715,46.1959],[-117.074,46.1988],[-117.1131,46.1992],[-117.1132,46.1773],[-117.1444,46.1774],[-117.1488,46.1967],[-117.1439,46.212],[-117.1463,46.22],[-117.1548,46.2322],[-117.1511,46.2484],[-117.1431,46.2578],[-117.1318,46.264],[-117.1117,46.283],[-117.1094,46.2958],[-117.117,46.3014],[-117.1226,46.3],[-117.1331,46.2889],[-117.1521,46.2794],[-117.164,46.2768],[-117.1734,46.2688],[-117.1782,46.2474],[-117.177,46.2426],[-117.1881,46.2319],[-117.1892,46.2183],[-117.1866,46.2141],[-117.1977,46.1987],[-117.2008,46.174],[-117.2111,46.1691],[-117.2279,46.171],[-117.2729,46.165],[-117.2867,46.1647],[-117.3016,46.1517],[-117.3057,46.1385],[-117.3115,46.1354],[-117.3262,46.1346],[-117.344,46.1238],[-117.342,46.1196],[-117.3531,46.1113],[-117.3683,46.118],[-117.4195,46.1353],[-117.4196,46.1219],[-117.48,46.122],[-117.4801,45.9978]],[[-117.1771,46.1338],[-117.1875,46.1339],[-117.2026,46.1479],[-117.1857,46.1555],[-117.177,46.1551],[-117.1771,46.1338]]]},"properties":{"ZCTA5CE10":"99401"}},{"type":"Feature","geometry":{"type":"Polygon","coordinates":[[[-119.2456,46.2084],[-119.2583,46.2005],[-119.245,46.2003],[-119.2264,46.1964],[-119.2222,46.1992],[-119.1803,46.1995],[-119.1594,46.1986],[-119.1632,46.1946],[-119.1565,46.1986],[-119.0948,46.1982],[-119.1071,46.209],[-119.0975,46.215],[-119.1173,46.2226],[-119.1418,46.2269],[-119.1717,46.2283],[-119.2084,46.2376],[-119.2128,46.2412],[-119.2128,46.2319],[-119.2319,46.2301],[-119.2437,46.2356],[-119.2491,46.2272],[-119.2437,46.2272],[-119.2456,46.2084]]]},"properties":{"ZCTA5CE10":"99336"}},{"type":"Feature","geometry":{"type":"Polygon","coordinates":[[[-119.1632,46.1946],[-119.1594,46.1986],[-119.1803,46.1995],[-119.2222,46.1992],[-119.2264,46.1964],[-119.245,46.2003],[-119.2583,46.2005],[-119.2456,46.2084],[-119.259,46.2041],[-119.264,46.1992],[-119.264,46.2072],[-119.2745,46.2064],[-119.2713,46.213],[-119.2862,46.2131],[-119.2965,46.2238],[-119.2964,46.2277],[-119.3204,46.2279],[-119.3457,46.2425],[-119.3476,46.2283],[-119.3466,46.2181],[-119.3589,46.2113],[-119.3479,46.1882],[-119.3481,46.1394],[-119.3384,46.1348],[-119.3272,46.1345],[-119.327,46.1393],[-119.3178,46.1433],[-119.3061,46.1432],[-119.3064,46.132],[-119.3103,46.1289],[-119.3271,46.1288],[-119.3271,46.0852],[-119.3286,46.0706],[-119.2856,46.07],[-119.2811,46.0684],[-119.2774,46.0584],[-119.2578,46.0627],[-119.2233,46.0625],[-119.2217,46.0777],[-119.2232,46.0886],[-119.2202,46.0963],[-119.2024,46.1182],[-119.2011,46.1666],[-119.1632,46.1946]]]},"properties":{"ZCTA5CE10":"99338"}},{"type":"Feature","geometry":{"type":"Polygon","coordinates":[[[-120.5728,47.5459],[-120.5746,47.5574],[-120.5824,47.5571],[-120.5822,47.5315],[-120.5765,47.5308],[-120.5848,47.5234],[-120.5851,47.4811],[-120.5639,47.4812],[-120.5643,47.4386],[-120.5569,47.4385],[-120.557,47.4314],[-120.54,47.434],[-120.5235,47.4327],[-120.5231,47.4239],[-120.5088,47.4219],[-120.5098,47.4085],[-120.5009,47.395],[-120.5155,47.3821],[-120.5113,47.3623],[-120.5015,47.3569],[-120.4951,47.3445],[-120.4881,47.3417],[-120.4742,47.3215],[-120.4635,47.3089],[-120.4532,47.3051],[-120.4503,47.2956],[-120.4435,47.2971],[-120.4345,47.3064],[-120.4246,47.3054],[-120.4258,47.3154],[-120.4128,47.3239],[-120.4121,47.3297],[-120.3963,47.3296],[-120.4025,47.3409],[-120.4042,47.353],[-120.4146,47.361],[-120.4333,47.387],[-120.4533,47.3985],[-120.4543,47.4049],[-120.4456,47.4186],[-120.4372,47.4248],[-120.4398,47.4313],[-120.4332,47.4428],[-120.4251,47.4471],[-120.4362,47.4434],[-120.4371,47.4603],[-120.4458,47.462],[-120.4452,47.4708],[-120.4532,47.4793],[-120.4584,47.5001],[-120.4456,47.5021],[-120.463,47.5166],[-120.4486,47.5074],[-120.4222,47.4977],[-120.4223,47.4915],[-120.4112,47.4863],[-120.3974,47.4944],[-120.3741,47.4863],[-120.3721,47.5019],[-120.3735,47.5143],[-120.3799,47.5248],[-120.3527,47.5261],[-120.3582,47.5411],[-120.3731,47.5596],[-120.3747,47.5675],[-120.4168,47.5969],[-120.427,47.5998],[-120.4415,47.5996],[-120.4549,47.6055],[-120.4557,47.6202],[-120.4684,47.6296],[-120.4738,47.6266],[-120.4813,47.6305],[-120.4968,47.6214],[-120.5092,47.6185],[-120.5176,47.6105],[-120.5178,47.5665],[-120.5255,47.5485],[-120.532,47.5466],[-120.5502,47.564],[-120.5524,47.5786],[-120.5542,47.5724],[-120.5505,47.5594],[-120.5556,47.5476],[-120.5401,47.5353],[-120.5507,47.5353],[-120.5728,47.5459]]]},"properties":{"ZCTA5CE10":"98815"}},{"type":"Feature","geometry":{"type":"Polygon","coordinates":[[[-120.5176,47.6105],[-120.5376,47.6087],[-120.5423,47.6124],[-120.5895,47.6133],[-120.625,47.6131],[-120.625,47.6045],[-120.6115,47.6008],[-120.6115,47.5971],[-120.6251,47.5963],[-120.6202,47.5844],[-120.6108,47.5805],[-120.6121,47.5737],[-120.6196,47.5746],[-120.6201,47.5534],[-120.6474,47.5533],[-120.648,47.5241],[-120.6709,47.5243],[-120.6712,47.4691],[-120.6808,47.4694],[-120.6903,47.4742],[-120.7102,47.4714],[-120.7221,47.4719],[-120.7347,47.4672],[-120.7768,47.4676],[-120.7768,47.4617],[-120.9151,47.4616],[-120.9086,47.4551],[-120.9257,47.4497],[-120.9243,47.4334],[-120.9085,47.4251],[-120.8902,47.4272],[-120.8718,47.4154],[-120.8612,47.4206],[-120.8426,47.4116],[-120.8283,47.4235],[-120.8124,47.42],[-120.8023,47.4226],[-120.7937,47.4084],[-120.7831,47.3995],[-120.7685,47.3995],[-120.7512,47.3945],[-120.7331,47.3934],[-120.7262,47.3883],[-120.7266,47.3804],[-120.7187,47.3688],[-120.7006,47.3651],[-120.681,47.3497],[-120.6772,47.3514],[-120.6651,47.3433],[-120.6323,47.341],[-120.618,47.3452],[-120.6063,47.3392],[-120.5989,47.3406],[-120.578,47.3366],[-120.5768,47.3265],[-120.5709,47.3228],[-120.5689,47.3099],[-120.5599,47.3065],[-120.5475,47.3073],[-120.547,47.3119],[-120.5315,47.3153],[-120.5285,47.3163],[-120.5325,47.3296],[-120.5219,47.3317],[-120.5168,47.3211],[-120.5083,47.3175],[-120.4969,47.3173],[-120.4807,47.3048],[-120.4769,47.3072],[-120.4579,47.2986],[-120.4503,47.2956],[-120.4532,47.3051],[-120.4635,47.3089],[-120.4742,47.3215],[-120.4881,47.3417],[-120.4951,47.3445],[-120.5015,47.3569],[-120.5113,47.3623],[-120.5155,47.3821],[-120.5009,47.395],[-120.5098,47.4085],[-120.5088,47.4219],[-120.5231,47.4239],[-120.5235,47.4327],[-120.54,47.434],[-120.557,47.4314],[-120.5569,47.4385],[-120.5643,47.4386],[-120.5639,47.4812],[-120.5851,47.4811],[-120.5848,47.5234],[-120.5765,47.5308],[-120.5822,47.5315],[-120.5824,47.5571],[-120.5746,47.5574],[-120.5728,47.5459],[-120.5718,47.5641],[-120.5557,47.5676],[-120.5524,47.5786],[-120.5502,47.564],[-120.532,47.5466],[-120.5255,47.5485],[-120.5178,47.5665],[-120.5176,47.6105]]]},"properties":{"ZCTA5CE10":"98847"}},{"type":"Feature","geometry":{"type":"Polygon","coordinates":[[[-124.6229,48.2749],[-124.6226,48.2455],[-124.6136,48.2437],[-124.6061,48.2365],[-124.5929,48.2391],[-124.5835,48.2485],[-124.5693,48.2493],[-124.5685,48.2457],[-124.5491,48.2391],[-124.527,48.2429],[-124.503,48.2355],[-124.4932,48.2222],[-124.4489,48.2213],[-124.4429,48.2121],[-124.4312,48.2069],[-124.434,48.1996],[-124.4222,48.2021],[-124.4182,48.2106],[-124.4088,48.2185],[-124.4117,48.2239],[-124.3881,48.2398],[-124.3822,48.2411],[-124.3598,48.2569],[-124.3524,48.256],[-124.3465,48.2675],[-124.3233,48.2647],[-124.3174,48.2603],[-124.3014,48.2595],[-124.285,48.2467],[-124.2848,48.2412],[-124.2735,48.2366],[-124.2577,48.2354],[-124.2521,48.2493],[-124.2619,48.2472],[-124.2694,48.2391],[-124.272,48.2543],[-124.2943,48.2584],[-124.2998,48.2685],[-124.3368,48.2755],[-124.3588,48.2876],[-124.3763,48.2845],[-124.3956,48.2881],[-124.4059,48.2958],[-124.4228,48.304],[-124.4342,48.3065],[-124.4483,48.3168],[-124.4693,48.3239],[-124.4957,48.3375],[-124.526,48.3491],[-124.5407,48.3505],[-124.5476,48.3544],[-124.5519,48.3483],[-124.5586,48.3485],[-124.5575,48.275],[-124.6229,48.2749]]]},"properties":{"ZCTA5CE10":"98381"}},{"type":"Feature","geometry":{"type":"Polygon","coordinates":[[[-122.647,46.0225],[-122.6442,46.0157],[-122.6321,46.0155],[-122.6264,46.0118],[-122.5979,46.0067],[-122.5957,45.9966],[-122.5861,45.9966],[-122.5862,45.9818],[-122.5957,45.9762],[-122.5967,45.9673],[-122.6071,45.9674],[-122.6079,45.9604],[-122.5957,45.9586],[-122.5798,45.9596],[-122.5809,45.9563],[-122.5633,45.9524],[-122.5574,45.9538],[-122.5487,45.9643],[-122.5318,45.974],[-122.5345,45.9792],[-122.523,45.9841],[-122.5107,45.9849],[-122.5064,45.9803],[-122.497,45.9807],[-122.4984,45.9864],[-122.4896,45.9835],[-122.4771,45.9881],[-122.4464,45.9832],[-122.4422,45.9758],[-122.426,45.9774],[-122.4184,45.974],[-122.3985,45.9725],[-122.3898,45.9667],[-122.3859,45.9715],[-122.3743,45.968],[-122.3694,45.9766],[-122.359,45.9843],[-122.3556,45.9752],[-122.3499,45.9752],[-122.348,45.9671],[-122.3366,45.9676],[-122.3356,45.9631],[-122.3244,45.9761],[-122.3253,45.9827],[-122.3148,45.9908],[-122.325,45.9998],[-122.3289,46.0101],[-122.3192,46.0117],[-122.3137,46.017],[-122.3117,46.0288],[-122.3059,46.0296],[-122.2947,46.038],[-122.2944,46.0492],[-122.2834,46.0514],[-122.2765,46.0582],[-122.2621,46.0585],[-122.2845,46.0589],[-122.2873,46.0534],[-122.2987,46.054],[-122.2983,46.048],[-122.3066,46.0382],[-122.3118,46.0432],[-122.3159,46.0578],[-122.3033,46.0612],[-122.3071,46.073],[-122.2976,46.0704],[-122.2936,46.0588],[-122.2786,46.0632],[-122.2457,46.064],[-122.2458,46.1429],[-122.2603,46.1414],[-122.263,46.1379],[-122.2782,46.1386],[-122.2819,46.142],[-122.3127,46.1447],[-122.3249,46.1406],[-122.3277,46.1287],[-122.3451,46.1221],[-122.3589,46.1213],[-122.3579,46.1095],[-122.3692,46.1021],[-122.3918,46.1002],[-122.4089,46.0898],[-122.4182,46.0896],[-122.4377,46.0717],[-122.4517,46.0735],[-122.462,46.0702],[-122.475,46.0737],[-122.4859,46.0677],[-122.4965,46.0684],[-122.5071,46.0739],[-122.5151,46.067],[-122.5433,46.0547],[-122.5563,46.0578],[-122.5575,46.0497],[-122.5696,46.048],[-122.5719,46.0522],[-122.5912,46.0534],[-122.6003,46.0482],[-122.5858,46.0405],[-122.6136,46.0405],[-122.6204,46.029],[-122.6314,46.0237],[-122.647,46.0225]],[[-122.3289,46.0915],[-122.3324,46.1048],[-122.3253,46.1071],[-122.3209,46.0938],[-122.3174,46.0946],[-122.3141,46.0822],[-122.3176,46.0768],[-122.3233,46.0893],[-122.3289,46.0915]]]},"properties":{"ZCTA5CE10":"98603"}},{"type":"Feature","geometry":{"type":"Polygon","coordinates":[[[-120.0522,47.3915],[-120.059,47.4112],[-120.0482,47.4136],[-120.0486,47.4814],[-120.0451,47.4874],[-120.0347,47.4919],[-120.0486,47.5114],[-120.0501,47.5223],[-120.0616,47.5305],[-120.0527,47.5368],[-120.0356,47.5411],[-120.0253,47.5496],[-120.0271,47.5694],[-120.0325,47.5723],[-120.0324,47.5808],[-120.0485,47.5863],[-120.0484,47.6113],[-120.0697,47.6128],[-120.0698,47.6035],[-120.0826,47.6034],[-120.1005,47.593],[-120.108,47.5852],[-120.139,47.5842],[-120.1329,47.5927],[-120.1321,47.6065],[-120.1464,47.6082],[-120.1582,47.6048],[-120.1669,47.5974],[-120.1804,47.5907],[-120.188,47.5796],[-120.1971,47.5795],[-120.1867,47.5914],[-120.1856,47.5964],[-120.1935,47.6024],[-120.1926,47.6119],[-120.1817,47.6181],[-120.1693,47.6097],[-120.1669,47.6186],[-120.1751,47.6249],[-120.1612,47.6331],[-120.1327,47.6323],[-120.1457,47.6403],[-120.1396,47.6491],[-120.1307,47.6503],[-120.1153,47.6687],[-120.1316,47.668],[-120.1374,47.6589],[-120.148,47.6599],[-120.1549,47.6547],[-120.1551,47.6481],[-120.1687,47.6363],[-120.1801,47.6318],[-120.196,47.6325],[-120.2083,47.6266],[-120.2217,47.6271],[-120.2281,47.6225],[-120.2261,47.6058],[-120.2386,47.5791],[-120.2445,47.5791],[-120.2536,47.5726],[-120.2594,47.5585],[-120.2753,47.5518],[-120.2928,47.5382],[-120.3029,47.5201],[-120.3099,47.4906],[-120.3165,47.472],[-120.318,47.4569],[-120.3085,47.4323],[-120.302,47.4244],[-120.2932,47.4008],[-120.2865,47.3931],[-120.2481,47.381],[-120.2016,47.3765],[-120.1856,47.373],[-120.1923,47.3773],[-120.1759,47.376],[-120.1622,47.3834],[-120.133,47.3806],[-120.126,47.3766],[-120.1338,47.3913],[-120.1241,47.3904],[-120.1194,47.3825],[-120.0617,47.3457],[-120.0622,47.3602],[-120.067,47.3599],[-120.0702,47.3684],[-120.0564,47.3745],[-120.0511,47.3856],[-120.0522,47.3915]]]},"properties":{"ZCTA5CE10":"98802"}},{"type":"Feature","geometry":{"type":"Polygon","coordinates":[[[-119.4503,47.2573],[-119.4712,47.2744],[-119.4824,47.3216],[-119.476,47.3488],[-119.4766,47.3595],[-119.4915,47.3546],[-119.5329,47.354],[-119.533,47.3591],[-119.5224,47.369],[-119.5333,47.3689],[-119.5332,47.3743],[-119.5641,47.3847],[-119.5727,47.3952],[-119.5808,47.3961],[-119.5894,47.4046],[-119.5976,47.4047],[-119.5981,47.4411],[-119.5336,47.4413],[-119.5334,47.47],[-119.6838,47.4692],[-119.6841,47.5266],[-119.7053,47.5264],[-119.7055,47.57],[-119.7054,47.586],[-119.7205,47.5909],[-119.7362,47.6041],[-119.7484,47.6091],[-119.748,47.5697],[-119.7695,47.5695],[-119.7693,47.5549],[-119.7908,47.5546],[-119.7907,47.5401],[-119.8355,47.5396],[-119.8326,47.5359],[-119.8331,47.4957],[-119.8544,47.4954],[-119.8542,47.4809],[-119.8329,47.4812],[-119.8329,47.4667],[-119.7479,47.4683],[-119.7474,47.4392],[-119.7475,47.3082],[-119.6832,47.3088],[-119.6835,47.2649],[-119.6823,47.2529],[-119.693,47.2493],[-119.6929,47.2441],[-119.7134,47.2418],[-119.7146,47.2351],[-119.7253,47.2346],[-119.7252,47.2201],[-119.708,47.2202],[-119.7042,47.2056],[-119.725,47.2055],[-119.7256,47.1698],[-119.738,47.162],[-119.715,47.162],[-119.715,47.1328],[-119.6831,47.1331],[-119.6829,47.1042],[-119.7367,47.1035],[-119.6198,47.1038],[-119.5665,47.104],[-119.5662,47.133],[-119.5556,47.133],[-119.5555,47.1405],[-119.5341,47.1405],[-119.5337,47.1626],[-119.5122,47.1627],[-119.5131,47.1663],[-119.4951,47.1922],[-119.4906,47.1922],[-119.4908,47.1775],[-119.4616,47.1771],[-119.4742,47.1919],[-119.4294,47.1913],[-119.4313,47.2108],[-119.4279,47.2212],[-119.4309,47.229],[-119.4464,47.236],[-119.4575,47.2468],[-119.4503,47.2573]]]},"properties":{"ZCTA5CE10":"98823"}},{"type":"Feature","geometry":{"type":"Polygon","coordinates":[[[-119.8544,47.4954],[-119.9061,47.4952],[-119.9176,47.5098],[-119.9412,47.5097],[-119.9409,47.4952],[-119.9623,47.4951],[-119.9621,47.3922],[-120.0522,47.3915],[-120.0511,47.3856],[-120.0564,47.3745],[-120.0702,47.3684],[-120.067,47.3599],[-120.0622,47.3602],[-120.0617,47.3457],[-120.0047,47.3092],[-120.0048,47.3201],[-119.9831,47.3205],[-119.9831,47.3347],[-119.9617,47.335],[-119.9613,47.3489],[-119.9404,47.3495],[-119.9402,47.3644],[-119.9189,47.3645],[-119.9187,47.3935],[-119.8974,47.3935],[-119.8972,47.4081],[-119.876,47.4083],[-119.8758,47.4374],[-119.7474,47.4392],[-119.7479,47.4683],[-119.8329,47.4667],[-119.8329,47.4812],[-119.8542,47.4809],[-119.8544,47.4954]]]},"properties":{"ZCTA5CE10":"98845"}},{"type":"Feature","geometry":{"type":"Polygon","coordinates":[[[-123.506,47.3001],[-123.5171,47.2829],[-123.5172,47.2737],[-123.5079,47.2506],[-123.5116,47.2407],[-123.5131,47.221],[-123.5196,47.2173],[-123.5155,47.2127],[-123.5211,47.204],[-123.5157,47.2015],[-123.5203,47.1841],[-123.5105,47.1805],[-123.5129,47.1672],[-123.5099,47.1586],[-123.5027,47.158],[-123.4899,47.1385],[-123.4991,47.1257],[-123.511,47.1178],[-123.5011,47.0976],[-123.4834,47.0824],[-123.4776,47.0694],[-123.4989,47.0609],[-123.5019,47.055],[-123.51,47.0555],[-123.5137,47.0426],[-123.5266,47.0363],[-123.5187,47.0241],[-123.5105,47.027],[-123.5078,47.0132],[-123.4991,47.0119],[-123.495,47.0013],[-123.4816,47.0027],[-123.4816,46.9993],[-123.4932,46.9996],[-123.4848,46.9945],[-123.4918,46.9849],[-123.483,46.978],[-123.4972,46.9692],[-123.5298,46.9621],[-123.5117,46.9641],[-123.5122,46.9521],[-123.5018,46.9521],[-123.5039,46.9412],[-123.5203,46.9399],[-123.5136,46.9209],[-123.5009,46.9134],[-123.4992,46.9088],[-123.4911,46.9102],[-123.4751,46.9033],[-123.4685,46.9041],[-123.458,46.8979],[-123.4546,46.9026],[-123.4592,46.914],[-123.4269,46.9316],[-123.413,46.9313],[-123.3973,46.9388],[-123.3903,46.9395],[-123.3794,46.9338],[-123.3728,46.9347],[-123.3576,46.9437],[-123.3436,46.943],[-123.3421,46.9395],[-123.312,46.9393],[-123.3043,46.9266],[-123.2888,46.9289],[-123.2789,46.9254],[-123.2734,46.9175],[-123.2654,46.9244],[-123.2424,46.9247],[-123.2423,46.9388],[-123.2211,46.9395],[-123.1593,46.939],[-123.1584,46.9962],[-123.2012,46.9969],[-123.2,47.0148],[-123.219,47.0125],[-123.2642,46.9998],[-123.3069,46.9887],[-123.3286,46.9881],[-123.3289,46.9985],[-123.3109,47.0087],[-123.3118,47.0119],[-123.328,47.0073],[-123.3291,47.0403],[-123.3292,47.084],[-123.2762,47.0848],[-123.2763,47.092],[-123.2656,47.0922],[-123.2657,47.0991],[-123.3281,47.0984],[-123.3278,47.1257],[-123.317,47.1328],[-123.309,47.129],[-123.3026,47.1322],[-123.2954,47.1425],[-123.2984,47.1508],[-123.2899,47.1634],[-123.2998,47.1622],[-123.3079,47.1568],[-123.3074,47.1699],[-123.3932,47.1696],[-123.3933,47.1779],[-123.3879,47.1941],[-123.3903,47.1986],[-123.3919,47.2262],[-123.3858,47.2317],[-123.3926,47.2361],[-123.4079,47.2381],[-123.422,47.2276],[-123.4486,47.2278],[-123.4485,47.2591],[-123.447,47.2648],[-123.472,47.2637],[-123.4799,47.257],[-123.506,47.2579],[-123.506,47.3001]],[[-123.3274,46.9587],[-123.3256,46.9578],[-123.3276,46.9574],[-123.3274,46.9587]]]},"properties":{"ZCTA5CE10":"98541"}},{"type":"Feature","geometry":{"type":"Polygon","coordinates":[[[-123.1593,46.939],[-123.2211,46.9395],[-123.2423,46.9388],[-123.2424,46.9247],[-123.2654,46.9244],[-123.2734,46.9175],[-123.2789,46.9254],[-123.2888,46.9289],[-123.3043,46.9266],[-123.312,46.9393],[-123.3421,46.9395],[-123.3436,46.943],[-123.3576,46.9437],[-123.3728,46.9347],[-123.3794,46.9338],[-123.3903,46.9395],[-123.3973,46.9388],[-123.413,46.9313],[-123.4269,46.9316],[-123.4592,46.914],[-123.4546,46.9026],[-123.458,46.8979],[-123.4404,46.8862],[-123.445,46.8805],[-123.4367,46.8784],[-123.4376,46.8736],[-123.4506,46.8633],[-123.4524,46.8536],[-123.4657,46.8519],[-123.4836,46.8463],[-123.4829,46.7932],[-123.3763,46.7917],[-123.3708,46.7924],[-123.3704,46.756],[-123.3719,46.7354],[-123.3697,46.7348],[-123.3305,46.7363],[-123.3302,46.75],[-123.2907,46.751],[-123.2941,46.7602],[-123.3082,46.7658],[-123.3081,46.7932],[-123.2513,46.7928],[-123.2028,46.7944],[-123.1606,46.7934],[-123.1608,46.8473],[-123.1593,46.939]]]},"properties":{"ZCTA5CE10":"98568"}},{"type":"Feature","geometry":{"type":"Polygon","coordinates":[[[-124.1942,47.2368],[-124.1946,47.2328],[-124.1838,47.2172],[-124.1882,47.2072],[-124.1622,47.1969],[-124.1527,47.1974],[-124.1291,47.1918],[-124.1183,47.185],[-124.1145,47.1774],[-124.127,47.1726],[-124.1958,47.1729],[-124.19,47.1474],[-124.1823,47.1374],[-124.1735,47.115],[-124.1561,47.1224],[-124.1506,47.1204],[-124.1376,47.1239],[-124.1175,47.1326],[-124.0962,47.1368],[-124.0898,47.1429],[-124.0669,47.1429],[-124.067,47.1405],[-124.0506,47.1388],[-124.0458,47.133],[-124.0448,47.1726],[-124.0238,47.1727],[-124.019,47.2009],[-124.0217,47.2132],[-124.0124,47.2254],[-124.0214,47.2321],[-124.0164,47.2343],[-124.0136,47.2437],[-124.0234,47.248],[-124.0165,47.258],[-124.0313,47.2638],[-124.0335,47.2859],[-124.0597,47.2857],[-124.0829,47.2743],[-124.1148,47.2452],[-124.1642,47.2443],[-124.179,47.2449],[-124.1942,47.2368]]]},"properties":{"ZCTA5CE10":"98536"}},{"type":"Feature","geometry":{"type":"Polygon","coordinates":[[[-122.6046,48.0564],[-122.5934,48.06],[-122.5762,48.0429],[-122.5758,48.0362],[-122.5643,48.0364],[-122.5667,48.0564],[-122.561,48.0563],[-122.5611,48.0437],[-122.5487,48.0436],[-122.5417,48.0383],[-122.5307,48.0368],[-122.5335,48.0542],[-122.5444,48.0822],[-122.5553,48.0978],[-122.5562,48.1035],[-122.5466,48.1207],[-122.5558,48.1362],[-122.5536,48.1456],[-122.5666,48.1548],[-122.5815,48.1515],[-122.5833,48.1375],[-122.5754,48.1229],[-122.5877,48.121],[-122.5812,48.1091],[-122.6099,48.1091],[-122.6099,48.1053],[-122.6235,48.0822],[-122.6244,48.0704],[-122.6046,48.0564]]]},"properties":{"ZCTA5CE10":"98253"}},{"type":"Feature","geometry":{"type":"Polygon","coordinates":[[[-122.2381,47.5213],[-122.2523,47.5116],[-122.2786,47.5121],[-122.2837,47.5101],[-122.2778,47.5013],[-122.2801,47.4902],[-122.2661,47.4888],[-122.2516,47.4748],[-122.2509,47.4749],[-122.2456,47.4821],[-122.2327,47.4797],[-122.22,47.4934],[-122.2166,47.5013],[-122.2254,47.5214],[-122.2381,47.5213]]]},"properties":{"ZCTA5CE10":"98178"}},{"type":"Feature","geometry":{"type":"Polygon","coordinates":[[[-122.2166,47.5013],[-122.22,47.4934],[-122.2327,47.4797],[-122.2456,47.4821],[-122.2509,47.4749],[-122.2412,47.4653],[-122.2414,47.4412],[-122.2175,47.4412],[-122.2153,47.4519],[-122.2179,47.4679],[-122.1989,47.4695],[-122.1852,47.4741],[-122.1805,47.4774],[-122.1966,47.4841],[-122.1922,47.4936],[-122.1969,47.5027],[-122.2075,47.4956],[-122.2106,47.4868],[-122.2166,47.5013]]]},"properties":{"ZCTA5CE10":"98057"}},{"type":"Feature","geometry":{"type":"Polygon","coordinates":[[[-122.3375,47.5173],[-122.3397,47.5138],[-122.3672,47.5139],[-122.3819,47.5138],[-122.3998,47.5124],[-122.3893,47.499],[-122.3757,47.4912],[-122.3667,47.4811],[-122.3338,47.4813],[-122.334,47.5139],[-122.3375,47.5173]]]},"properties":{"ZCTA5CE10":"98146"}},{"type":"Feature","geometry":{"type":"Polygon","coordinates":[[[-122.3293,47.7014],[-122.2723,47.7012],[-122.2714,47.6973],[-122.2541,47.6978],[-122.2671,47.7188],[-122.2698,47.7335],[-122.3289,47.7341],[-122.3293,47.7014]]]},"properties":{"ZCTA5CE10":"98125"}},{"type":"Feature","geometry":{"type":"Polygon","coordinates":[[[-122.3339,47.4687],[-122.3339,47.4573],[-122.3393,47.4561],[-122.3339,47.4497],[-122.3352,47.4233],[-122.308,47.4228],[-122.305,47.4346],[-122.3223,47.4389],[-122.3184,47.4454],[-122.3183,47.4633],[-122.3128,47.4657],[-122.3124,47.4701],[-122.3339,47.4687]]]},"properties":{"ZCTA5CE10":"98148"}},{"type":"Feature","geometry":{"type":"Polygon","coordinates":[[[-122.1866,47.4231],[-122.218,47.423],[-122.2203,47.4302],[-122.228,47.4322],[-122.2279,47.4133],[-122.2207,47.4155],[-122.2212,47.404],[-122.228,47.3984],[-122.2311,47.3867],[-122.1814,47.3869],[-122.1814,47.3797],[-122.1708,47.3797],[-122.1654,47.385],[-122.1652,47.4159],[-122.1615,47.4193],[-122.17,47.4252],[-122.1866,47.4231]]]},"properties":{"ZCTA5CE10":"98031"}},{"type":"Feature","geometry":{"type":"Polygon","coordinates":[[[-122.2967,47.3578],[-122.2901,47.3554],[-122.2737,47.356],[-122.2645,47.3537],[-122.2324,47.3537],[-122.2292,47.3538],[-122.23,47.3701],[-122.2268,47.3718],[-122.2311,47.3867],[-122.228,47.3984],[-122.2212,47.404],[-122.2207,47.4155],[-122.2279,47.4133],[-122.228,47.4322],[-122.2203,47.4302],[-122.2175,47.4412],[-122.2414,47.4412],[-122.2485,47.4334],[-122.2625,47.4342],[-122.2664,47.4234],[-122.2773,47.423],[-122.2727,47.4307],[-122.2844,47.4228],[-122.2812,47.4085],[-122.2866,47.4082],[-122.3005,47.3795],[-122.3006,47.3746],[-122.3094,47.3579],[-122.2967,47.3578]]]},"properties":{"ZCTA5CE10":"98032"}},{"type":"Feature","geometry":{"type":"Polygon","coordinates":[[[-122.3587,47.7778],[-122.3584,47.7514],[-122.3644,47.756],[-122.3707,47.7509],[-122.3556,47.7414],[-122.3583,47.7323],[-122.3581,47.7015],[-122.33,47.7014],[-122.3293,47.7014],[-122.3289,47.7341],[-122.3299,47.7776],[-122.3562,47.7778],[-122.3587,47.7778]]]},"properties":{"ZCTA5CE10":"98133"}},{"type":"Feature","geometry":{"type":"Polygon","coordinates":[[[-122.1866,47.4231],[-122.1852,47.4741],[-122.1989,47.4695],[-122.2179,47.4679],[-122.2153,47.4519],[-122.2175,47.4412],[-122.2203,47.4302],[-122.218,47.423],[-122.1866,47.4231]]]},"properties":{"ZCTA5CE10":"98055"}},{"type":"Feature","geometry":{"type":"Polygon","coordinates":[[[-122.3343,47.6185],[-122.3448,47.6091],[-122.3513,47.609],[-122.3454,47.6032],[-122.3347,47.6063],[-122.3336,47.6068],[-122.3231,47.6122],[-122.3279,47.6185],[-122.3283,47.6185],[-122.3343,47.6185]]]},"properties":{"ZCTA5CE10":"98101"}},{"type":"Feature","geometry":{"type":"Polygon","coordinates":[[[-121.843,47.6161],[-121.8594,47.6139],[-121.8725,47.6018],[-121.9068,47.6009],[-121.9054,47.5915],[-121.9137,47.5886],[-121.9139,47.6048],[-121.9283,47.598],[-121.9283,47.6072],[-121.9425,47.6097],[-121.9442,47.6154],[-121.9529,47.6098],[-121.9639,47.6011],[-121.9619,47.5946],[-121.9707,47.5946],[-121.9735,47.5844],[-121.9711,47.5802],[-121.9717,47.5584],[-121.9591,47.5583],[-121.9315,47.5579],[-121.9316,47.5544],[-121.9196,47.5543],[-121.918,47.5434],[-121.9088,47.5434],[-121.918,47.5303],[-121.9087,47.5295],[-121.8818,47.5289],[-121.8819,47.5364],[-121.8907,47.5364],[-121.8937,47.5436],[-121.8874,47.5473],[-121.8655,47.5471],[-121.8515,47.5445],[-121.8447,47.5379],[-121.8376,47.5407],[-121.8429,47.5471],[-121.8287,47.5486],[-121.8332,47.5544],[-121.8435,47.555],[-121.843,47.6161]]]},"properties":{"ZCTA5CE10":"98024"}},{"type":"Feature","geometry":{"type":"Polygon","coordinates":[[[-123.0229,47.5203],[-122.9938,47.5202],[-122.9507,47.5225],[-122.8648,47.5215],[-122.8651,47.5338],[-122.871,47.5416],[-122.854,47.546],[-122.8445,47.5512],[-122.8549,47.561],[-122.8447,47.5764],[-122.8427,47.5919],[-122.8523,47.5933],[-122.8446,47.6003],[-122.8375,47.6283],[-122.8341,47.6343],[-122.7989,47.6358],[-122.799,47.6286],[-122.7917,47.6286],[-122.7798,47.655],[-122.776,47.6581],[-122.7825,47.6621],[-122.8044,47.6568],[-122.8235,47.6466],[-122.8284,47.6592],[-122.8556,47.6516],[-122.8624,47.6417],[-122.8896,47.6336],[-122.8981,47.6294],[-122.9182,47.6258],[-122.9239,47.6177],[-122.9212,47.6096],[-122.9257,47.601],[-122.9465,47.59],[-122.9668,47.5888],[-122.9801,47.5628],[-122.9872,47.561],[-123.0102,47.5356],[-123.02,47.532],[-123.0275,47.5202],[-123.0229,47.5203]]]},"properties":{"ZCTA5CE10":"98380"}},{"type":"Feature","geometry":{"type":"Polygon","coordinates":[[[-122.5487,47.7257],[-122.5658,47.7124],[-122.574,47.7023],[-122.58,47.6852],[-122.5971,47.6747],[-122.6034,47.6679],[-122.5984,47.6529],[-122.5851,47.637],[-122.5868,47.6078],[-122.5851,47.5985],[-122.5796,47.5917],[-122.5704,47.5879],[-122.5504,47.5908],[-122.5439,47.5858],[-122.5384,47.5901],[-122.5287,47.5741],[-122.5215,47.5704],[-122.5048,47.5705],[-122.482,47.5784],[-122.4746,47.5834],[-122.4766,47.588],[-122.4952,47.5937],[-122.4935,47.6077],[-122.4956,47.6179],[-122.4879,47.6174],[-122.4901,47.6264],[-122.4865,47.6368],[-122.5025,47.6446],[-122.5098,47.6524],[-122.4961,47.6579],[-122.4955,47.6654],[-122.5011,47.6676],[-122.5003,47.6996],[-122.5077,47.7115],[-122.5241,47.7119],[-122.5289,47.7091],[-122.5382,47.7122],[-122.5415,47.7214],[-122.5487,47.7257]]]},"properties":{"ZCTA5CE10":"98110"}},{"type":"Feature","geometry":{"type":"Polygon","coordinates":[[[-122.6925,47.7012],[-122.6943,47.7031],[-122.6941,47.734],[-122.692,47.734],[-122.6918,47.7664],[-122.71,47.7738],[-122.7222,47.7654],[-122.7259,47.7518],[-122.7375,47.7461],[-122.7476,47.7325],[-122.7532,47.721],[-122.7407,47.7193],[-122.7431,47.7132],[-122.7374,47.7035],[-122.7352,47.691],[-122.7245,47.6811],[-122.7245,47.6771],[-122.7033,47.6795],[-122.7028,47.6918],[-122.6924,47.6956],[-122.6925,47.7012]]]},"properties":{"ZCTA5CE10":"98315"}},{"type":"Feature","geometry":{"type":"Polygon","coordinates":[[[-120.4816,46.8688],[-120.4952,46.8753],[-120.4757,46.8783],[-120.482,46.8851],[-120.4944,46.8849],[-120.5051,46.8976],[-120.4484,46.8977],[-120.4292,46.8884],[-120.4193,46.8726],[-120.3971,46.862],[-120.3899,46.85],[-120.3765,46.8442],[-120.3666,46.8308],[-120.3039,46.8564],[-120.2887,46.8555],[-120.2845,46.8641],[-120.2747,46.8681],[-120.2564,46.8682],[-120.254,46.8725],[-120.2342,46.878],[-120.2146,46.8729],[-120.1947,46.8745],[-120.1736,46.887],[-120.1745,46.8919],[-120.1949,46.8983],[-120.1983,46.9016],[-120.2293,46.9089],[-120.2402,46.9184],[-120.246,46.9287],[-120.253,46.9319],[-120.2605,46.9433],[-120.2683,46.9483],[-120.2549,46.9495],[-120.2391,46.9441],[-120.2111,46.9421],[-120.1971,46.9445],[-120.1806,46.9428],[-120.1504,46.9437],[-120.1294,46.9384],[-120.1104,46.9434],[-120.0932,46.9449],[-120.0801,46.9407],[-120.0489,46.9375],[-120.0488,46.9418],[-120.0488,46.9564],[-120.0277,46.9567],[-120.0275,46.9857],[-120.0063,46.9854],[-120.0071,46.9988],[-120.0021,46.9973],[-120.0019,47.0102],[-120.0058,47.0163],[-120.0073,47.0337],[-120.0169,47.0435],[-120.2288,47.045],[-120.2373,47.0524],[-120.2377,47.0618],[-120.231,47.0659],[-120.2268,47.0773],[-120.2306,47.0913],[-120.2249,47.0956],[-120.2268,47.1013],[-120.2446,47.1045],[-120.2502,47.11],[-120.2438,47.1288],[-120.2556,47.1331],[-120.2538,47.1386],[-120.2592,47.1486],[-120.2702,47.1596],[-120.2877,47.1605],[-120.3144,47.1475],[-120.3346,47.1468],[-120.3476,47.1333],[-120.3416,47.1341],[-120.3548,47.1245],[-120.3638,47.1262],[-120.3966,47.1224],[-120.3973,47.1137],[-120.4018,47.1218],[-120.469,47.1207],[-120.4971,47.1304],[-120.514,47.1758],[-120.5408,47.1763],[-120.5512,47.1825],[-120.5538,47.1898],[-120.5674,47.1955],[-120.5696,47.2075],[-120.5784,47.2178],[-120.5762,47.2258],[-120.5703,47.2289],[-120.574,47.2314],[-120.5879,47.2268],[-120.6068,47.2308],[-120.6247,47.229],[-120.6544,47.221],[-120.6739,47.2263],[-120.6826,47.2254],[-120.6881,47.23],[-120.6879,47.1707],[-120.6965,47.1737],[-120.7054,47.1643],[-120.6936,47.1464],[-120.7079,47.1465],[-120.7166,47.1386],[-120.7299,47.1413],[-120.7299,47.1253],[-120.7381,47.1235],[-120.7267,47.1238],[-120.7286,47.1141],[-120.7192,47.1136],[-120.719,47.1031],[-120.6993,47.1018],[-120.6892,47.0954],[-120.6902,47.0883],[-120.6847,47.0812],[-120.6772,47.0814],[-120.6611,47.073],[-120.6535,47.0648],[-120.6505,47.054],[-120.6388,47.0441],[-120.6663,47.0545],[-120.6658,47.0433],[-120.6921,47.0433],[-120.7086,47.0398],[-120.7088,47.0509],[-120.7167,47.0506],[-120.7421,47.0781],[-120.757,47.0741],[-120.7726,47.0653],[-120.7775,47.0557],[-120.7986,47.0589],[-120.8083,47.0526],[-120.8103,47.0391],[-120.8043,47.0252],[-120.8097,47.0207],[-120.8049,47.0156],[-120.8015,47.0032],[-120.8154,47.0082],[-120.8232,47.0033],[-120.8302,47.0043],[-120.849,47.0197],[-120.8563,47.0194],[-120.851,47.0122],[-120.8516,46.9968],[-120.8454,46.9914],[-120.8653,46.9875],[-120.8606,46.9839],[-120.8734,46.9837],[-120.8908,46.98],[-120.8798,46.9698],[-120.8642,46.9703],[-120.8606,46.9673],[-120.8453,46.9683],[-120.8435,46.9636],[-120.8535,46.9663],[-120.8541,46.9576],[-120.8446,46.9521],[-120.8396,46.9447],[-120.8412,46.9349],[-120.823,46.9258],[-120.8101,46.9111],[-120.6349,46.912],[-120.6334,46.9043],[-120.6336,46.8693],[-120.4816,46.8688]],[[-120.4194,46.9811],[-120.4288,46.9839],[-120.4253,46.9934],[-120.4125,46.9861],[-120.4116,46.9813],[-120.4017,46.9796],[-120.4018,46.9718],[-120.4134,46.9716],[-120.4133,46.9784],[-120.4194,46.9811]]]},"properties":{"ZCTA5CE10":"98926"}},{"type":"Feature","geometry":{"type":"Polygon","coordinates":[[[-120.9494,47.1921],[-120.9776,47.1836],[-120.9742,47.1784],[-120.9494,47.1844],[-120.9422,47.1843],[-120.9494,47.1921]]]},"properties":{"ZCTA5CE10":"98943"}},{"type":"Feature","geometry":{"type":"Polygon","coordinates":[[[-120.0488,46.9418],[-120.0276,46.9418],[-120.0276,46.9128],[-120.023,46.9128],[-120.0233,46.8477],[-119.9813,46.8474],[-119.9813,46.8401],[-119.9622,46.8401],[-119.9453,46.8195],[-119.9408,46.8045],[-119.9622,46.7738],[-119.9536,46.7712],[-119.97,46.7612],[-119.9749,46.7522],[-119.978,46.7371],[-119.973,46.7372],[-119.97,46.755],[-119.9431,46.7747],[-119.9274,46.7984],[-119.9275,46.8171],[-119.944,46.8355],[-119.9627,46.8541],[-119.965,46.8636],[-119.9658,46.8893],[-119.9632,46.9188],[-119.9662,46.9438],[-119.9866,46.9718],[-120.0021,46.9973],[-120.0071,46.9988],[-120.0063,46.9854],[-120.0275,46.9857],[-120.0277,46.9567],[-120.0488,46.9564],[-120.0488,46.9418]]]},"properties":{"ZCTA5CE10":"98950"}},{"type":"Feature","geometry":{"type":"Polygon","coordinates":[[[-122.9139,46.5835],[-122.905,46.5725],[-122.8926,46.5726],[-122.8926,46.5835],[-122.9139,46.5835]]]},"properties":{"ZCTA5CE10":"98565"}},{"type":"Feature","geometry":{"type":"Polygon","coordinates":[[[-122.6477,46.7627],[-122.6477,46.7583],[-122.6383,46.7542],[-122.647,46.7412],[-122.6294,46.7277],[-122.6276,46.7188],[-122.6169,46.7199],[-122.6171,46.7159],[-122.6338,46.7045],[-122.631,46.6996],[-122.6367,46.6932],[-122.648,46.6911],[-122.664,46.6844],[-122.6691,46.679],[-122.6601,46.6721],[-122.6533,46.6721],[-122.6509,46.6608],[-122.6557,46.665],[-122.6757,46.6677],[-122.6641,46.6621],[-122.6894,46.6451],[-122.6668,46.6426],[-122.6644,46.637],[-122.6767,46.6293],[-122.6777,46.6155],[-122.6936,46.621],[-122.7123,46.6236],[-122.7235,46.6282],[-122.7381,46.6265],[-122.7611,46.6264],[-122.7612,46.6047],[-122.8192,46.6051],[-122.8138,46.5916],[-122.8138,46.5771],[-122.8061,46.5771],[-122.8061,46.5839],[-122.7845,46.5839],[-122.7845,46.5798],[-122.7518,46.5814],[-122.7518,46.5838],[-122.7346,46.5838],[-122.7352,46.5764],[-122.7411,46.5712],[-122.7603,46.5709],[-122.7684,46.5744],[-122.7881,46.5739],[-122.7987,46.5758],[-122.8033,46.5688],[-122.8178,46.5655],[-122.7994,46.5571],[-122.7792,46.5572],[-122.7812,46.5467],[-122.7383,46.5467],[-122.7379,46.5371],[-122.7233,46.5375],[-122.7233,46.5321],[-122.7405,46.5322],[-122.7405,46.5183],[-122.7406,46.4871],[-122.7254,46.4925],[-122.7065,46.4898],[-122.7097,46.5072],[-122.7025,46.5118],[-122.72,46.53],[-122.7158,46.5408],[-122.706,46.5389],[-122.6669,46.5387],[-122.6658,46.532],[-122.6469,46.5319],[-122.6467,46.5394],[-122.6466,46.5429],[-122.6339,46.543],[-122.6272,46.5392],[-122.6257,46.5466],[-122.6256,46.5538],[-122.6063,46.554],[-122.6051,46.561],[-122.5943,46.561],[-122.5941,46.5754],[-122.5896,46.5854],[-122.5691,46.5915],[-122.5699,46.5998],[-122.553,46.5904],[-122.5402,46.605],[-122.5545,46.6061],[-122.5573,46.6162],[-122.5694,46.6167],[-122.5693,46.6252],[-122.5741,46.6274],[-122.5665,46.6402],[-122.5778,46.6447],[-122.5571,46.6506],[-122.5537,46.6573],[-122.5353,46.664],[-122.524,46.6627],[-122.545,46.6688],[-122.5364,46.6781],[-122.52,46.6822],[-122.526,46.6894],[-122.5251,46.7011],[-122.4994,46.7092],[-122.49,46.7156],[-122.4843,46.7316],[-122.4921,46.745],[-122.4901,46.7548],[-122.4811,46.7631],[-122.5095,46.7627],[-122.5497,46.7634],[-122.6158,46.762],[-122.635,46.7626],[-122.6477,46.7627]]]},"properties":{"ZCTA5CE10":"98570"}},{"type":"Feature","geometry":{"type":"Polygon","coordinates":[[[-118.5332,47.8755],[-118.5295,47.8703],[-118.5077,47.8694],[-118.4903,47.8718],[-118.484,47.8685],[-118.4837,47.8225],[-118.4621,47.8261],[-118.4584,47.8291],[-118.4415,47.8247],[-118.4334,47.8284],[-118.425,47.8239],[-118.4192,47.8142],[-118.4195,47.8047],[-118.4075,47.8055],[-118.398,47.8104],[-118.3774,47.8131],[-118.3417,47.8151],[-118.3556,47.8163],[-118.3661,47.8207],[-118.3804,47.8311],[-118.3927,47.8307],[-118.4188,47.8357],[-118.4458,47.8455],[-118.4562,47.8545],[-118.457,47.8749],[-118.4658,47.8822],[-118.4757,47.8772],[-118.5011,47.8738],[-118.5332,47.8755]]]},"properties":{"ZCTA5CE10":"99147"}},{"type":"Feature","geometry":{"type":"Polygon","coordinates":[[[-122.8044,47.3357],[-122.8138,47.3342],[-122.8525,47.335],[-122.8589,47.3404],[-122.8684,47.3246],[-122.8848,47.3172],[-122.8923,47.326],[-122.9082,47.3189],[-122.9082,47.3321],[-122.9189,47.3301],[-122.9197,47.3391],[-122.9279,47.3431],[-122.9047,47.3604],[-122.8998,47.3723],[-122.9941,47.347],[-122.994,47.3226],[-122.9877,47.3081],[-123.0179,47.2991],[-123.0218,47.294],[-123.0446,47.2793],[-123.0264,47.2763],[-123.0331,47.2728],[-123.0155,47.2728],[-123.0154,47.28],[-123.0013,47.2884],[-122.9574,47.2869],[-122.9599,47.2822],[-122.9443,47.287],[-122.9275,47.2802],[-122.91,47.2897],[-122.91,47.2857],[-122.8882,47.2903],[-122.8649,47.2998],[-122.8629,47.3067],[-122.8148,47.3068],[-122.8045,47.3274],[-122.8044,47.3357]]]},"properties":{"ZCTA5CE10":"98546"}},{"type":"Feature","geometry":{"type":"Polygon","coordinates":[[[-119.7048,48.6134],[-119.6906,48.6137],[-119.6907,48.5982],[-119.6689,48.5979],[-119.6687,48.5835],[-119.6472,48.5835],[-119.6474,48.5691],[-119.6228,48.5694],[-119.6205,48.5589],[-119.6118,48.5585],[-119.612,48.5637],[-119.6038,48.569],[-119.545,48.569],[-119.4939,48.5696],[-119.495,48.5832],[-119.458,48.5824],[-119.4581,48.6257],[-119.4444,48.6208],[-119.4289,48.6202],[-119.4183,48.6256],[-119.4182,48.6315],[-119.405,48.6269],[-119.3819,48.6261],[-119.3597,48.6072],[-119.3365,48.6078],[-119.3299,48.617],[-119.3147,48.6013],[-119.2857,48.6131],[-119.2729,48.6014],[-119.2709,48.5915],[-119.2459,48.6126],[-119.2375,48.6094],[-119.2358,48.6032],[-119.2395,48.5904],[-119.2503,48.5809],[-119.2408,48.5687],[-119.196,48.5687],[-119.1964,48.4822],[-119.0263,48.4824],[-119.0011,48.4828],[-118.8762,48.4816],[-118.8695,48.4819],[-118.8699,48.5683],[-118.8695,48.6408],[-118.8809,48.6406],[-118.8809,48.6537],[-118.8959,48.6537],[-118.9789,48.6537],[-118.9767,48.6662],[-118.9807,48.671],[-118.9795,48.697],[-118.9903,48.697],[-118.9956,48.7081],[-119.0119,48.7267],[-119.0185,48.7238],[-119.0329,48.7241],[-119.0368,48.7429],[-119.0318,48.7962],[-119.0268,48.7999],[-119.0203,48.7961],[-119.0177,48.8033],[-119.0252,48.8093],[-119.04,48.8071],[-119.0141,48.8172],[-119.0048,48.8275],[-119.0423,48.8282],[-119.0501,48.8468],[-119.0494,48.8527],[-119.0619,48.8495],[-119.0603,48.8421],[-119.1653,48.8422],[-119.1671,48.8566],[-119.2322,48.8569],[-119.2322,48.8579],[-119.3072,48.8581],[-119.326,48.8545],[-119.3359,48.8499],[-119.3454,48.8413],[-119.3396,48.8303],[-119.3373,48.8339],[-119.3245,48.8295],[-119.31,48.8282],[-119.3115,48.8235],[-119.3037,48.8141],[-119.3202,48.8046],[-119.3193,48.7854],[-119.3969,48.7853],[-119.3995,48.794],[-119.4127,48.7936],[-119.4148,48.8067],[-119.4211,48.8214],[-119.4289,48.8224],[-119.433,48.8287],[-119.5573,48.8283],[-119.5597,48.8313],[-119.5678,48.8388],[-119.5874,48.8425],[-119.5895,48.8328],[-119.5946,48.8304],[-119.6205,48.835],[-119.6234,48.8259],[-119.638,48.829],[-119.6249,48.8208],[-119.6391,48.8153],[-119.6369,48.8096],[-119.6464,48.7993],[-119.6459,48.7886],[-119.6525,48.7631],[-119.663,48.7452],[-119.672,48.7365],[-119.6667,48.7301],[-119.6824,48.713],[-119.688,48.6998],[-119.688,48.6848],[-119.6836,48.678],[-119.696,48.6597],[-119.6972,48.6439],[-119.7057,48.622],[-119.7048,48.6134]]]},"properties":{"ZCTA5CE10":"98855"}},{"type":"Feature","geometry":{"type":"Polygon","coordinates":[[[-118.9567,47.9957],[-118.9511,47.9957],[-118.9475,48.0044],[-118.958,47.9995],[-118.9567,47.9957]]]},"properties":{"ZCTA5CE10":"99124"}},{"type":"Feature","geometry":{"type":"Polygon","coordinates":[[[-124.0679,46.3388],[-124.0587,46.3386],[-124.0599,46.3303],[-124.0444,46.3322],[-124.0471,46.3259],[-124.0416,46.3312],[-124.0313,46.3312],[-124.0314,46.342],[-124.0378,46.3421],[-124.0229,46.3482],[-124.0117,46.3574],[-124.0013,46.3567],[-123.9952,46.3624],[-124.0007,46.3735],[-123.9738,46.3789],[-123.9735,46.3932],[-123.9794,46.3987],[-123.9971,46.4365],[-124.0061,46.4585],[-124.028,46.4595],[-124.0266,46.4475],[-124.034,46.4453],[-124.0566,46.4465],[-124.0562,46.4648],[-124.0603,46.4649],[-124.0604,46.4342],[-124.0632,46.3827],[-124.0679,46.3388]]]},"properties":{"ZCTA5CE10":"98631"}},{"type":"Feature","geometry":{"type":"Polygon","coordinates":[[[-117.5021,48.2091],[-117.4859,48.2216],[-117.4651,48.2252],[-117.4636,48.23],[-117.4452,48.2387],[-117.4272,48.2525],[-117.4209,48.2604],[-117.4174,48.2577],[-117.3873,48.2547],[-117.3776,48.2443],[-117.3727,48.2447],[-117.3515,48.2337],[-117.3478,48.241],[-117.3178,48.2145],[-117.3019,48.1979],[-117.2934,48.2014],[-117.2902,48.2104],[-117.2636,48.2104],[-117.2635,48.2142],[-117.252,48.214],[-117.2517,48.2486],[-117.2412,48.2498],[-117.2328,48.2449],[-117.2516,48.2751],[-117.2556,48.2957],[-117.2509,48.2958],[-117.2455,48.2853],[-117.2323,48.2693],[-117.2272,48.2708],[-117.2298,48.2888],[-117.2271,48.2958],[-117.198,48.2961],[-117.1984,48.3098],[-117.1748,48.3099],[-117.1762,48.3779],[-117.1755,48.3974],[-117.1808,48.4007],[-117.1887,48.3968],[-117.2659,48.3968],[-117.2673,48.3785],[-117.2752,48.3741],[-117.2745,48.3597],[-117.2705,48.3422],[-117.2611,48.3385],[-117.2611,48.3256],[-117.2682,48.323],[-117.2741,48.3288],[-117.2747,48.3169],[-117.2864,48.3273],[-117.2897,48.344],[-117.2936,48.3435],[-117.2911,48.324],[-117.3414,48.3236],[-117.3714,48.3301],[-117.385,48.3278],[-117.3952,48.32],[-117.4185,48.3147],[-117.4413,48.33],[-117.4603,48.3308],[-117.4735,48.3251],[-117.488,48.3236],[-117.5001,48.3268],[-117.5,48.248],[-117.5021,48.2091]]]},"properties":{"ZCTA5CE10":"99180"}},{"type":"Feature","geometry":{"type":"Polygon","coordinates":[[[-117.3497,48.0069],[-117.3477,48.0101],[-117.3205,47.9966],[-117.3066,48.0003],[-117.307,47.9877],[-117.2951,47.9863],[-117.2844,47.9911],[-117.2829,47.9694],[-117.2699,47.9591],[-117.2605,47.9588],[-117.2479,47.9509],[-117.2364,47.9481],[-117.2271,47.9591],[-117.1965,47.9589],[-117.1967,47.9462],[-117.1913,47.946],[-117.1894,47.9349],[-117.176,47.9359],[-117.1689,47.9265],[-117.153,47.9377],[-117.1401,47.9372],[-117.1405,47.941],[-117.1233,47.9517],[-117.1124,47.9541],[-117.1076,47.9589],[-117.1239,47.9588],[-117.1238,47.9733],[-117.1345,47.9733],[-117.1341,48.0024],[-117.1451,48.0022],[-117.1452,48.0163],[-117.1762,48.0164],[-117.176,48.0295],[-117.1868,48.0313],[-117.1868,48.0458],[-117.1972,48.0459],[-117.1973,48.0603],[-117.1757,48.0603],[-117.1753,48.0823],[-117.2081,48.0822],[-117.2082,48.0751],[-117.2308,48.075],[-117.2409,48.0699],[-117.2408,48.0823],[-117.2625,48.0824],[-117.2625,48.0896],[-117.3062,48.0895],[-117.3098,48.0832],[-117.3256,48.0875],[-117.3237,48.0808],[-117.3408,48.0726],[-117.3449,48.0607],[-117.3496,48.0607],[-117.3495,48.0752],[-117.4055,48.0752],[-117.4089,48.0644],[-117.397,48.0581],[-117.4114,48.0523],[-117.4167,48.0471],[-117.3954,48.0469],[-117.3975,48.043],[-117.383,48.0273],[-117.3744,48.0142],[-117.3628,48.0071],[-117.3497,48.0069]]]},"properties":{"ZCTA5CE10":"99009"}},{"type":"Feature","geometry":{"type":"Polygon","coordinates":[[[-117.3497,48.0069],[-117.3628,48.0071],[-117.3744,48.0142],[-117.383,48.0273],[-117.3975,48.043],[-117.3954,48.0469],[-117.4167,48.0471],[-117.4114,48.0523],[-117.397,48.0581],[-117.4089,48.0644],[-117.4055,48.0752],[-117.4119,48.0881],[-117.4097,48.112],[-117.4185,48.1181],[-117.4177,48.1299],[-117.4375,48.1383],[-117.4375,48.1945],[-117.5022,48.1947],[-117.5023,48.1347],[-117.5133,48.1349],[-117.5133,48.1275],[-117.5645,48.128],[-117.5647,48.1205],[-117.5799,48.1205],[-117.5603,48.0978],[-117.5536,48.0793],[-117.5422,48.1003],[-117.5199,48.1107],[-117.5146,48.0997],[-117.5066,48.0638],[-117.5147,48.0535],[-117.4982,48.0513],[-117.4887,48.0476],[-117.5234,48.0478],[-117.5231,48.0186],[-117.5157,48.0182],[-117.5167,48.0094],[-117.5116,48.004],[-117.5347,48.0042],[-117.5347,47.9895],[-117.5233,47.9895],[-117.5235,47.9785],[-117.5183,47.9749],[-117.5347,47.9751],[-117.5349,47.9606],[-117.6492,47.9613],[-117.6495,47.9467],[-117.6828,47.9472],[-117.7013,47.9449],[-117.7023,47.9332],[-117.7146,47.9342],[-117.7147,47.9182],[-117.7354,47.9191],[-117.735,47.875],[-117.7086,47.8748],[-117.6864,47.8906],[-117.6864,47.9035],[-117.6757,47.9035],[-117.6642,47.9099],[-117.6587,47.9176],[-117.6272,47.9177],[-117.6265,47.8598],[-117.6155,47.8598],[-117.6102,47.8539],[-117.6104,47.8466],[-117.6046,47.8454],[-117.5353,47.8453],[-117.5356,47.8306],[-117.5186,47.831],[-117.5189,47.8383],[-117.5081,47.8383],[-117.5085,47.8601],[-117.4816,47.8602],[-117.4545,47.8601],[-117.4543,47.8746],[-117.4428,47.8746],[-117.4498,47.8818],[-117.4328,47.8819],[-117.4328,47.887],[-117.4207,47.8884],[-117.4186,47.894],[-117.3928,47.8937],[-117.3875,47.8896],[-117.3913,47.8933],[-117.393,47.8939],[-117.4042,47.8957],[-117.4138,47.8946],[-117.4219,47.8969],[-117.4337,47.9037],[-117.3812,47.9038],[-117.3849,47.9183],[-117.3902,47.9183],[-117.3904,47.9288],[-117.3857,47.9284],[-117.3531,47.9397],[-117.3534,47.9479],[-117.3616,47.9571],[-117.3658,47.9676],[-117.3604,47.9724],[-117.3604,47.9815],[-117.3496,47.9815],[-117.3497,48.0069]]]},"properties":{"ZCTA5CE10":"99006"}},{"type":"Feature","geometry":{"type":"Polygon","coordinates":[[[-122.4436,47.236],[-122.4409,47.2314],[-122.4327,47.2332],[-122.4322,47.2541],[-122.4377,47.268],[-122.4442,47.2667],[-122.4403,47.2584],[-122.4477,47.2638],[-122.4407,47.2363],[-122.4436,47.236]]]},"properties":{"ZCTA5CE10":"98402"}},{"type":"Feature","geometry":{"type":"Polygon","coordinates":[[[-122.4477,47.2638],[-122.4683,47.2554],[-122.5038,47.2548],[-122.5052,47.2436],[-122.4956,47.2348],[-122.4678,47.2353],[-122.4639,47.2334],[-122.4436,47.236],[-122.4407,47.2363],[-122.4477,47.2638]]]},"properties":{"ZCTA5CE10":"98405"}},{"type":"Feature","geometry":{"type":"Polygon","coordinates":[[[-122.5052,47.2138],[-122.5771,47.2137],[-122.5722,47.2185],[-122.5821,47.2243],[-122.6005,47.2097],[-122.6221,47.2092],[-122.6238,47.1939],[-122.6227,47.1888],[-122.5761,47.1864],[-122.5713,47.1946],[-122.5522,47.1948],[-122.5263,47.1977],[-122.5087,47.1992],[-122.5052,47.1943],[-122.5027,47.2087],[-122.5052,47.2138]]]},"properties":{"ZCTA5CE10":"98467"}},{"type":"Feature","geometry":{"type":"Polygon","coordinates":[[[-122.5569,47.1184],[-122.5492,47.1122],[-122.544,47.102],[-122.5321,47.1023],[-122.5136,47.1089],[-122.5128,47.1138],[-122.5005,47.1168],[-122.4833,47.1141],[-122.483,47.0974],[-122.4642,47.0974],[-122.464,47.1003],[-122.464,47.126],[-122.4692,47.1323],[-122.4638,47.1387],[-122.4697,47.1443],[-122.468,47.1542],[-122.4835,47.1558],[-122.4938,47.1501],[-122.4939,47.1331],[-122.4875,47.1313],[-122.4872,47.123],[-122.5047,47.1227],[-122.5046,47.1392],[-122.5145,47.1408],[-122.5251,47.1365],[-122.557,47.1185],[-122.5569,47.1184]]]},"properties":{"ZCTA5CE10":"98439"}},{"type":"Feature","geometry":{"type":"Polygon","coordinates":[[[-122.358,47.2587],[-122.35,47.2537],[-122.336,47.2559],[-122.3349,47.2576],[-122.3358,47.2638],[-122.4183,47.3206],[-122.4297,47.3201],[-122.4352,47.308],[-122.4445,47.3062],[-122.4446,47.3004],[-122.4323,47.296],[-122.4137,47.2939],[-122.4109,47.2876],[-122.3997,47.2799],[-122.3877,47.2793],[-122.3574,47.2644],[-122.358,47.2587]]]},"properties":{"ZCTA5CE10":"98422"}},{"type":"Feature","geometry":{"type":"Polygon","coordinates":[[[-122.5441,47.2779],[-122.5334,47.2766],[-122.5307,47.27],[-122.5159,47.2711],[-122.4712,47.2709],[-122.4694,47.2733],[-122.4646,47.2761],[-122.4717,47.2773],[-122.4887,47.2877],[-122.5121,47.307],[-122.5144,47.3057],[-122.5402,47.3185],[-122.5603,47.3161],[-122.5412,47.2937],[-122.5441,47.2779]]]},"properties":{"ZCTA5CE10":"98407"}},{"type":"Feature","geometry":{"type":"MultiPolygon","coordinates":[[[[-122.5685,47.1263],[-122.5601,47.1256],[-122.5543,47.1301],[-122.5666,47.1306],[-122.5685,47.1263]]],[[[-122.5263,47.1977],[-122.5287,47.1885],[-122.5404,47.1662],[-122.5257,47.1557],[-122.5391,47.1544],[-122.5419,47.1449],[-122.5271,47.1411],[-122.5251,47.1365],[-122.5145,47.1408],[-122.5046,47.1392],[-122.4972,47.1392],[-122.4938,47.1501],[-122.4835,47.1558],[-122.468,47.1542],[-122.4667,47.165],[-122.4725,47.1702],[-122.4638,47.1847],[-122.5049,47.1847],[-122.5052,47.1943],[-122.5087,47.1992],[-122.5263,47.1977]]]]},"properties":{"ZCTA5CE10":"98499"}},{"type":"Feature","geometry":{"type":"Polygon","coordinates":[[[-122.6368,47.0896],[-122.6337,47.0805],[-122.6256,47.0878],[-122.5998,47.0797],[-122.591,47.074],[-122.5947,47.0637],[-122.5783,47.0644],[-122.5738,47.0601],[-122.5677,47.0672],[-122.5616,47.0662],[-122.559,47.076],[-122.5598,47.0884],[-122.5496,47.0999],[-122.5396,47.0962],[-122.5048,47.0906],[-122.5005,47.1168],[-122.5128,47.1138],[-122.5136,47.1089],[-122.5321,47.1023],[-122.544,47.102],[-122.5492,47.1122],[-122.5569,47.1184],[-122.5676,47.1123],[-122.5771,47.1145],[-122.5704,47.1249],[-122.5685,47.1263],[-122.5666,47.1306],[-122.5632,47.1394],[-122.5684,47.1401],[-122.5685,47.1487],[-122.5764,47.1487],[-122.5791,47.156],[-122.5931,47.1594],[-122.622,47.1568],[-122.6322,47.1433],[-122.6544,47.1334],[-122.6704,47.1216],[-122.6538,47.1194],[-122.6539,47.125],[-122.6271,47.1262],[-122.6247,47.1227],[-122.6235,47.0924],[-122.6368,47.0896]]]},"properties":{"ZCTA5CE10":"98433"}},{"type":"Feature","geometry":{"type":"Polygon","coordinates":[[[-122.5704,47.1249],[-122.5771,47.1145],[-122.5676,47.1123],[-122.5569,47.1184],[-122.557,47.1185],[-122.5704,47.1249]]]},"properties":{"ZCTA5CE10":"98430"}},{"type":"Feature","geometry":{"type":"Polygon","coordinates":[[[-122.1922,46.7623],[-122.1757,46.7563],[-122.1627,46.7579],[-122.1615,46.7544],[-122.1469,46.7524],[-122.1272,46.7539],[-122.1259,46.759],[-122.1437,46.7608],[-122.1299,46.7719],[-122.1382,46.7778],[-122.1588,46.7831],[-122.1618,46.7887],[-122.1561,46.793],[-122.1628,46.7968],[-122.1723,46.797],[-122.1824,46.7877],[-122.1847,46.7806],[-122.2178,46.7879],[-122.2166,46.784],[-122.1985,46.7712],[-122.1922,46.7623]]]},"properties":{"ZCTA5CE10":"98330"}},{"type":"Feature","geometry":{"type":"Polygon","coordinates":[[[-122.5151,48.4549],[-122.4713,48.4477],[-122.4702,48.4184],[-122.4531,48.4208],[-122.4438,48.4157],[-122.4438,48.4097],[-122.456,48.407],[-122.4559,48.4028],[-122.4723,48.4043],[-122.4758,48.3945],[-122.4852,48.3924],[-122.4832,48.3862],[-122.5017,48.3719],[-122.4929,48.3673],[-122.4921,48.3619],[-122.4921,48.3557],[-122.4753,48.36],[-122.473,48.3521],[-122.4628,48.3518],[-122.4409,48.3376],[-122.4242,48.3345],[-122.4155,48.3271],[-122.409,48.3271],[-122.3968,48.3189],[-122.3987,48.3158],[-122.3784,48.2976],[-122.3532,48.2976],[-122.3473,48.3085],[-122.3303,48.3085],[-122.324,48.2975],[-122.3034,48.2976],[-122.3219,48.3127],[-122.3335,48.3318],[-122.336,48.3441],[-122.3356,48.3761],[-122.3307,48.3869],[-122.3317,48.4147],[-122.3349,48.4211],[-122.2699,48.4208],[-122.2663,48.4299],[-122.257,48.4281],[-122.2386,48.408],[-122.227,48.4041],[-122.2205,48.4091],[-122.2108,48.4053],[-122.2086,48.3994],[-122.1914,48.3836],[-122.192,48.428],[-122.1921,48.4514],[-122.211,48.4547],[-122.2316,48.4526],[-122.2341,48.4607],[-122.2344,48.4642],[-122.2346,48.4669],[-122.2347,48.4678],[-122.2554,48.4679],[-122.2674,48.4659],[-122.2917,48.4751],[-122.3099,48.4664],[-122.32,48.4553],[-122.3216,48.4459],[-122.3466,48.4457],[-122.3477,48.4574],[-122.4441,48.4575],[-122.4444,48.4939],[-122.4609,48.4939],[-122.4611,48.5011],[-122.4818,48.5012],[-122.483,48.4979],[-122.4822,48.4885],[-122.4686,48.4744],[-122.4783,48.468],[-122.4836,48.4714],[-122.5148,48.4688],[-122.5151,48.4549]],[[-122.3467,48.3416],[-122.3399,48.3406],[-122.3438,48.3228],[-122.3467,48.3416]]]},"properties":{"ZCTA5CE10":"98273"}},{"type":"Feature","geometry":{"type":"Polygon","coordinates":[[[-121.0014,48.2955],[-121.0032,48.2991],[-121.0257,48.3032],[-121.0385,48.3009],[-121.0401,48.3076],[-121.0594,48.3163],[-121.0699,48.3165],[-121.0659,48.3281],[-121.0709,48.3328],[-121.06,48.3468],[-121.0526,48.345],[-121.0406,48.3481],[-121.0431,48.3635],[-121.0617,48.3796],[-121.0594,48.3871],[-121.0662,48.3923],[-121.0622,48.4057],[-121.056,48.4124],[-121.0415,48.4111],[-121.0454,48.4185],[-121.0418,48.4307],[-121.0447,48.4355],[-121.0607,48.436],[-121.0692,48.4413],[-121.0971,48.4422],[-121.1062,48.439],[-121.1359,48.4449],[-121.1414,48.4561],[-121.149,48.4635],[-121.1599,48.4661],[-121.173,48.4637],[-121.1971,48.4671],[-121.2206,48.4776],[-121.2351,48.4873],[-121.2462,48.5072],[-121.2723,48.536],[-121.2899,48.5376],[-121.2941,48.543],[-121.2902,48.5493],[-121.3072,48.5579],[-121.3067,48.6413],[-121.5327,48.6425],[-121.567,48.6426],[-121.54,48.6261],[-121.5389,48.6063],[-121.5106,48.5641],[-121.4912,48.5532],[-121.4565,48.5315],[-121.4586,48.53],[-121.4521,48.5268],[-121.4631,48.521],[-121.4688,48.5067],[-121.46,48.5215],[-121.4604,48.5125],[-121.4546,48.5123],[-121.4609,48.502],[-121.4774,48.4896],[-121.502,48.4812],[-121.4923,48.4695],[-121.4982,48.462],[-121.4965,48.4529],[-121.5089,48.4533],[-121.5167,48.4454],[-121.5371,48.4389],[-121.5397,48.4324],[-121.5305,48.4278],[-121.526,48.4046],[-121.5345,48.4077],[-121.5503,48.3978],[-121.5501,48.39],[-121.5562,48.3839],[-121.4444,48.3839],[-121.4444,48.3297],[-121.438,48.3202],[-121.4385,48.3132],[-121.4177,48.3011],[-121.4155,48.2959],[-121.1262,48.296],[-121.0014,48.2955]]]},"properties":{"ZCTA5CE10":"98267"}},{"type":"Feature","geometry":{"type":"Polygon","coordinates":[[[-122.5151,48.4549],[-122.5278,48.4587],[-122.5278,48.4549],[-122.5477,48.455],[-122.5542,48.4446],[-122.5541,48.4373],[-122.566,48.4228],[-122.576,48.4168],[-122.5562,48.418],[-122.5572,48.4071],[-122.5392,48.3974],[-122.5332,48.3843],[-122.5328,48.3764],[-122.5244,48.3766],[-122.5198,48.369],[-122.5108,48.3683],[-122.5083,48.3613],[-122.4921,48.3619],[-122.4929,48.3673],[-122.5017,48.3719],[-122.4832,48.3862],[-122.4852,48.3924],[-122.4758,48.3945],[-122.4723,48.4043],[-122.4559,48.4028],[-122.456,48.407],[-122.4438,48.4097],[-122.4438,48.4157],[-122.4531,48.4208],[-122.4702,48.4184],[-122.4713,48.4477],[-122.5151,48.4549]]]},"properties":{"ZCTA5CE10":"98257"}},{"type":"Feature","geometry":{"type":"Polygon","coordinates":[[[-122.1396,45.6584],[-122.1343,45.6695],[-122.137,45.6732],[-122.1299,45.6865],[-122.1241,45.6886],[-122.1208,45.6983],[-122.1247,45.7067],[-122.1203,45.7128],[-122.1267,45.7251],[-122.137,45.7321],[-122.1292,45.74],[-122.1267,45.7377],[-122.079,45.7516],[-122.0514,45.7488],[-122.042,45.7618],[-122.0228,45.7609],[-122.0346,45.768],[-122.0443,45.7877],[-122.0359,45.7989],[-122.0256,45.7951],[-122.0047,45.7928],[-121.9874,45.7963],[-121.9676,45.7846],[-121.9564,45.7748],[-121.9373,45.7735],[-121.9304,45.7679],[-121.9179,45.7651],[-121.9088,45.7689],[-121.8853,45.7592],[-121.8821,45.7535],[-121.8559,45.7417],[-121.8777,45.7331],[-121.8742,45.7265],[-121.8636,45.7203],[-121.863,45.7148],[-121.8458,45.7195],[-121.8318,45.7147],[-121.8152,45.7169],[-121.7919,45.716],[-121.788,45.7217],[-121.7943,45.7261],[-121.7934,45.7677],[-121.795,45.7823],[-121.7952,45.8701],[-121.7991,45.8701],[-121.7992,45.908],[-121.8115,45.9085],[-121.8174,45.9033],[-121.8377,45.9017],[-121.8483,45.8952],[-121.8575,45.8974],[-121.8727,45.896],[-121.8908,45.883],[-121.9001,45.8868],[-121.9056,45.8761],[-121.9201,45.8803],[-121.9168,45.8729],[-121.9399,45.8412],[-121.9479,45.8462],[-121.9563,45.8564],[-121.976,45.8723],[-121.9671,45.8815],[-121.9623,45.9011],[-121.964,45.9069],[-121.9773,45.9183],[-121.9794,45.9278],[-121.9743,45.9377],[-121.99,45.9518],[-121.9971,45.9537],[-121.9977,46.0109],[-121.9972,46.0402],[-122.0805,46.0405],[-122.0805,46.0571],[-122.0867,46.0613],[-122.1008,46.0624],[-122.1221,46.0612],[-122.1217,46.0505],[-122.1503,46.0586],[-122.1786,46.0581],[-122.1829,46.0561],[-122.1999,46.0635],[-122.2457,46.0632],[-122.2456,46.0539],[-122.2459,45.9594],[-122.2451,45.9098],[-122.2447,45.8665],[-122.2489,45.8665],[-122.2501,45.8226],[-122.2495,45.8055],[-122.2492,45.7224],[-122.2496,45.6732],[-122.2412,45.6661],[-122.2358,45.6801],[-122.2211,45.6813],[-122.2172,45.6894],[-122.2031,45.6774],[-122.1854,45.6758],[-122.1764,45.6795],[-122.1627,45.6731],[-122.154,45.6787],[-122.1564,45.6687],[-122.1468,45.6583],[-122.1396,45.6584]]]},"properties":{"ZCTA5CE10":"98610"}},{"type":"Feature","geometry":{"type":"Polygon","coordinates":[[[-122.2432,47.829],[-122.2539,47.8257],[-122.2646,47.8315],[-122.2711,47.8281],[-122.3318,47.8286],[-122.3324,47.8303],[-122.3359,47.8258],[-122.3358,47.8106],[-122.3255,47.8084],[-122.3301,47.7996],[-122.3171,47.8067],[-122.287,47.8069],[-122.2815,47.7936],[-122.287,47.7909],[-122.287,47.7772],[-122.271,47.777],[-122.267,47.777],[-122.2603,47.7866],[-122.2645,47.7919],[-122.243,47.8029],[-122.2416,47.8076],[-122.2297,47.8095],[-122.2381,47.8173],[-122.2432,47.829]]]},"properties":{"ZCTA5CE10":"98036"}},{"type":"Feature","geometry":{"type":"Polygon","coordinates":[[[-122.364,47.8366],[-122.3565,47.8378],[-122.3562,47.7778],[-122.3299,47.7776],[-122.3273,47.7777],[-122.3334,47.7853],[-122.3301,47.7996],[-122.3255,47.8084],[-122.3358,47.8106],[-122.3359,47.8258],[-122.3324,47.8303],[-122.3197,47.8447],[-122.3305,47.8484],[-122.3191,47.8543],[-122.2962,47.8473],[-122.2984,47.8643],[-122.2932,47.8751],[-122.3012,47.882],[-122.3196,47.8812],[-122.3204,47.8933],[-122.3276,47.8934],[-122.332,47.9001],[-122.3373,47.8816],[-122.3338,47.8699],[-122.3423,47.8502],[-122.3549,47.8444],[-122.364,47.8366]]]},"properties":{"ZCTA5CE10":"98026"}},{"type":"Feature","geometry":{"type":"Polygon","coordinates":[[[-121.6668,47.7769],[-121.6612,47.7898],[-121.6551,47.7946],[-121.6602,47.8082],[-121.6556,47.8177],[-121.6474,47.8244],[-121.6499,47.83],[-121.6761,47.8409],[-121.6923,47.8401],[-121.6948,47.8504],[-121.703,47.8568],[-121.7236,47.8678],[-121.7249,47.8761],[-121.7186,47.8754],[-121.7107,47.8821],[-121.716,47.9007],[-121.7229,47.9068],[-121.739,47.9083],[-121.7453,47.9147],[-121.7441,47.9236],[-121.7235,47.9282],[-121.7157,47.9269],[-121.7124,47.9378],[-121.7038,47.9447],[-121.6872,47.9466],[-121.6863,47.9538],[-121.6691,47.9616],[-121.6563,47.9614],[-121.643,47.9504],[-121.6281,47.9494],[-121.6464,47.9588],[-121.6515,47.9644],[-121.6714,47.9724],[-121.6855,47.9746],[-121.6985,47.971],[-121.7228,47.9701],[-121.7366,47.9687],[-121.7644,47.9734],[-121.7783,47.9627],[-121.7842,47.9664],[-121.777,47.95],[-121.804,47.95],[-121.8023,47.9311],[-121.8186,47.9307],[-121.8129,47.9183],[-121.8154,47.9135],[-121.8315,47.9042],[-121.8315,47.8923],[-121.8352,47.8883],[-121.8253,47.8724],[-121.8315,47.8672],[-121.831,47.858],[-121.8206,47.8605],[-121.8223,47.8501],[-121.7922,47.8511],[-121.7852,47.8491],[-121.7373,47.8494],[-121.7266,47.8424],[-121.7241,47.8351],[-121.7146,47.8314],[-121.7175,47.8278],[-121.7116,47.8169],[-121.7322,47.8227],[-121.738,47.8199],[-121.7344,47.8123],[-121.7438,47.8088],[-121.7181,47.8],[-121.7165,47.7959],[-121.7334,47.7959],[-121.7298,47.7925],[-121.7483,47.7906],[-121.7558,47.7829],[-121.7785,47.7821],[-121.7929,47.7909],[-121.8067,47.7901],[-121.8203,47.7936],[-121.8211,47.8046],[-121.8253,47.8086],[-121.8284,47.8014],[-121.8212,47.7911],[-121.8409,47.7777],[-121.8497,47.7772],[-121.6669,47.7769],[-121.6668,47.7769]]]},"properties":{"ZCTA5CE10":"98294"}},{"type":"Feature","geometry":{"type":"Polygon","coordinates":[[[-121.6855,47.9746],[-121.6714,47.9724],[-121.6515,47.9644],[-121.6464,47.9588],[-121.6281,47.9494],[-121.643,47.9504],[-121.6563,47.9614],[-121.6691,47.9616],[-121.6863,47.9538],[-121.6872,47.9466],[-121.7038,47.9447],[-121.7124,47.9378],[-121.7157,47.9269],[-121.7235,47.9282],[-121.7441,47.9236],[-121.7453,47.9147],[-121.739,47.9083],[-121.7229,47.9068],[-121.716,47.9007],[-121.7107,47.8821],[-121.7186,47.8754],[-121.7249,47.8761],[-121.7236,47.8678],[-121.703,47.8568],[-121.6948,47.8504],[-121.6923,47.8401],[-121.6761,47.8409],[-121.6499,47.83],[-121.6474,47.8244],[-121.6556,47.8177],[-121.6602,47.8082],[-121.6551,47.7946],[-121.6612,47.7898],[-121.6668,47.7769],[-121.5844,47.7767],[-121.5845,47.7775],[-121.4917,47.7779],[-121.5124,47.7929],[-121.516,47.802],[-121.5216,47.8037],[-121.5376,47.801],[-121.5442,47.8035],[-121.5438,47.7951],[-121.564,47.8028],[-121.5733,47.8109],[-121.5898,47.8183],[-121.6029,47.8179],[-121.6171,47.8287],[-121.6136,47.8382],[-121.6261,47.8382],[-121.6227,47.8421],[-121.6026,47.841],[-121.5877,47.8519],[-121.5661,47.8602],[-121.5636,47.8553],[-121.554,47.8557],[-121.5485,47.8633],[-121.4931,47.8631],[-121.5118,47.8496],[-121.5059,47.8412],[-121.5016,47.8561],[-121.4894,47.8633],[-121.4742,47.8665],[-121.459,47.877],[-121.4517,47.885],[-121.4355,47.8963],[-121.4071,47.898],[-121.3891,47.8926],[-121.3516,47.8867],[-121.339,47.8871],[-121.3251,47.8899],[-121.3239,47.8948],[-121.3108,47.9092],[-121.3078,47.9168],[-121.3119,47.9226],[-121.3132,47.9515],[-121.3099,47.9546],[-121.3138,47.9649],[-121.4882,47.965],[-121.4942,47.9772],[-121.5035,47.9849],[-121.5174,47.9882],[-121.5208,47.9921],[-121.5378,47.9959],[-121.5554,47.9957],[-121.5617,47.9911],[-121.5658,47.9793],[-121.5812,47.9768],[-121.6016,47.9813],[-121.6191,47.9754],[-121.6272,47.9796],[-121.642,47.9723],[-121.6498,47.9719],[-121.6829,47.976],[-121.6855,47.9746]]]},"properties":{"ZCTA5CE10":"98251"}},{"type":"Feature","geometry":{"type":"Polygon","coordinates":[[[-117.1966,47.6691],[-117.1751,47.6655],[-117.1784,47.649],[-117.1751,47.6423],[-117.179,47.6347],[-117.1764,47.6278],[-117.1926,47.6242],[-117.1892,47.5968],[-117.2115,47.5866],[-117.2232,47.5884],[-117.219,47.5836],[-117.2243,47.5799],[-117.2063,47.5798],[-117.2062,47.587],[-117.1848,47.5834],[-117.1848,47.5797],[-117.1106,47.5802],[-117.0856,47.5799],[-117.08,47.5867],[-117.0853,47.6055],[-117.0943,47.6048],[-117.1077,47.611],[-117.112,47.6214],[-117.1102,47.6397],[-117.1129,47.6496],[-117.1214,47.6496],[-117.1214,47.6568],[-117.1322,47.6569],[-117.1216,47.6636],[-117.1364,47.6638],[-117.1111,47.6714],[-117.1346,47.6714],[-117.143,47.6755],[-117.1432,47.6806],[-117.1543,47.6783],[-117.1597,47.6836],[-117.1753,47.6788],[-117.1854,47.6708],[-117.1966,47.6691]]]},"properties":{"ZCTA5CE10":"99016"}},{"type":"Feature","geometry":{"type":"Polygon","coordinates":[[[-117.2405,47.7004],[-117.2456,47.6984],[-117.2329,47.6904],[-117.2397,47.689],[-117.2398,47.6279],[-117.2182,47.6279],[-117.2181,47.6497],[-117.202,47.6497],[-117.202,47.668],[-117.1966,47.6691],[-117.1854,47.6708],[-117.1753,47.6788],[-117.1752,47.6827],[-117.1544,47.6865],[-117.1552,47.6997],[-117.1654,47.6978],[-117.1754,47.7066],[-117.1754,47.715],[-117.1923,47.7091],[-117.2185,47.7144],[-117.2185,47.7106],[-117.24,47.7112],[-117.2405,47.7004]]]},"properties":{"ZCTA5CE10":"99216"}},{"type":"Feature","geometry":{"type":"Polygon","coordinates":[[[-117.3615,47.8069],[-117.3551,47.8089],[-117.3511,47.8202],[-117.3432,47.821],[-117.349,47.8018],[-117.3116,47.802],[-117.3119,47.8055],[-117.2884,47.8101],[-117.2819,47.8094],[-117.2718,47.8275],[-117.2615,47.8271],[-117.2615,47.8365],[-117.2507,47.8387],[-117.2414,47.8614],[-117.2465,47.8689],[-117.2627,47.8603],[-117.2748,47.8631],[-117.2798,47.8605],[-117.299,47.8601],[-117.3043,47.8565],[-117.3042,47.8456],[-117.3257,47.8454],[-117.3258,47.8575],[-117.3395,47.8557],[-117.3361,47.8731],[-117.3373,47.8815],[-117.3563,47.8711],[-117.3579,47.8815],[-117.3543,47.8882],[-117.3684,47.8792],[-117.362,47.8677],[-117.3792,47.8681],[-117.3781,47.8745],[-117.3875,47.8896],[-117.3928,47.8937],[-117.4186,47.894],[-117.4207,47.8884],[-117.4328,47.887],[-117.4328,47.8819],[-117.4498,47.8818],[-117.4428,47.8746],[-117.4543,47.8746],[-117.4545,47.8601],[-117.4816,47.8602],[-117.482,47.8522],[-117.471,47.8435],[-117.449,47.8399],[-117.4491,47.833],[-117.4431,47.8309],[-117.4431,47.8163],[-117.4347,47.8192],[-117.4125,47.8164],[-117.4056,47.8047],[-117.4002,47.8091],[-117.368,47.8093],[-117.3615,47.8069]]]},"properties":{"ZCTA5CE10":"99005"}},{"type":"Feature","geometry":{"type":"Polygon","coordinates":[[[-117.2182,47.6279],[-117.2398,47.6279],[-117.2397,47.689],[-117.2329,47.6904],[-117.2456,47.6984],[-117.2405,47.7004],[-117.2507,47.7004],[-117.2514,47.6958],[-117.2673,47.6976],[-117.2626,47.7003],[-117.2829,47.7044],[-117.2828,47.628],[-117.2935,47.6279],[-117.2935,47.6207],[-117.2976,47.6135],[-117.2977,47.5943],[-117.2816,47.5944],[-117.2814,47.5798],[-117.2598,47.5798],[-117.2599,47.5727],[-117.2228,47.5731],[-117.2243,47.5799],[-117.219,47.5836],[-117.2232,47.5884],[-117.2115,47.5866],[-117.1892,47.5968],[-117.2182,47.615],[-117.2182,47.6279]]]},"properties":{"ZCTA5CE10":"99206"}},{"type":"Feature","geometry":{"type":"Polygon","coordinates":[[[-122.9064,47.0211],[-122.9156,47.0259],[-122.9284,47.0265],[-122.9485,47.0364],[-122.9606,47.0403],[-122.9603,47.0471],[-122.9718,47.0458],[-122.9657,47.0419],[-122.988,47.0436],[-123.0067,47.0553],[-123.0172,47.0583],[-123.0482,47.0475],[-123.0536,47.0418],[-123.0827,47.039],[-123.1058,47.0323],[-123.1192,47.0341],[-123.157,47.0562],[-123.1783,47.0593],[-123.201,47.0566],[-123.2,47.0148],[-123.2012,46.9969],[-123.1584,46.9962],[-123.1593,46.939],[-123.1608,46.8473],[-123.1308,46.8424],[-123.1174,46.8313],[-123.1035,46.843],[-123.0978,46.8508],[-123.0833,46.8547],[-123.0582,46.8489],[-123.037,46.8565],[-123.0258,46.8692],[-123.0184,46.9007],[-123.0112,46.9018],[-122.9999,46.898],[-122.9797,46.8957],[-122.9803,46.8886],[-122.968,46.8886],[-122.9621,46.8932],[-122.9606,46.8969],[-122.9472,46.8964],[-122.9402,46.89],[-122.9187,46.8911],[-122.921,46.8992],[-122.9085,46.8994],[-122.9126,46.8882],[-122.8889,46.8835],[-122.881,46.8841],[-122.8664,46.8918],[-122.8664,46.9003],[-122.8656,46.9165],[-122.9078,46.9163],[-122.9079,46.9363],[-122.8972,46.9517],[-122.9142,46.9528],[-122.9072,46.9599],[-122.9132,46.96],[-122.9137,46.9673],[-122.929,46.9673],[-122.9324,46.9705],[-122.9286,46.979],[-122.9158,46.9942],[-122.9064,47.0108],[-122.9064,47.0211]]]},"properties":{"ZCTA5CE10":"98512"}},{"type":"Feature","geometry":{"type":"Polygon","coordinates":[[[-118.7884,46.0009],[-118.6128,46.0011],[-118.439,46.0008],[-118.4414,46.0121],[-118.4522,46.0153],[-118.4518,46.0201],[-118.5145,46.02],[-118.5549,46.0287],[-118.5548,46.048],[-118.5914,46.0522],[-118.5903,46.0568],[-118.5807,46.0558],[-118.5758,46.0625],[-118.5548,46.064],[-118.555,46.093],[-118.5543,46.1654],[-118.5811,46.1654],[-118.5753,46.1846],[-118.5603,46.1852],[-118.5806,46.2014],[-118.5804,46.2217],[-118.5909,46.2237],[-118.5959,46.2123],[-118.6693,46.2379],[-118.6792,46.2385],[-118.6794,46.1874],[-118.6913,46.1873],[-118.7046,46.1806],[-118.7215,46.1808],[-118.7224,46.1305],[-118.7167,46.1303],[-118.7362,46.1212],[-118.7569,46.0994],[-118.8046,46.1257],[-118.806,46.1081],[-118.8093,46.1063],[-118.809,46.0922],[-118.8125,46.0865],[-118.8084,46.0719],[-118.8417,46.0751],[-118.8371,46.0701],[-118.8331,46.0463],[-118.833,46.0327],[-118.8158,46.0238],[-118.8102,46.0161],[-118.7884,46.0009]]]},"properties":{"ZCTA5CE10":"99360"}},{"type":"Feature","geometry":{"type":"Polygon","coordinates":[[[-121.5854,48.7876],[-121.5855,48.9078],[-121.5884,48.9101],[-121.6111,48.9098],[-121.6266,48.9061],[-121.6534,48.8938],[-121.6796,48.8956],[-121.6939,48.9079],[-121.7087,48.9054],[-121.7144,48.9072],[-121.7314,48.9027],[-121.7536,48.9081],[-121.7602,48.9117],[-121.7718,48.9097],[-121.7839,48.913],[-121.8105,48.9074],[-121.8157,48.9107],[-121.827,48.9056],[-121.8493,48.9048],[-121.8707,48.9012],[-121.8766,48.9047],[-121.887,48.9024],[-121.9077,48.9045],[-121.9186,48.9021],[-121.9381,48.892],[-121.9471,48.8967],[-121.9606,48.8975],[-121.9603,48.9046],[-121.9541,48.9046],[-121.9537,48.9919],[-121.9497,49],[-122.0633,49.0018],[-122.1365,49.0022],[-122.1369,49.0021],[-122.0838,49.0019],[-122.0839,48.9967],[-122.0739,49.0008],[-122.0683,48.9971],[-122.0719,48.987],[-122.0669,48.9744],[-122.0775,48.9451],[-122.0684,48.9351],[-122.0609,48.9415],[-122.0459,48.934],[-122.0527,48.9297],[-122.047,48.9258],[-122.0566,48.9188],[-122.062,48.9206],[-122.0792,48.912],[-122.0811,48.9172],[-122.072,48.9212],[-122.0884,48.9235],[-122.0877,48.985],[-122.0966,48.975],[-122.1065,48.971],[-122.1066,48.9546],[-122.1163,48.9419],[-122.1266,48.9351],[-122.1315,48.924],[-122.139,48.9245],[-122.1321,48.9173],[-122.1432,48.9171],[-122.1377,48.9135],[-122.138,48.9062],[-122.1888,48.906],[-122.1923,48.913],[-122.2079,48.9057],[-122.2224,48.9056],[-122.2222,48.9125],[-122.2317,48.8917],[-122.241,48.8827],[-122.2369,48.8671],[-122.2431,48.8555],[-122.2552,48.8441],[-122.2555,48.8393],[-122.234,48.8307],[-122.2276,48.826],[-122.2145,48.8233],[-122.2244,48.8189],[-122.2314,48.823],[-122.2532,48.8261],[-122.2609,48.8326],[-122.2701,48.8294],[-122.2626,48.8244],[-122.2652,48.8175],[-122.2787,48.8082],[-122.2697,48.8084],[-122.2811,48.798],[-122.2784,48.7833],[-122.271,48.7789],[-122.2687,48.7604],[-122.2595,48.7547],[-122.2551,48.7382],[-122.2572,48.7308],[-122.2246,48.7323],[-122.205,48.7297],[-122.2066,48.7206],[-122.1692,48.7021],[-122.1633,48.6929],[-122.1635,48.6849],[-122.1697,48.6836],[-122.1656,48.6779],[-122.154,48.6782],[-122.1525,48.6827],[-122.1417,48.6758],[-122.1416,48.6714],[-122.1216,48.658],[-122.1252,48.6522],[-122.1209,48.6461],[-122.0294,48.645],[-121.9202,48.6448],[-121.8549,48.6447],[-121.8068,48.6435],[-121.7298,48.6432],[-121.7289,48.6493],[-121.7127,48.6491],[-121.712,48.6576],[-121.7187,48.6668],[-121.7118,48.6758],[-121.7044,48.6963],[-121.6933,48.713],[-121.6947,48.7173],[-121.7155,48.7254],[-121.7384,48.7377],[-121.7385,48.8177],[-121.6074,48.8177],[-121.6073,48.788],[-121.5854,48.7876]]]},"properties":{"ZCTA5CE10":"98244"}},{"type":"Feature","geometry":{"type":"Polygon","coordinates":[[[-122.1209,48.6461],[-122.1252,48.6522],[-122.1216,48.658],[-122.1416,48.6714],[-122.1417,48.6758],[-122.1525,48.6827],[-122.154,48.6782],[-122.1656,48.6779],[-122.1697,48.6836],[-122.1635,48.6849],[-122.1633,48.6929],[-122.1692,48.7021],[-122.2066,48.7206],[-122.205,48.7297],[-122.2246,48.7323],[-122.2572,48.7308],[-122.2603,48.7197],[-122.2585,48.709],[-122.2683,48.7078],[-122.2441,48.6969],[-122.216,48.6677],[-122.2173,48.6456],[-122.1662,48.6455],[-122.1209,48.6461]]]},"properties":{"ZCTA5CE10":"98220"}},{"type":"Feature","geometry":{"type":"MultiPolygon","coordinates":[[[[-122.5838,48.6453],[-122.5785,48.6476],[-122.5863,48.6571],[-122.5933,48.65],[-122.5838,48.6453]]],[[[-122.6613,48.6977],[-122.6736,48.7109],[-122.6828,48.7154],[-122.6829,48.7228],[-122.7031,48.7436],[-122.7155,48.7488],[-122.7223,48.7316],[-122.719,48.7171],[-122.7086,48.717],[-122.6904,48.7103],[-122.686,48.7001],[-122.6732,48.6806],[-122.6508,48.6654],[-122.6339,48.6513],[-122.6191,48.6482],[-122.6091,48.6404],[-122.61,48.651],[-122.616,48.667],[-122.6269,48.68],[-122.6525,48.6945],[-122.6613,48.6977]]]]},"properties":{"ZCTA5CE10":"98262"}},{"type":"Feature","geometry":{"type":"Polygon","coordinates":[[[-123.0354,49.0022],[-123.0905,49.002],[-123.0845,48.9865],[-123.084,48.9715],[-123.041,48.9773],[-123.0281,48.9739],[-123.0222,48.9786],[-123.0108,48.979],[-123.0057,48.9925],[-123.0054,49.0021],[-123.0354,49.0022]]]},"properties":{"ZCTA5CE10":"98281"}},{"type":"Feature","geometry":{"type":"Polygon","coordinates":[[[-117.2044,47.2596],[-117.2044,47.2479],[-117.2097,47.2405],[-117.2366,47.2404],[-117.2366,47.2331],[-117.2527,47.2331],[-117.254,47.2259],[-117.2491,47.2159],[-117.2688,47.2126],[-117.2686,47.1888],[-117.2578,47.186],[-117.2576,47.1678],[-117.2682,47.1669],[-117.2685,47.162],[-117.2885,47.1675],[-117.3015,47.1669],[-117.3007,47.154],[-117.3113,47.1487],[-117.3101,47.1409],[-117.3149,47.1273],[-117.3433,47.1269],[-117.3461,47.1375],[-117.3646,47.1376],[-117.3645,47.123],[-117.3539,47.123],[-117.3538,47.1114],[-117.3697,47.112],[-117.3697,47.1047],[-117.38,47.1047],[-117.38,47.0904],[-117.3862,47.0878],[-117.3809,47.0792],[-117.3799,47.0664],[-117.3719,47.0661],[-117.3585,47.0721],[-117.3411,47.0762],[-117.341,47.0577],[-117.3314,47.0574],[-117.3314,47.05],[-117.3237,47.0497],[-117.2982,47.0495],[-117.2981,47.0373],[-117.2829,47.0351],[-117.2682,47.0279],[-117.255,47.0379],[-117.2458,47.0619],[-117.2383,47.067],[-117.2234,47.0567],[-117.2234,47.0642],[-117.1846,47.0646],[-117.1892,47.0683],[-117.2038,47.068],[-117.2139,47.0788],[-117.1544,47.0796],[-117.1493,47.0742],[-117.1378,47.0746],[-117.139,47.0942],[-117.1323,47.0943],[-117.1241,47.1088],[-117.1491,47.1087],[-117.1555,47.1234],[-117.1959,47.1233],[-117.2006,47.126],[-117.1922,47.1342],[-117.1864,47.1457],[-117.174,47.1412],[-117.1647,47.1417],[-117.1402,47.1526],[-117.139,47.1599],[-117.1712,47.1601],[-117.1717,47.182],[-117.1718,47.1967],[-117.1852,47.1968],[-117.1825,47.2052],[-117.1612,47.2182],[-117.1829,47.2297],[-117.1719,47.237],[-117.1721,47.2596],[-117.2044,47.2596]]]},"properties":{"ZCTA5CE10":"99158"}},{"type":"Feature","geometry":{"type":"Polygon","coordinates":[[[-117.15,46.7295],[-117.1492,46.7331],[-117.1591,46.73],[-117.15,46.7295]]]},"properties":{"ZCTA5CE10":"99164"}},{"type":"Feature","geometry":{"type":"Polygon","coordinates":[[[-118.2515,47.3001],[-118.2628,47.2989],[-118.2634,47.3035],[-118.2738,47.3006],[-118.3029,47.3041],[-118.395,47.3043],[-118.4207,47.3156],[-118.4224,47.3134],[-118.4384,47.3109],[-118.4366,47.3064],[-118.4445,47.2992],[-118.4693,47.3046],[-118.4875,47.3049],[-118.4877,47.2753],[-118.4457,47.2754],[-118.4447,47.2608],[-118.5791,47.2611],[-118.579,47.2058],[-118.6432,47.2063],[-118.6438,47.1769],[-118.6219,47.1768],[-118.6218,47.1915],[-118.5793,47.1912],[-118.5798,47.1552],[-118.6239,47.1544],[-118.6438,47.1525],[-118.7275,47.1521],[-118.7271,47.1303],[-118.7683,47.1302],[-118.7688,47.1157],[-118.8107,47.1156],[-118.8115,47.1301],[-118.8535,47.1298],[-118.8531,47.1589],[-118.9168,47.159],[-118.9176,47.1299],[-118.9812,47.1304],[-118.9812,47.0719],[-118.9177,47.0718],[-118.918,47.0429],[-118.939,47.0425],[-118.9399,47.028],[-118.7685,47.0281],[-118.7687,47.0567],[-118.7662,47.0577],[-118.6631,47.0581],[-118.6629,47.0726],[-118.6206,47.0726],[-118.6213,47.0149],[-118.6003,47.0155],[-118.601,47.0741],[-118.5554,47.0753],[-118.5565,47.022],[-118.5342,47.0232],[-118.5305,47.0085],[-118.5137,47.0154],[-118.4889,47.0229],[-118.472,47.0182],[-118.4722,47.0256],[-118.4424,47.0469],[-118.4224,47.0533],[-118.4113,47.063],[-118.4084,47.0743],[-118.3654,47.0744],[-118.365,47.0597],[-118.3867,47.0597],[-118.3889,47.0425],[-118.4184,47.0337],[-118.4558,47.0156],[-118.472,47.0154],[-118.4716,46.9725],[-118.461,46.9715],[-118.4606,46.9461],[-118.4509,46.9492],[-118.4284,46.9522],[-118.3955,46.9685],[-118.3938,46.9565],[-118.3968,46.9496],[-118.4074,46.9496],[-118.4073,46.9423],[-118.3968,46.9423],[-118.3968,46.9132],[-118.399,46.8977],[-118.3567,46.8975],[-118.3333,46.8984],[-118.3327,46.9134],[-118.3007,46.9136],[-118.3012,46.9575],[-118.2213,46.9576],[-118.2225,46.9674],[-118.213,46.9829],[-118.2061,47.016],[-118.1899,47.0248],[-118.1738,47.0303],[-118.1548,47.0305],[-118.1383,47.0378],[-118.1369,47.0427],[-118.1224,47.0501],[-118.1097,47.0406],[-118.1093,47.0286],[-118.1018,47.0184],[-118.0875,47.016],[-118.088,46.9875],[-118.0874,46.9199],[-118.085,46.9169],[-118.0299,46.9129],[-118.0224,46.9066],[-118.0112,46.9032],[-118.0033,46.9057],[-117.9904,46.9267],[-117.9844,46.93],[-117.9834,46.9408],[-117.959,46.9313],[-117.9601,47.0287],[-117.9597,47.0726],[-117.9597,47.1349],[-117.9607,47.2443],[-117.9601,47.2604],[-118.0443,47.2604],[-118.0558,47.254],[-118.0658,47.2446],[-118.0834,47.2339],[-118.1157,47.2237],[-118.1158,47.205],[-118.1213,47.2001],[-118.1201,47.1891],[-118.1255,47.1796],[-118.1205,47.1647],[-118.136,47.1525],[-118.1489,47.1542],[-118.1593,47.1523],[-118.1774,47.1409],[-118.1948,47.1346],[-118.1942,47.1769],[-118.2133,47.1768],[-118.2152,47.1912],[-118.2251,47.2094],[-118.2228,47.212],[-118.1952,47.2197],[-118.1936,47.2058],[-118.1726,47.2056],[-118.1721,47.22],[-118.1443,47.2195],[-118.1514,47.2326],[-118.1504,47.2522],[-118.1609,47.2525],[-118.1644,47.2612],[-118.252,47.2612],[-118.2516,47.2748],[-118.2486,47.2816],[-118.2515,47.3001]]]},"properties":{"ZCTA5CE10":"99169"}},{"type":"Feature","geometry":{"type":"Polygon","coordinates":[[[-118.2213,46.9576],[-118.3012,46.9575],[-118.3007,46.9136],[-118.3327,46.9134],[-118.3333,46.8984],[-118.3567,46.8975],[-118.399,46.8977],[-118.3996,46.8611],[-118.4393,46.8607],[-118.4419,46.854],[-118.4629,46.8541],[-118.4631,46.8395],[-118.4831,46.8394],[-118.4836,46.781],[-118.5049,46.7809],[-118.5055,46.7368],[-118.4271,46.7368],[-118.4316,46.7263],[-118.4327,46.708],[-118.4228,46.6969],[-118.4144,46.7001],[-118.3811,46.7179],[-118.3443,46.7361],[-118.3409,46.7239],[-118.352,46.7177],[-118.3593,46.6978],[-118.3742,46.6783],[-118.3339,46.6775],[-118.3078,46.6688],[-118.2877,46.6686],[-118.2743,46.6634],[-118.2652,46.6566],[-118.258,46.6657],[-118.2507,46.6675],[-118.2289,46.6641],[-118.2217,46.681],[-118.2242,46.6912],[-118.2411,46.7188],[-118.2491,46.7341],[-118.2403,46.738],[-118.2335,46.7339],[-118.2051,46.7401],[-118.1899,46.7514],[-118.1838,46.7477],[-118.1697,46.7466],[-118.1693,46.7596],[-118.1903,46.7523],[-118.2071,46.7443],[-118.2264,46.7417],[-118.2419,46.7458],[-118.2222,46.7606],[-118.1926,46.7747],[-118.1817,46.7877],[-118.1686,46.7907],[-118.1676,46.8164],[-118.1688,46.8341],[-118.1643,46.8476],[-118.1742,46.8653],[-118.1741,46.8835],[-118.1831,46.8879],[-118.1805,46.8992],[-118.1681,46.8989],[-118.1659,46.914],[-118.2143,46.9137],[-118.2156,46.9391],[-118.2213,46.9576]]]},"properties":{"ZCTA5CE10":"99371"}},{"type":"Feature","geometry":{"type":"Polygon","coordinates":[[[-119.1632,46.1946],[-119.2011,46.1666],[-119.2024,46.1182],[-119.2202,46.0963],[-119.2232,46.0886],[-119.2217,46.0777],[-119.2233,46.0625],[-119.1774,46.0611],[-119.176,46.0749],[-119.1667,46.0943],[-119.1637,46.1059],[-119.1588,46.1034],[-119.1555,46.0917],[-119.157,46.0851],[-119.1447,46.0766],[-119.1457,46.0699],[-119.1401,46.0676],[-119.1402,46.0603],[-119.1097,46.06],[-119.1093,46.0389],[-119.1201,46.0377],[-119.1202,46.0236],[-119.1832,46.024],[-119.2246,46.0253],[-119.228,46.0157],[-119.2356,46.0101],[-119.2559,46.0006],[-119.2344,45.995],[-119.2187,45.9994],[-119.2152,45.9962],[-119.2041,45.9975],[-119.2042,45.9664],[-119.1875,45.9662],[-119.1757,45.9687],[-119.1749,45.9762],[-119.166,45.9715],[-119.1688,45.9503],[-119.1632,45.9509],[-119.163,45.9846],[-119.1447,45.9894],[-119.1237,45.9896],[-119.1252,45.9809],[-119.1413,45.9804],[-119.1416,45.951],[-119.1632,45.9376],[-119.1813,45.9347],[-119.2044,45.938],[-119.2043,45.9293],[-119.1695,45.9276],[-119.1261,45.9329],[-119.0932,45.9427],[-119.0615,45.9585],[-119.0271,45.9691],[-119.0086,45.9793],[-118.9871,45.9999],[-118.9627,46.0186],[-118.9442,46.0257],[-118.9411,46.0293],[-118.9477,46.0488],[-118.9425,46.0637],[-118.9426,46.0747],[-118.9685,46.1168],[-118.9669,46.128],[-118.9716,46.1358],[-118.9888,46.1534],[-119.0174,46.1787],[-119.0414,46.1929],[-119.0499,46.1972],[-119.0908,46.2117],[-119.0975,46.215],[-119.1071,46.209],[-119.0948,46.1982],[-119.1565,46.1986],[-119.1632,46.1946]]]},"properties":{"ZCTA5CE10":"99337"}},{"type":"Feature","geometry":{"type":"Polygon","coordinates":[[[-119.3687,46.2647],[-119.3583,46.2571],[-119.3282,46.2571],[-119.3263,46.2714],[-119.3146,46.2716],[-119.3285,46.2888],[-119.3245,46.2925],[-119.3242,46.2947],[-119.3331,46.2975],[-119.3291,46.3093],[-119.3396,46.3129],[-119.3409,46.3298],[-119.3486,46.3334],[-119.3462,46.3415],[-119.3938,46.3675],[-119.4164,46.3792],[-119.4318,46.3798],[-119.4356,46.3735],[-119.4376,46.3653],[-119.4284,46.3593],[-119.4303,46.3107],[-119.415,46.3006],[-119.3991,46.3008],[-119.3988,46.2934],[-119.4042,46.2935],[-119.3884,46.283],[-119.3887,46.2715],[-119.3687,46.2717],[-119.3687,46.2647]]]},"properties":{"ZCTA5CE10":"99353"}},{"type":"Feature","geometry":{"type":"Polygon","coordinates":[[[-120.4251,47.4471],[-120.4332,47.4428],[-120.4398,47.4313],[-120.4372,47.4248],[-120.4456,47.4186],[-120.4543,47.4049],[-120.4533,47.3985],[-120.4333,47.387],[-120.4146,47.361],[-120.4042,47.353],[-120.4025,47.3409],[-120.3963,47.3296],[-120.4121,47.3297],[-120.4128,47.3239],[-120.4258,47.3154],[-120.4246,47.3054],[-120.4345,47.3064],[-120.4435,47.2971],[-120.4503,47.2956],[-120.4579,47.2986],[-120.4472,47.2885],[-120.4263,47.2741],[-120.4058,47.274],[-120.3885,47.2611],[-120.3435,47.2615],[-120.2594,47.2614],[-120.2073,47.2618],[-120.2067,47.2769],[-120.1964,47.2768],[-120.2018,47.2842],[-120.2215,47.2927],[-120.2311,47.2893],[-120.2465,47.2961],[-120.2364,47.3057],[-120.2424,47.3108],[-120.1935,47.3372],[-120.1921,47.3411],[-120.2174,47.341],[-120.2171,47.334],[-120.2389,47.3339],[-120.2389,47.3479],[-120.2604,47.3478],[-120.2601,47.3622],[-120.2666,47.3624],[-120.2526,47.3719],[-120.2481,47.381],[-120.2865,47.3931],[-120.2932,47.4008],[-120.302,47.4244],[-120.3085,47.4323],[-120.318,47.4569],[-120.3165,47.472],[-120.3099,47.4906],[-120.3029,47.5201],[-120.2928,47.5382],[-120.2753,47.5518],[-120.2594,47.5585],[-120.2536,47.5726],[-120.2445,47.5791],[-120.2336,47.5976],[-120.2366,47.6093],[-120.2375,47.628],[-120.2652,47.6213],[-120.2897,47.6187],[-120.2924,47.6212],[-120.3095,47.6172],[-120.307,47.6235],[-120.3231,47.6112],[-120.3316,47.6148],[-120.3436,47.6066],[-120.346,47.6119],[-120.3579,47.6049],[-120.371,47.6153],[-120.3997,47.6151],[-120.4078,47.6224],[-120.4204,47.6243],[-120.4319,47.6334],[-120.442,47.6376],[-120.4556,47.6424],[-120.4588,47.6299],[-120.4557,47.6202],[-120.4549,47.6055],[-120.4415,47.5996],[-120.427,47.5998],[-120.4168,47.5969],[-120.3747,47.5675],[-120.3731,47.5596],[-120.3582,47.5411],[-120.3527,47.5261],[-120.3799,47.5248],[-120.3735,47.5143],[-120.3721,47.5019],[-120.3741,47.4863],[-120.3974,47.4944],[-120.4112,47.4863],[-120.399,47.4822],[-120.3999,47.4723],[-120.3891,47.4602],[-120.4036,47.4582],[-120.4111,47.4538],[-120.4101,47.449],[-120.422,47.4444],[-120.4251,47.4471]]]},"properties":{"ZCTA5CE10":"98801"}},{"type":"Feature","geometry":{"type":"Polygon","coordinates":[[[-122.5503,45.5973],[-122.5237,45.5896],[-122.4923,45.5833],[-122.4758,45.5787],[-122.4759,45.6213],[-122.4956,45.6212],[-122.5041,45.6155],[-122.5594,45.621],[-122.5537,45.6139],[-122.5503,45.5973]]]},"properties":{"ZCTA5CE10":"98683"}},{"type":"Feature","geometry":{"type":"Polygon","coordinates":[[[-122.2509,45.6648],[-122.2666,45.6696],[-122.2706,45.6745],[-122.2668,45.6799],[-122.2737,45.6843],[-122.2737,45.6937],[-122.2786,45.6994],[-122.2937,45.7047],[-122.3153,45.7193],[-122.323,45.7311],[-122.3225,45.7214],[-122.3297,45.7161],[-122.3417,45.7131],[-122.3464,45.716],[-122.3724,45.7156],[-122.3728,45.6942],[-122.3935,45.6943],[-122.3932,45.661],[-122.4,45.6569],[-122.4172,45.6569],[-122.4067,45.6501],[-122.4449,45.6506],[-122.4519,45.647],[-122.4553,45.6559],[-122.4668,45.6564],[-122.4476,45.6432],[-122.4568,45.6388],[-122.4618,45.6356],[-122.4759,45.6355],[-122.4759,45.6213],[-122.4758,45.5787],[-122.4539,45.5673],[-122.4387,45.5636],[-122.4107,45.5676],[-122.3836,45.5755],[-122.3799,45.5827],[-122.3691,45.5817],[-122.3731,45.5891],[-122.3856,45.5918],[-122.3856,45.5965],[-122.3718,45.5975],[-122.3737,45.6227],[-122.3832,45.6276],[-122.3831,45.6351],[-122.378,45.6323],[-122.3674,45.6412],[-122.3509,45.6458],[-122.3457,45.6576],[-122.3072,45.6549],[-122.2807,45.6578],[-122.2807,45.665],[-122.2509,45.6648]]]},"properties":{"ZCTA5CE10":"98607"}},{"type":"Feature","geometry":{"type":"Polygon","coordinates":[[[-118.0861,46.4527],[-118.0744,46.4412],[-118.0744,46.4121],[-118.0538,46.4119],[-118.0541,46.3941],[-118.0681,46.3935],[-118.0823,46.3892],[-118.0891,46.3938],[-118.0958,46.3899],[-118.1093,46.3898],[-118.1229,46.3729],[-118.1115,46.3714],[-118.1185,46.3453],[-118.1167,46.3398],[-118.1063,46.3416],[-118.1075,46.3318],[-118.1189,46.3244],[-118.1328,46.3033],[-118.1317,46.2954],[-118.1161,46.2955],[-118.1166,46.2791],[-118.0957,46.2772],[-118.0957,46.2809],[-118.0539,46.2806],[-118.0539,46.2661],[-118.072,46.2678],[-118.0827,46.2665],[-118.0793,46.2451],[-118.0752,46.2382],[-118.0758,46.2257],[-118.0685,46.2207],[-118.0621,46.2078],[-117.9913,46.2078],[-117.9929,46.0627],[-117.9929,46.0199],[-117.9969,46.0008],[-117.8839,46.0003],[-117.7178,45.9999],[-117.6032,45.9989],[-117.6036,46.1207],[-117.613,46.1206],[-117.6126,46.1856],[-117.6314,46.1913],[-117.641,46.1897],[-117.663,46.1972],[-117.693,46.1991],[-117.7045,46.2035],[-117.712,46.217],[-117.7215,46.2222],[-117.7242,46.2281],[-117.6941,46.2404],[-117.6796,46.2481],[-117.6595,46.2708],[-117.6543,46.2941],[-117.6941,46.2942],[-117.6911,46.2973],[-117.6992,46.3085],[-117.7019,46.3273],[-117.7066,46.3351],[-117.7067,46.3533],[-117.7097,46.3685],[-117.7165,46.3682],[-117.7165,46.3831],[-117.7378,46.3831],[-117.7381,46.3979],[-117.7592,46.3977],[-117.7592,46.4109],[-117.7539,46.4139],[-117.7576,46.4196],[-117.7519,46.4296],[-117.7511,46.4397],[-117.7866,46.4457],[-117.8006,46.4526],[-117.8202,46.4537],[-117.8209,46.4579],[-117.8062,46.457],[-117.7947,46.4532],[-117.7798,46.4531],[-117.7795,46.4714],[-117.8633,46.4709],[-117.8619,46.5601],[-117.8528,46.5602],[-117.8518,46.6248],[-117.8695,46.6195],[-117.8782,46.6089],[-117.8819,46.5922],[-117.8919,46.5854],[-117.909,46.5848],[-117.9529,46.5921],[-117.9801,46.5878],[-117.9797,46.5702],[-117.9655,46.555],[-117.9387,46.5554],[-117.9384,46.5447],[-117.9231,46.5312],[-117.9174,46.5305],[-117.9335,46.5225],[-117.9475,46.5108],[-117.9716,46.5097],[-117.974,46.513],[-118.0318,46.5031],[-118.0315,46.5295],[-117.9873,46.5297],[-117.9869,46.5495],[-117.9906,46.5544],[-118.0011,46.5545],[-118.0263,46.5432],[-118.0536,46.5369],[-118.0629,46.5232],[-118.0756,46.5159],[-118.0778,46.5081],[-118.0932,46.5108],[-118.0969,46.5078],[-118.065,46.5047],[-118.0537,46.4945],[-118.0495,46.4834],[-118.058,46.4716],[-118.0658,46.4714],[-118.0633,46.4589],[-118.0674,46.4519],[-118.0737,46.4576],[-118.0848,46.4587],[-118.0861,46.4527]]]},"properties":{"ZCTA5CE10":"99328"}},{"type":"Feature","geometry":{"type":"Polygon","coordinates":[[[-119.2122,47.8358],[-119.2184,47.835],[-119.2312,47.8448],[-119.252,47.844],[-119.3839,47.8445],[-119.4698,47.8445],[-119.4701,47.8408],[-119.4905,47.8408],[-119.4935,47.8444],[-119.5124,47.8445],[-119.5133,47.7432],[-119.5295,47.7431],[-119.5346,47.7395],[-119.5349,47.6852],[-119.5993,47.6849],[-119.602,47.6654],[-119.6323,47.6612],[-119.6377,47.658],[-119.6485,47.6599],[-119.6743,47.6503],[-119.6788,47.6438],[-119.6791,47.6275],[-119.669,47.6063],[-119.6706,47.599],[-119.7055,47.57],[-119.7053,47.5264],[-119.6841,47.5266],[-119.6838,47.4692],[-119.5334,47.47],[-119.5329,47.5276],[-119.4898,47.5271],[-119.4535,47.5275],[-119.4535,47.5312],[-119.3947,47.5309],[-119.3946,47.4791],[-119.3888,47.4801],[-119.3809,47.4903],[-119.3628,47.4986],[-119.3586,47.5045],[-119.3474,47.5014],[-119.3232,47.5054],[-119.3072,47.5052],[-119.2988,47.5125],[-119.2768,47.5366],[-119.2768,47.5079],[-119.2546,47.5399],[-119.214,47.5401],[-119.1924,47.5392],[-119.1922,47.5102],[-119.1495,47.5098],[-119.1494,47.5242],[-119.1494,47.5678],[-119.1708,47.568],[-119.1705,47.6123],[-119.192,47.6123],[-119.1919,47.6645],[-119.2135,47.66],[-119.2135,47.663],[-119.2349,47.663],[-119.2345,47.7071],[-119.2323,47.7137],[-119.2191,47.7137],[-119.2198,47.7266],[-119.2131,47.7313],[-119.2292,47.732],[-119.2328,47.7386],[-119.2463,47.7284],[-119.2527,47.7281],[-119.2663,47.7116],[-119.2657,47.7034],[-119.2782,47.6835],[-119.2721,47.6803],[-119.2733,47.6693],[-119.2935,47.6249],[-119.3,47.6174],[-119.33,47.6263],[-119.3206,47.6268],[-119.3204,47.6702],[-119.2988,47.6702],[-119.2987,47.7283],[-119.2773,47.7281],[-119.2775,47.7425],[-119.2559,47.7423],[-119.2558,47.7717],[-119.2341,47.7719],[-119.2339,47.8007],[-119.2125,47.8007],[-119.2122,47.8358]]]},"properties":{"ZCTA5CE10":"99115"}},{"type":"Feature","geometry":{"type":"Polygon","coordinates":[[[-120.2445,47.5791],[-120.2386,47.5791],[-120.2261,47.6058],[-120.2281,47.6225],[-120.2217,47.6271],[-120.2083,47.6266],[-120.196,47.6325],[-120.1801,47.6318],[-120.1687,47.6363],[-120.1551,47.6481],[-120.1549,47.6547],[-120.1661,47.65],[-120.1696,47.6446],[-120.1903,47.6391],[-120.196,47.6404],[-120.1732,47.6503],[-120.172,47.6641],[-120.1574,47.673],[-120.1556,47.6865],[-120.1642,47.6883],[-120.1622,47.6972],[-120.1558,47.7013],[-120.134,47.7089],[-120.1346,47.7144],[-120.1233,47.7236],[-120.1154,47.7245],[-120.1218,47.7336],[-120.0955,47.7403],[-120.0801,47.7341],[-120.0688,47.7399],[-120.0571,47.7401],[-120.0512,47.7441],[-120.0319,47.7463],[-120.0255,47.7438],[-120.0017,47.7463],[-120.0164,47.7523],[-120.0006,47.7589],[-119.9862,47.7578],[-119.921,47.7579],[-119.921,47.7724],[-119.8778,47.7723],[-119.8779,47.8294],[-119.8616,47.8308],[-119.8622,47.8434],[-119.8781,47.8446],[-119.878,47.8588],[-119.9208,47.8592],[-119.9208,47.8331],[-119.9444,47.8373],[-119.9539,47.8336],[-119.9652,47.8218],[-119.9707,47.8103],[-119.9754,47.8118],[-119.9784,47.8007],[-119.9927,47.7832],[-120.0034,47.7791],[-120.0205,47.7793],[-120.0383,47.7759],[-120.0695,47.7667],[-120.0942,47.7636],[-120.1159,47.7744],[-120.1309,47.7766],[-120.1431,47.7742],[-120.185,47.7615],[-120.2069,47.7506],[-120.2202,47.7333],[-120.2229,47.7233],[-120.2052,47.7021],[-120.199,47.6823],[-120.2046,47.6716],[-120.2168,47.6637],[-120.2209,47.6503],[-120.2274,47.6473],[-120.2375,47.628],[-120.2366,47.6093],[-120.2336,47.5976],[-120.2445,47.5791]]]},"properties":{"ZCTA5CE10":"98843"}},{"type":"Feature","geometry":{"type":"Polygon","coordinates":[[[-119.4738,48.0784],[-119.4735,47.9961],[-119.4467,48.0042],[-119.4085,48.0042],[-119.4085,47.9613],[-119.513,47.961],[-119.5131,47.9504],[-119.5351,47.9506],[-119.543,47.9443],[-119.5646,47.9429],[-119.6071,47.9462],[-119.6398,47.9533],[-119.6516,47.968],[-119.6588,47.9606],[-119.6621,47.9443],[-119.6749,47.9351],[-119.6814,47.924],[-119.687,47.9244],[-119.6855,47.9334],[-119.6853,47.9608],[-119.7115,47.9608],[-119.7117,47.9764],[-119.723,47.9753],[-119.7673,47.9752],[-119.7726,47.9787],[-119.7778,47.968],[-119.7878,47.9679],[-119.7898,47.9607],[-119.8704,47.9604],[-119.8703,47.9603],[-119.8599,47.9432],[-119.8634,47.937],[-119.7982,47.8598],[-119.8136,47.8496],[-119.8136,47.7575],[-119.792,47.7574],[-119.7915,47.7107],[-119.7804,47.7068],[-119.7602,47.714],[-119.6884,47.7138],[-119.6853,47.718],[-119.6853,47.732],[-119.6639,47.7319],[-119.6639,47.7284],[-119.6211,47.728],[-119.6213,47.7003],[-119.6105,47.6982],[-119.5993,47.6849],[-119.5349,47.6852],[-119.5346,47.7395],[-119.5295,47.7431],[-119.5133,47.7432],[-119.5124,47.8445],[-119.4935,47.8444],[-119.4905,47.8408],[-119.4701,47.8408],[-119.4698,47.8445],[-119.3839,47.8445],[-119.252,47.844],[-119.2312,47.8448],[-119.2184,47.835],[-119.2122,47.8358],[-119.2121,47.8876],[-119.1907,47.8879],[-119.1906,47.9025],[-119.1904,47.9317],[-119.2551,47.9317],[-119.2551,47.9462],[-119.2767,47.9464],[-119.2495,47.9569],[-119.2024,47.9705],[-119.2129,47.9798],[-119.2128,47.9934],[-119.196,47.9895],[-119.1693,47.9897],[-119.1695,48.0403],[-119.1841,48.0479],[-119.1954,48.0647],[-119.2109,48.0813],[-119.2209,48.0885],[-119.2367,48.091],[-119.2488,48.1017],[-119.2439,48.1067],[-119.2558,48.1019],[-119.2733,48.1064],[-119.2929,48.1153],[-119.3011,48.1146],[-119.3254,48.0996],[-119.3295,48.0901],[-119.33,48.0647],[-119.3361,48.0523],[-119.341,48.0495],[-119.3661,48.0528],[-119.3964,48.0494],[-119.4185,48.0587],[-119.4352,48.0753],[-119.4412,48.0782],[-119.4738,48.0784]]]},"properties":{"ZCTA5CE10":"98830"}},{"type":"Feature","geometry":{"type":"Polygon","coordinates":[[[-118.4244,48.759],[-118.4325,48.7618],[-118.4438,48.7716],[-118.4589,48.775],[-118.4679,48.7879],[-118.4773,48.7936],[-118.4977,48.7949],[-118.4934,48.8058],[-118.5012,48.8017],[-118.5083,48.8066],[-118.5169,48.8024],[-118.5142,48.8117],[-118.5181,48.8196],[-118.5346,48.8247],[-118.5315,48.8274],[-118.5924,48.8276],[-118.5926,48.8334],[-118.6147,48.8327],[-118.6242,48.8278],[-118.6369,48.8278],[-118.6369,48.8723],[-118.6465,48.869],[-118.6526,48.8578],[-118.6651,48.8576],[-118.6738,48.8535],[-118.677,48.8469],[-118.6916,48.8442],[-118.7005,48.8344],[-118.7017,48.8282],[-118.7397,48.8283],[-118.7445,48.8145],[-118.7409,48.8061],[-118.7434,48.799],[-118.706,48.7989],[-118.7059,48.7915],[-118.6366,48.7914],[-118.6353,48.7834],[-118.6507,48.7828],[-118.6562,48.7771],[-118.6484,48.7734],[-118.6149,48.7839],[-118.6149,48.7694],[-118.5716,48.7695],[-118.572,48.7406],[-118.4353,48.7409],[-118.429,48.7556],[-118.4244,48.759]]]},"properties":{"ZCTA5CE10":"99150"}},{"type":"Feature","geometry":{"type":"Polygon","coordinates":[[[-119.128,46.6648],[-119.141,46.666],[-119.1503,46.6731],[-119.1566,46.6697],[-119.157,46.6618],[-119.1766,46.6719],[-119.1771,46.6199],[-119.2157,46.6202],[-119.2213,46.6057],[-119.2402,46.6056],[-119.2406,46.6435],[-119.2576,46.6352],[-119.2581,46.6257],[-119.2898,46.6054],[-119.3044,46.6049],[-119.3036,46.6534],[-119.2999,46.6639],[-119.3036,46.6677],[-119.3037,46.6784],[-119.3689,46.6782],[-119.3761,46.6777],[-119.4532,46.6792],[-119.4572,46.6721],[-119.4304,46.6592],[-119.4197,46.6571],[-119.4105,46.6493],[-119.4078,46.6404],[-119.4054,46.6149],[-119.3761,46.5911],[-119.3708,46.5842],[-119.354,46.5746],[-119.3316,46.5658],[-119.3138,46.5504],[-119.3046,46.539],[-119.2718,46.5233],[-119.2583,46.4895],[-119.2634,46.4763],[-119.2462,46.4763],[-119.2376,46.4984],[-119.227,46.5005],[-119.2381,46.507],[-119.2127,46.5103],[-119.1877,46.5196],[-119.1498,46.5196],[-119.1457,46.5084],[-119.1406,46.507],[-119.132,46.4952],[-119.132,46.519],[-119.0985,46.518],[-119.0495,46.518],[-119.0493,46.5326],[-119.0293,46.5326],[-119.0279,46.5471],[-119.0071,46.5468],[-118.9846,46.5736],[-118.9575,46.5925],[-118.9267,46.6023],[-118.9007,46.6182],[-118.9004,46.6343],[-119.0063,46.6348],[-119.0063,46.6426],[-119.0467,46.6431],[-119.0933,46.6387],[-119.1437,46.657],[-119.1325,46.6594],[-119.128,46.6648]]]},"properties":{"ZCTA5CE10":"99343"}},{"type":"Feature","geometry":{"type":"Polygon","coordinates":[[[-124.0901,46.9317],[-124.079,46.9347],[-124.0481,46.9386],[-123.9936,46.944],[-123.9285,46.9444],[-123.892,46.9424],[-123.8772,46.9401],[-123.867,46.9434],[-123.8491,46.9434],[-123.8384,46.9474],[-123.8448,46.9533],[-123.8517,46.95],[-123.8522,46.9804],[-123.8372,46.9935],[-123.8414,46.9952],[-123.8416,47.0091],[-123.8234,47.0093],[-123.8203,47.0152],[-123.819,47.0573],[-123.8055,47.0625],[-123.7922,47.0731],[-123.7959,47.0663],[-123.7804,47.066],[-123.7728,47.0726],[-123.7772,47.0768],[-123.7701,47.083],[-123.7775,47.0888],[-123.7743,47.0994],[-123.7806,47.0982],[-123.7911,47.1131],[-123.778,47.1223],[-123.7793,47.1328],[-123.7736,47.1449],[-123.7816,47.1452],[-123.7797,47.1538],[-123.7837,47.1608],[-123.7829,47.1705],[-123.7918,47.1743],[-123.7906,47.1828],[-123.8034,47.187],[-123.8292,47.181],[-123.8372,47.1849],[-123.833,47.1916],[-123.8397,47.2016],[-123.8396,47.2207],[-123.8371,47.2341],[-123.8427,47.2316],[-123.8563,47.2352],[-123.861,47.2405],[-123.8472,47.2404],[-123.8396,47.2442],[-123.8351,47.2496],[-123.8546,47.2507],[-123.8628,47.2479],[-123.8664,47.2523],[-123.8763,47.2467],[-123.8843,47.2505],[-123.889,47.2472],[-123.9045,47.2511],[-123.9157,47.2455],[-123.9153,47.2414],[-123.9275,47.2323],[-123.9453,47.2242],[-123.9577,47.2311],[-123.9925,47.2308],[-124.0036,47.2345],[-124.0086,47.23],[-124.0214,47.2321],[-124.0124,47.2254],[-124.0217,47.2132],[-124.019,47.2009],[-124.0238,47.1727],[-124.0448,47.1726],[-124.0458,47.133],[-124.0506,47.1388],[-124.067,47.1405],[-124.0669,47.1429],[-124.0898,47.1429],[-124.0962,47.1368],[-124.079,47.1126],[-124.0853,47.1154],[-124.1095,47.1146],[-124.1108,47.0757],[-124.1232,47.0748],[-124.1368,47.0635],[-124.1445,47.0662],[-124.1587,47.0657],[-124.1633,47.0561],[-124.1603,47.0458],[-124.1719,47.0438],[-124.1706,47.0175],[-124.1547,47.0179],[-124.158,47.0378],[-124.1519,47.0436],[-124.1379,47.0465],[-124.1113,47.0555],[-124.1104,47.0425],[-124.0896,47.0421],[-124.0901,46.9317]]]},"properties":{"ZCTA5CE10":"98550"}},{"type":"Feature","geometry":{"type":"Polygon","coordinates":[[[-122.3999,47.5908],[-122.3955,47.5883],[-122.3878,47.5949],[-122.3791,47.5849],[-122.3812,47.5812],[-122.3815,47.5575],[-122.3819,47.5138],[-122.3672,47.5139],[-122.3656,47.55],[-122.3751,47.5538],[-122.3762,47.562],[-122.3655,47.5647],[-122.3621,47.5714],[-122.3707,47.5718],[-122.3729,47.5813],[-122.36,47.5847],[-122.3601,47.5915],[-122.3724,47.5887],[-122.3798,47.5975],[-122.3878,47.6006],[-122.3999,47.5908]]]},"properties":{"ZCTA5CE10":"98126"}},{"type":"Feature","geometry":{"type":"Polygon","coordinates":[[[-122.3046,47.6474],[-122.2557,47.6471],[-122.2314,47.6641],[-122.2512,47.6737],[-122.2563,47.6721],[-122.303,47.6721],[-122.3119,47.674],[-122.3282,47.6716],[-122.3291,47.6543],[-122.3265,47.6503],[-122.3199,47.6528],[-122.3124,47.6472],[-122.3122,47.6528],[-122.3046,47.6474]]]},"properties":{"ZCTA5CE10":"98105"}},{"type":"Feature","geometry":{"type":"Polygon","coordinates":[[[-122.3815,47.5575],[-122.3812,47.5812],[-122.3791,47.5849],[-122.3878,47.5949],[-122.3955,47.5883],[-122.3999,47.5908],[-122.4226,47.5804],[-122.4242,47.5726],[-122.416,47.5689],[-122.4098,47.5603],[-122.401,47.5573],[-122.3815,47.5575]]]},"properties":{"ZCTA5CE10":"98116"}},{"type":"Feature","geometry":{"type":"Polygon","coordinates":[[[-122.4143,47.6757],[-122.4027,47.6663],[-122.3912,47.6638],[-122.3605,47.6529],[-122.3545,47.6499],[-122.3572,47.6541],[-122.3574,47.676],[-122.4143,47.6757]]]},"properties":{"ZCTA5CE10":"98107"}},{"type":"Feature","geometry":{"type":"Polygon","coordinates":[[[-122.3201,47.5724],[-122.3294,47.5671],[-122.3295,47.5557],[-122.3427,47.5562],[-122.3349,47.5428],[-122.3325,47.5172],[-122.3375,47.5173],[-122.334,47.5139],[-122.3147,47.5138],[-122.2913,47.5116],[-122.291,47.5608],[-122.2921,47.5702],[-122.2991,47.5725],[-122.3201,47.5724]]]},"properties":{"ZCTA5CE10":"98108"}},{"type":"Feature","geometry":{"type":"Polygon","coordinates":[[[-122.2204,47.5968],[-122.2147,47.587],[-122.2003,47.5782],[-122.1991,47.574],[-122.1876,47.5795],[-122.1921,47.5893],[-122.1881,47.5938],[-122.1832,47.6132],[-122.1827,47.6235],[-122.1855,47.6464],[-122.1963,47.6464],[-122.2138,47.6427],[-122.2096,47.649],[-122.2121,47.6575],[-122.2262,47.6557],[-122.2351,47.6502],[-122.2333,47.6356],[-122.2279,47.6355],[-122.228,47.621],[-122.2202,47.6153],[-122.2204,47.5968]]]},"properties":{"ZCTA5CE10":"98004"}},{"type":"Feature","geometry":{"type":"Polygon","coordinates":[[[-122.0833,47.3911],[-122.0806,47.3776],[-122.0901,47.3733],[-122.0626,47.3727],[-122.0589,47.3661],[-122.0602,47.3494],[-122.0539,47.3436],[-121.999,47.3435],[-121.9951,47.3467],[-121.995,47.3626],[-122.0163,47.3618],[-122.0163,47.3745],[-121.9964,47.3846],[-121.9876,47.3835],[-121.9792,47.3768],[-121.9629,47.3746],[-121.9538,47.3823],[-121.9596,47.3907],[-121.9533,47.3937],[-121.9295,47.3913],[-121.9024,47.3803],[-121.8973,47.388],[-121.8866,47.3898],[-121.8743,47.3852],[-121.8533,47.3911],[-121.8409,47.4],[-121.8195,47.4109],[-121.8251,47.4189],[-121.8214,47.4321],[-121.8141,47.4342],[-121.8081,47.4424],[-121.8283,47.4447],[-121.8227,47.4475],[-121.8323,47.4475],[-121.8434,47.4542],[-121.8463,47.4727],[-121.8619,47.4781],[-121.8792,47.5039],[-121.8845,47.5046],[-121.8915,47.4782],[-121.9108,47.4722],[-121.9214,47.4667],[-121.9359,47.4656],[-121.9468,47.4608],[-121.9594,47.4483],[-121.9645,47.4383],[-121.9728,47.4341],[-121.9731,47.4269],[-121.9884,47.4333],[-121.9943,47.4439],[-122.0372,47.4443],[-122.0521,47.4378],[-122.0368,47.45],[-122.042,47.4554],[-122.0543,47.457],[-122.0583,47.4661],[-122.0583,47.4542],[-122.0742,47.4553],[-122.0767,47.4599],[-122.0796,47.458],[-122.0736,47.4466],[-122.0772,47.4429],[-122.0611,47.4303],[-122.0635,47.4288],[-122.0507,47.4177],[-122.0613,47.4145],[-122.0744,47.4214],[-122.0818,47.4185],[-122.0846,47.4115],[-122.0802,47.4033],[-122.0833,47.3911]]]},"properties":{"ZCTA5CE10":"98038"}},{"type":"Feature","geometry":{"type":"Polygon","coordinates":[[[-122.0557,47.5658],[-122.0357,47.5773],[-122.0358,47.5628],[-122.0427,47.5592],[-122.0241,47.559],[-122.0219,47.5808],[-122.0051,47.5806],[-121.988,47.5754],[-121.9735,47.5844],[-121.9707,47.5946],[-121.9704,47.6012],[-121.9798,47.6013],[-122.0906,47.6023],[-122.098,47.5878],[-122.0897,47.5776],[-122.0751,47.5656],[-122.0557,47.5658]]]},"properties":{"ZCTA5CE10":"98075"}},{"type":"Feature","geometry":{"type":"Polygon","coordinates":[[[-121.7916,47.6936],[-121.7972,47.6892],[-121.8071,47.6889],[-121.8163,47.6955],[-121.8313,47.6943],[-121.8423,47.7123],[-121.8565,47.7229],[-121.8639,47.7203],[-121.8871,47.7241],[-121.8941,47.7145],[-121.8782,47.7134],[-121.8785,47.7074],[-121.8924,47.7098],[-121.9002,47.6944],[-121.9138,47.7052],[-121.9366,47.7012],[-121.9348,47.7065],[-121.9431,47.7089],[-121.9466,47.7041],[-121.9431,47.6916],[-121.9496,47.689],[-121.9722,47.6943],[-121.9811,47.7014],[-121.9949,47.7],[-121.9955,47.709],[-122.0038,47.7052],[-121.9884,47.6869],[-121.9849,47.68],[-121.9658,47.6611],[-121.963,47.6526],[-121.9518,47.6533],[-121.9496,47.6364],[-121.9564,47.6352],[-121.9593,47.6272],[-121.9683,47.6264],[-121.9563,47.6182],[-121.9529,47.6098],[-121.9442,47.6154],[-121.9425,47.6097],[-121.9283,47.6072],[-121.9283,47.598],[-121.9139,47.6048],[-121.9137,47.5886],[-121.9054,47.5915],[-121.9068,47.6009],[-121.8725,47.6018],[-121.8594,47.6139],[-121.843,47.6161],[-121.8439,47.6225],[-121.8312,47.6267],[-121.8304,47.6515],[-121.8151,47.6599],[-121.8139,47.6695],[-121.8076,47.674],[-121.8124,47.6772],[-121.792,47.6907],[-121.7916,47.6936]]]},"properties":{"ZCTA5CE10":"98014"}},{"type":"Feature","geometry":{"type":"Polygon","coordinates":[[[-122.4976,47.503],[-122.5024,47.5049],[-122.5683,47.5053],[-122.6408,47.5049],[-122.6457,47.5012],[-122.6576,47.5168],[-122.6615,47.5255],[-122.6702,47.5294],[-122.6828,47.5275],[-122.693,47.5248],[-122.7132,47.5235],[-122.7212,47.52],[-122.7135,47.5291],[-122.7561,47.5246],[-122.7735,47.5154],[-122.7808,47.4953],[-122.7905,47.494],[-122.801,47.484],[-122.8015,47.404],[-122.7196,47.4035],[-122.6536,47.4035],[-122.653,47.4115],[-122.6432,47.4089],[-122.64,47.4034],[-122.6306,47.4035],[-122.6247,47.4034],[-122.6221,47.4469],[-122.596,47.4469],[-122.585,47.4488],[-122.5772,47.4552],[-122.5758,47.4616],[-122.5382,47.4616],[-122.523,47.4757],[-122.519,47.4742],[-122.5145,47.4857],[-122.4976,47.503]]]},"properties":{"ZCTA5CE10":"98367"}},{"type":"Feature","geometry":{"type":"Polygon","coordinates":[[[-122.6185,47.5531],[-122.6272,47.5649],[-122.6407,47.5604],[-122.6504,47.563],[-122.6517,47.5587],[-122.6576,47.5535],[-122.6499,47.5468],[-122.6185,47.5531]]]},"properties":{"ZCTA5CE10":"98314"}},{"type":"Feature","geometry":{"type":"Polygon","coordinates":[[[-122.5872,47.8381],[-122.584,47.8507],[-122.5936,47.847],[-122.5923,47.8366],[-122.5872,47.8381]]]},"properties":{"ZCTA5CE10":"98364"}},{"type":"Feature","geometry":{"type":"Polygon","coordinates":[[[-121.1469,47.5935],[-121.1469,47.4894],[-121.1467,47.354],[-121.1468,47.276],[-121.1312,47.2709],[-121.1176,47.2599],[-121.1085,47.2577],[-121.1043,47.2484],[-121.0921,47.2379],[-121.0704,47.2377],[-121.0586,47.2341],[-121.0495,47.2229],[-121.0379,47.2255],[-121.0332,47.2231],[-121.0251,47.2229],[-121.0218,47.2328],[-121.006,47.2265],[-121.0062,47.2334],[-120.9849,47.2331],[-120.9847,47.2464],[-120.9755,47.24],[-120.9657,47.2378],[-120.962,47.2329],[-120.95,47.2279],[-120.9351,47.2279],[-120.9217,47.2369],[-120.9198,47.2461],[-120.9045,47.255],[-120.9114,47.2624],[-120.9229,47.265],[-120.9689,47.2665],[-121.005,47.2866],[-121.0157,47.2968],[-121.0402,47.2961],[-121.0535,47.2992],[-121.0659,47.294],[-121.0806,47.2913],[-121.0799,47.2839],[-121.0851,47.2801],[-121.1024,47.2946],[-121.0993,47.3117],[-121.1064,47.3322],[-121.1039,47.3412],[-121.1051,47.356],[-121.0984,47.3825],[-121.094,47.3857],[-121.0948,47.3996],[-121.0914,47.4143],[-121.0794,47.4165],[-121.0531,47.4433],[-121.0479,47.4576],[-121.0488,47.4653],[-121.0446,47.4797],[-121.0219,47.4804],[-120.9993,47.478],[-120.9936,47.473],[-120.9849,47.4579],[-120.9655,47.4575],[-120.9412,47.4423],[-120.9351,47.4592],[-120.952,47.4615],[-120.9465,47.4728],[-120.9552,47.4773],[-120.959,47.4842],[-120.979,47.4904],[-120.9942,47.5044],[-120.9911,47.511],[-120.9965,47.5186],[-121.0238,47.5239],[-121.0257,47.5289],[-121.0401,47.5354],[-121.0471,47.5341],[-121.0706,47.5509],[-121.0901,47.5698],[-121.086,47.5739],[-121.0922,47.5855],[-121.1108,47.5928],[-121.1136,47.5971],[-121.1195,47.5913],[-121.1387,47.5953],[-121.1469,47.5935]]]},"properties":{"ZCTA5CE10":"98940"}},{"type":"Feature","geometry":{"type":"Polygon","coordinates":[[[-121.0332,47.2231],[-121.0252,47.2191],[-120.9945,47.219],[-120.9808,47.2078],[-120.9775,47.2096],[-120.9614,47.2038],[-120.9507,47.2039],[-120.9508,47.2188],[-120.9546,47.2271],[-120.962,47.2329],[-120.9657,47.2378],[-120.9755,47.24],[-120.9847,47.2464],[-120.9849,47.2331],[-121.0062,47.2334],[-121.006,47.2265],[-121.0218,47.2328],[-121.0251,47.2229],[-121.0332,47.2231]]]},"properties":{"ZCTA5CE10":"98941"}},{"type":"Feature","geometry":{"type":"Polygon","coordinates":[[[-121.3848,45.8911],[-121.3221,45.8914],[-121.3218,45.8695],[-121.3153,45.8608],[-121.3221,45.8551],[-121.3221,45.812],[-121.3316,45.8119],[-121.3352,45.7922],[-121.3007,45.7986],[-121.3037,45.8118],[-121.2703,45.812],[-121.2704,45.8044],[-121.2367,45.8107],[-121.228,45.8045],[-121.2144,45.808],[-121.1992,45.8005],[-121.1963,45.8113],[-121.1753,45.8109],[-121.1753,45.8216],[-121.1753,45.823],[-121.1858,45.8259],[-121.1858,45.8404],[-121.1964,45.8404],[-121.1963,45.8995],[-121.1961,45.9041],[-121.209,45.9095],[-121.2266,45.923],[-121.2365,45.9209],[-121.2635,45.9218],[-121.2691,45.9243],[-121.2594,45.9414],[-121.282,45.9498],[-121.2873,45.9468],[-121.2997,45.9305],[-121.3124,45.9229],[-121.3271,45.9253],[-121.3349,45.9173],[-121.3848,45.8911]]]},"properties":{"ZCTA5CE10":"98602"}},{"type":"Feature","geometry":{"type":"Polygon","coordinates":[[[-122.5801,46.3877],[-122.5818,46.4053],[-122.5764,46.4079],[-122.5832,46.4176],[-122.5851,46.4276],[-122.5812,46.4312],[-122.5938,46.431],[-122.5936,46.4622],[-122.6135,46.4657],[-122.6086,46.4745],[-122.5866,46.4856],[-122.5761,46.4887],[-122.5883,46.5031],[-122.5965,46.5031],[-122.6161,46.5099],[-122.6314,46.5098],[-122.6388,46.5162],[-122.6443,46.5133],[-122.6443,46.4974],[-122.6489,46.4951],[-122.6644,46.4984],[-122.6783,46.5098],[-122.6835,46.5037],[-122.6817,46.4949],[-122.6879,46.499],[-122.6906,46.495],[-122.7065,46.4898],[-122.7254,46.4925],[-122.7406,46.4871],[-122.7405,46.5183],[-122.7427,46.516],[-122.7825,46.5109],[-122.7825,46.5177],[-122.8131,46.5178],[-122.817,46.5084],[-122.8369,46.4956],[-122.8427,46.4974],[-122.8499,46.4903],[-122.862,46.4862],[-122.8655,46.4709],[-122.8831,46.4756],[-122.8876,46.4457],[-122.8945,46.4404],[-122.902,46.4271],[-122.909,46.42],[-122.9282,46.4116],[-122.9334,46.4064],[-122.9322,46.3874],[-122.7026,46.3873],[-122.5801,46.3877]]]},"properties":{"ZCTA5CE10":"98591"}},{"type":"Feature","geometry":{"type":"Polygon","coordinates":[[[-121.7328,46.6148],[-121.7252,46.6206],[-121.7228,46.6321],[-121.7139,46.6314],[-121.7113,46.6379],[-121.7183,46.6448],[-121.7245,46.6608],[-121.7674,46.6814],[-121.7847,46.6849],[-121.8009,46.691],[-121.8114,46.7025],[-121.8138,46.7095],[-121.8318,46.7274],[-121.845,46.7261],[-121.8508,46.7292],[-121.8873,46.7272],[-121.901,46.7357],[-121.9248,46.7304],[-121.9387,46.7333],[-121.9569,46.7327],[-121.9696,46.7357],[-121.9797,46.7343],[-122.0134,46.7369],[-122.0259,46.7356],[-122.033,46.7416],[-122.0605,46.7492],[-122.0648,46.7468],[-122.0826,46.7522],[-122.1156,46.7489],[-122.1272,46.7539],[-122.1469,46.7524],[-122.1615,46.7544],[-122.1627,46.7579],[-122.1757,46.7563],[-122.1922,46.7623],[-122.2027,46.7626],[-122.3168,46.763],[-122.3091,46.7519],[-122.3153,46.745],[-122.3167,46.7347],[-122.31,46.7239],[-122.3096,46.7152],[-122.2955,46.7026],[-122.2954,46.6499],[-122.2795,46.644],[-122.2634,46.6424],[-122.2597,46.6482],[-122.2023,46.6483],[-122.1986,46.6658],[-122.1938,46.6658],[-122.199,46.6483],[-122.1988,46.6176],[-122.1989,46.5904],[-122.1787,46.5894],[-122.1519,46.6035],[-122.1307,46.6064],[-122.1386,46.6107],[-122.1484,46.6092],[-122.1493,46.6187],[-122.1435,46.6305],[-122.1254,46.6471],[-122.1167,46.651],[-122.1112,46.6586],[-122.1149,46.6689],[-122.104,46.6607],[-122.0787,46.6309],[-122.0575,46.625],[-122.0445,46.6192],[-122.0329,46.6204],[-122.0154,46.6158],[-122.0007,46.6069],[-121.9974,46.6125],[-121.9852,46.6154],[-121.9825,46.6119],[-121.9756,46.6188],[-121.9589,46.6213],[-121.9543,46.619],[-121.9478,46.6364],[-121.9481,46.647],[-121.9434,46.6541],[-121.9457,46.6608],[-121.9535,46.6652],[-121.945,46.6721],[-121.9138,46.661],[-121.9126,46.6564],[-121.8995,46.6555],[-121.8901,46.6514],[-121.8809,46.6566],[-121.8573,46.6536],[-121.8521,46.6477],[-121.8381,46.6407],[-121.8338,46.642],[-121.8257,46.6339],[-121.7892,46.64],[-121.7799,46.6391],[-121.7557,46.6307],[-121.7515,46.6255],[-121.7328,46.6148]]]},"properties":{"ZCTA5CE10":"98355"}},{"type":"Feature","geometry":{"type":"MultiPolygon","coordinates":[[[[-118.3189,47.935],[-118.3282,47.9244],[-118.3358,47.9108],[-118.3317,47.9059],[-118.3223,47.9077],[-118.3186,47.9137],[-118.3098,47.9167],[-118.2985,47.9257],[-118.2956,47.9327],[-118.2879,47.9368],[-118.2948,47.9413],[-118.3133,47.9308],[-118.3189,47.935]]],[[[-117.9102,47.7947],[-117.9227,47.7865],[-117.9283,47.796],[-117.9388,47.7958],[-117.9389,47.8031],[-117.9494,47.8028],[-117.9493,47.8099],[-117.965,47.81],[-117.9707,47.8173],[-117.9895,47.8174],[-117.9884,47.8298],[-117.9776,47.8305],[-117.9419,47.823],[-117.9487,47.8273],[-117.9674,47.8328],[-117.9892,47.8349],[-117.997,47.8307],[-118.009,47.8158],[-118.0112,47.8071],[-118.0247,47.8018],[-118.0339,47.8032],[-118.0496,47.7933],[-118.0519,47.7984],[-118.0625,47.7973],[-118.0782,47.8002],[-118.0824,47.8075],[-118.0992,47.8239],[-118.0968,47.8277],[-118.1096,47.8328],[-118.1192,47.8324],[-118.1186,47.8458],[-118.1235,47.8584],[-118.1486,47.8866],[-118.1606,47.8851],[-118.1595,47.8962],[-118.1641,47.9015],[-118.1786,47.9022],[-118.1765,47.9101],[-118.1873,47.9189],[-118.1905,47.926],[-118.2006,47.9283],[-118.2029,47.9371],[-118.213,47.9453],[-118.2319,47.9396],[-118.249,47.9431],[-118.2601,47.9342],[-118.272,47.9324],[-118.2889,47.9202],[-118.3155,47.91],[-118.3213,47.8964],[-118.3409,47.8944],[-118.3499,47.8826],[-118.3481,47.877],[-118.3541,47.8649],[-118.3571,47.8416],[-118.3681,47.833],[-118.3804,47.8311],[-118.3661,47.8207],[-118.3556,47.8163],[-118.3417,47.8151],[-118.3342,47.8081],[-118.3204,47.8074],[-118.3293,47.798],[-118.3278,47.785],[-118.3326,47.775],[-118.35,47.7734],[-118.3523,47.7594],[-118.3734,47.7592],[-118.3771,47.7565],[-118.3783,47.7432],[-118.3751,47.7313],[-118.3771,47.7157],[-118.3867,47.7141],[-118.3875,47.7062],[-118.4074,47.6955],[-118.4077,47.6914],[-118.4198,47.6816],[-118.4199,47.6574],[-118.3985,47.6566],[-118.4008,47.6397],[-118.4189,47.6398],[-118.4204,47.643],[-118.4348,47.6409],[-118.4404,47.6432],[-118.456,47.6406],[-118.4694,47.6456],[-118.4877,47.6421],[-118.5022,47.6428],[-118.548,47.6415],[-118.5489,47.6237],[-118.5445,47.6205],[-118.5299,47.5965],[-118.5171,47.5837],[-118.5068,47.5806],[-118.593,47.5804],[-118.593,47.5522],[-118.5721,47.5476],[-118.5707,47.5366],[-118.5712,47.503],[-118.5585,47.5031],[-118.5488,47.5083],[-118.5403,47.5082],[-118.5338,47.5162],[-118.5108,47.5282],[-118.4907,47.5344],[-118.4763,47.5427],[-118.4638,47.5375],[-118.4593,47.5397],[-118.4285,47.5381],[-118.4341,47.5309],[-118.4211,47.5234],[-118.3928,47.523],[-118.3954,47.5308],[-118.3889,47.5413],[-118.3796,47.548],[-118.3782,47.5584],[-118.3693,47.5635],[-118.3581,47.5601],[-118.3584,47.5311],[-118.3569,47.5233],[-118.3567,47.4937],[-118.2902,47.4931],[-118.2848,47.4865],[-118.2546,47.4857],[-118.2501,47.4894],[-118.2498,47.5363],[-118.2393,47.5363],[-118.2391,47.5412],[-118.2291,47.5519],[-118.2295,47.5579],[-118.2082,47.5579],[-118.1755,47.5614],[-118.1947,47.5409],[-118.1997,47.5326],[-118.2208,47.512],[-118.1976,47.5111],[-118.168,47.5205],[-118.1752,47.5114],[-118.1766,47.5036],[-118.1719,47.4941],[-118.1859,47.4901],[-118.1875,47.4749],[-118.1841,47.4643],[-118.1219,47.4654],[-118.1218,47.4588],[-118.1151,47.4654],[-118.0949,47.4653],[-118.0576,47.4653],[-118.0571,47.4783],[-118.0447,47.4898],[-118.0374,47.4908],[-118.0332,47.5047],[-118.0148,47.5215],[-118.0015,47.5232],[-117.9928,47.5293],[-117.9722,47.5291],[-117.9729,47.5734],[-117.9812,47.5827],[-117.9925,47.6028],[-117.9934,47.6141],[-117.9695,47.6146],[-117.9706,47.6436],[-117.969,47.6578],[-117.9524,47.658],[-117.9379,47.6607],[-117.93,47.6676],[-117.9401,47.666],[-117.9493,47.6753],[-117.9497,47.6942],[-117.9278,47.6944],[-117.9285,47.7305],[-117.9065,47.7307],[-117.9067,47.7423],[-117.8879,47.7508],[-117.8925,47.7689],[-117.8963,47.7725],[-117.8941,47.7816],[-117.9099,47.7918],[-117.9102,47.7947]]]]},"properties":{"ZCTA5CE10":"99122"}},{"type":"Feature","geometry":{"type":"Polygon","coordinates":[[[-118.5369,47.8768],[-118.5396,47.8741],[-118.5593,47.8741],[-118.5589,47.8599],[-118.5811,47.8598],[-118.5812,47.8452],[-118.5921,47.8451],[-118.5921,47.8309],[-118.5811,47.8307],[-118.5812,47.8017],[-118.57,47.8018],[-118.57,47.7945],[-118.5922,47.7926],[-118.5922,47.7775],[-118.5701,47.7729],[-118.5701,47.7611],[-118.5961,47.7473],[-118.6106,47.7483],[-118.6135,47.7433],[-118.6348,47.7436],[-118.6347,47.7291],[-118.656,47.7291],[-118.6572,47.6871],[-118.7003,47.6853],[-118.7006,47.6709],[-118.7216,47.6707],[-118.721,47.6416],[-118.6597,47.642],[-118.6349,47.6414],[-118.6355,47.5809],[-118.593,47.5804],[-118.5068,47.5806],[-118.5171,47.5837],[-118.5299,47.5965],[-118.5445,47.6205],[-118.5489,47.6237],[-118.548,47.6415],[-118.5022,47.6428],[-118.4877,47.6421],[-118.4694,47.6456],[-118.456,47.6406],[-118.4404,47.6432],[-118.4348,47.6409],[-118.4204,47.643],[-118.4189,47.6398],[-118.4008,47.6397],[-118.3985,47.6566],[-118.4199,47.6574],[-118.4198,47.6816],[-118.4077,47.6914],[-118.4074,47.6955],[-118.3875,47.7062],[-118.3867,47.7141],[-118.3771,47.7157],[-118.3751,47.7313],[-118.3783,47.7432],[-118.3771,47.7565],[-118.3734,47.7592],[-118.3523,47.7594],[-118.35,47.7734],[-118.3326,47.775],[-118.3278,47.785],[-118.3293,47.798],[-118.3204,47.8074],[-118.3342,47.8081],[-118.3417,47.8151],[-118.3774,47.8131],[-118.398,47.8104],[-118.4075,47.8055],[-118.4195,47.8047],[-118.4192,47.8142],[-118.425,47.8239],[-118.4334,47.8284],[-118.4415,47.8247],[-118.4584,47.8291],[-118.4621,47.8261],[-118.4837,47.8225],[-118.484,47.8685],[-118.4903,47.8718],[-118.5077,47.8694],[-118.5295,47.8703],[-118.5332,47.8755],[-118.5369,47.8768]]]},"properties":{"ZCTA5CE10":"99117"}},{"type":"Feature","geometry":{"type":"Polygon","coordinates":[[[-123.0229,47.5203],[-123.0309,47.511],[-123.0326,47.4959],[-123.0434,47.4812],[-123.0592,47.4708],[-123.0681,47.4576],[-123.0842,47.4436],[-123.0876,47.4356],[-123.0978,47.4248],[-123.1024,47.4128],[-123.1192,47.3901],[-123.1138,47.3855],[-123.1107,47.3738],[-123.0813,47.3753],[-123.0557,47.3693],[-123.0498,47.3747],[-123.0448,47.3743],[-123.039,47.38],[-123.0216,47.385],[-123.0207,47.3886],[-123.0067,47.397],[-123.003,47.4122],[-122.9756,47.413],[-122.9745,47.4189],[-122.951,47.4304],[-122.9512,47.4475],[-122.9494,47.491],[-122.9507,47.5225],[-122.9938,47.5202],[-123.0229,47.5203]]]},"properties":{"ZCTA5CE10":"98588"}},{"type":"Feature","geometry":{"type":"Polygon","coordinates":[[[-122.9941,47.347],[-122.9939,47.3609],[-122.9764,47.3607],[-122.9794,47.3663],[-122.9757,47.3775],[-122.9921,47.3709],[-122.9919,47.3797],[-123.0026,47.3765],[-123.0084,47.3689],[-123.0243,47.3573],[-123.0438,47.3549],[-123.0566,47.3569],[-123.0655,47.3586],[-123.0694,47.3481],[-123.0824,47.3557],[-123.1039,47.3575],[-123.1108,47.3393],[-123.1175,47.3372],[-123.1185,47.3299],[-123.1323,47.3283],[-123.142,47.3174],[-123.14,47.3135],[-123.1527,47.3061],[-123.1645,47.3078],[-123.1646,47.3019],[-123.1511,47.3004],[-123.1306,47.3018],[-123.1293,47.2886],[-123.1155,47.2913],[-123.117,47.2873],[-123.1006,47.2873],[-123.1007,47.273],[-123.0792,47.2729],[-123.0792,47.3017],[-123.0993,47.3018],[-123.0916,47.3162],[-123.0579,47.3163],[-123.0578,47.3308],[-123.0469,47.3306],[-123.0401,47.3353],[-122.9941,47.347]]]},"properties":{"ZCTA5CE10":"98592"}},{"type":"Feature","geometry":{"type":"Polygon","coordinates":[[[-119.1964,48.4822],[-119.2118,48.4822],[-119.2116,48.4774],[-119.2216,48.4821],[-119.3509,48.4818],[-119.3762,48.4812],[-119.481,48.4809],[-119.4849,48.4891],[-119.4937,48.4956],[-119.5106,48.4963],[-119.5004,48.4784],[-119.5052,48.4785],[-119.5054,48.4676],[-119.5212,48.4677],[-119.5238,48.4531],[-119.5381,48.4526],[-119.5381,48.4677],[-119.5489,48.4662],[-119.549,48.4533],[-119.5707,48.451],[-119.5709,48.4285],[-119.584,48.4228],[-119.6034,48.4243],[-119.6035,48.3953],[-119.5837,48.3954],[-119.5867,48.3919],[-119.5705,48.3961],[-119.5478,48.392],[-119.5549,48.3781],[-119.5278,48.3924],[-119.5309,48.3866],[-119.5555,48.3727],[-119.5398,48.3601],[-119.5214,48.3677],[-119.4905,48.3677],[-119.4847,48.3532],[-119.4953,48.3533],[-119.4952,48.3261],[-119.4735,48.3242],[-119.4736,48.3098],[-119.4395,48.3097],[-119.4321,48.3063],[-119.4196,48.2883],[-119.4007,48.2715],[-119.3946,48.2617],[-119.3769,48.2496],[-119.3635,48.2504],[-119.3547,48.244],[-119.3666,48.246],[-119.3702,48.2402],[-119.3835,48.2488],[-119.3904,48.2502],[-119.3821,48.2427],[-119.3707,48.2215],[-119.3684,48.2031],[-119.3636,48.1882],[-119.3486,48.1875],[-119.3431,48.1799],[-119.3323,48.1732],[-119.3111,48.1746],[-119.2864,48.1662],[-119.2803,48.1584],[-119.2632,48.1602],[-119.254,48.1691],[-119.2405,48.1728],[-119.247,48.1819],[-119.2545,48.1817],[-119.2466,48.1921],[-119.2332,48.1928],[-119.2333,48.2105],[-119.2172,48.2094],[-119.2023,48.2181],[-119.1717,48.2136],[-119.1694,48.1968],[-119.1448,48.1859],[-119.1291,48.1738],[-119.1193,48.1715],[-119.1162,48.1921],[-119.102,48.2072],[-119.0977,48.2159],[-119.1085,48.223],[-119.1023,48.2337],[-119.1188,48.2412],[-119.0984,48.244],[-119.0811,48.2627],[-119.0908,48.2706],[-119.0939,48.2776],[-119.0895,48.2903],[-119.0813,48.2981],[-119.0743,48.3133],[-119.0764,48.3277],[-119.0674,48.3354],[-119.0542,48.3538],[-119.0582,48.3581],[-119.0601,48.3712],[-119.0806,48.3773],[-119.0962,48.3852],[-119.1111,48.4045],[-119.1109,48.4296],[-119.1046,48.4314],[-119.1002,48.4417],[-119.0835,48.4502],[-119.0721,48.449],[-119.0317,48.4589],[-119.0009,48.4479],[-118.9764,48.4491],[-118.9614,48.4474],[-118.9634,48.4391],[-118.9443,48.4281],[-118.9151,48.4429],[-118.9134,48.4469],[-118.8988,48.446],[-118.8915,48.4518],[-118.8704,48.4515],[-118.8529,48.4479],[-118.8439,48.4389],[-118.8434,48.4817],[-118.8695,48.4819],[-118.8762,48.4816],[-119.0011,48.4828],[-119.0263,48.4824],[-119.1964,48.4822]]]},"properties":{"ZCTA5CE10":"98841"}},{"type":"Feature","geometry":{"type":"Polygon","coordinates":[[[-117.0337,48.6553],[-117.0333,48.7499],[-117.0321,48.8749],[-117.0324,48.9992],[-117.1261,48.9989],[-117.4295,49.0005],[-117.4302,48.9231],[-117.4989,48.9228],[-117.4986,48.8369],[-117.4327,48.8369],[-117.4309,48.8283],[-117.4136,48.8263],[-117.421,48.8377],[-117.4202,48.8481],[-117.4058,48.8625],[-117.3935,48.8719],[-117.3728,48.8781],[-117.3641,48.877],[-117.3784,48.8551],[-117.3878,48.8467],[-117.3914,48.8287],[-117.3891,48.8196],[-117.3836,48.8211],[-117.3852,48.8302],[-117.2926,48.8301],[-117.3012,48.8119],[-117.2978,48.795],[-117.2851,48.7892],[-117.2699,48.7938],[-117.2605,48.7937],[-117.199,48.7748],[-117.1967,48.7683],[-117.2034,48.7617],[-117.2016,48.7524],[-117.2069,48.7505],[-117.1969,48.728],[-117.1846,48.7186],[-117.1855,48.7134],[-117.1777,48.7032],[-117.1662,48.695],[-117.1804,48.6783],[-117.189,48.6881],[-117.2041,48.6867],[-117.2346,48.6658],[-117.2392,48.6564],[-117.247,48.6498],[-117.2682,48.6403],[-117.2786,48.6414],[-117.2871,48.6382],[-117.2901,48.6218],[-117.2939,48.6184],[-117.283,48.6062],[-117.2718,48.6065],[-117.2685,48.5896],[-117.2602,48.5877],[-117.2499,48.5911],[-117.2409,48.6012],[-117.2069,48.615],[-117.1888,48.6148],[-117.1895,48.6177],[-117.1763,48.6476],[-117.1792,48.6563],[-117.0337,48.6553]]]},"properties":{"ZCTA5CE10":"99153"}},{"type":"Feature","geometry":{"type":"Polygon","coordinates":[[[-122.5704,47.1249],[-122.557,47.1185],[-122.5251,47.1365],[-122.5271,47.1411],[-122.5419,47.1449],[-122.5391,47.1544],[-122.5257,47.1557],[-122.5404,47.1662],[-122.5287,47.1885],[-122.5263,47.1977],[-122.5522,47.1948],[-122.5713,47.1946],[-122.5761,47.1864],[-122.5743,47.1753],[-122.5806,47.1739],[-122.5826,47.1611],[-122.5931,47.1594],[-122.5791,47.156],[-122.5764,47.1487],[-122.5685,47.1487],[-122.5684,47.1401],[-122.5632,47.1394],[-122.5666,47.1306],[-122.5543,47.1301],[-122.5601,47.1256],[-122.5685,47.1263],[-122.5704,47.1249]]]},"properties":{"ZCTA5CE10":"98498"}},{"type":"Feature","geometry":{"type":"Polygon","coordinates":[[[-122.4626,47.2147],[-122.4612,47.2041],[-122.4638,47.1847],[-122.458,47.181],[-122.4314,47.1809],[-122.4313,47.2152],[-122.4626,47.2147]]]},"properties":{"ZCTA5CE10":"98408"}},{"type":"Feature","geometry":{"type":"Polygon","coordinates":[[[-122.5505,46.9308],[-122.5583,46.9375],[-122.5644,46.9369],[-122.5505,46.9308]]]},"properties":{"ZCTA5CE10":"98558"}},{"type":"Feature","geometry":{"type":"Polygon","coordinates":[[[-122.5631,47.2506],[-122.5913,47.2525],[-122.6084,47.257],[-122.6262,47.2719],[-122.6685,47.281],[-122.6811,47.2713],[-122.6753,47.2513],[-122.6221,47.2092],[-122.6005,47.2097],[-122.5821,47.2243],[-122.5755,47.2295],[-122.5654,47.2468],[-122.5631,47.2506]]]},"properties":{"ZCTA5CE10":"98333"}},{"type":"Feature","geometry":{"type":"Polygon","coordinates":[[[-122.1036,46.9637],[-122.093,46.9637],[-122.0844,46.9553],[-122.0749,46.9576],[-122.0659,46.9507],[-122.061,46.9326],[-122.0531,46.9183],[-122.0396,46.906],[-122.0252,46.8965],[-122.0192,46.8953],[-122.0038,46.8835],[-121.995,46.8794],[-121.9618,46.8692],[-121.9589,46.8649],[-121.9295,46.8618],[-121.9173,46.8581],[-121.917,46.9049],[-121.9133,46.9154],[-121.9158,46.949],[-121.916,46.9966],[-121.9033,47.0008],[-121.866,46.998],[-121.8545,46.996],[-121.7013,46.996],[-121.6983,46.9977],[-121.7022,47.0095],[-121.6976,47.0197],[-121.6988,47.0306],[-121.692,47.0413],[-121.6943,47.0525],[-121.683,47.0679],[-121.6802,47.0781],[-121.6592,47.097],[-121.648,47.0993],[-121.6333,47.1072],[-121.6222,47.1206],[-121.6283,47.1275],[-121.6367,47.1275],[-121.6361,47.141],[-121.6528,47.1509],[-121.6603,47.1591],[-121.675,47.1551],[-121.6835,47.1497],[-121.7011,47.1521],[-121.7141,47.1507],[-121.7383,47.1606],[-121.7633,47.1677],[-121.772,47.1655],[-121.779,47.1732],[-121.7967,47.1731],[-121.8123,47.1603],[-121.8199,47.1589],[-121.8391,47.1434],[-121.849,47.1472],[-121.861,47.1469],[-121.8617,47.1517],[-121.8743,47.1506],[-121.901,47.1563],[-121.9076,47.1511],[-121.929,47.1473],[-121.9323,47.1406],[-121.939,47.139],[-121.948,47.1427],[-121.9724,47.1346],[-121.9737,47.1123],[-121.9721,47.0547],[-122.0006,47.0547],[-122.0018,47.0767],[-122.0162,47.0868],[-122.0226,47.0958],[-122.0326,47.1026],[-122.0505,47.0989],[-122.0574,47.0937],[-122.0515,47.086],[-122.0571,47.0787],[-122.0631,47.0795],[-122.0578,47.0761],[-122.0443,47.0772],[-122.0407,47.0698],[-122.0433,47.0599],[-122.0411,47.0417],[-122.0467,47.0521],[-122.0446,47.0713],[-122.055,47.0716],[-122.0663,47.0765],[-122.0777,47.0669],[-122.0775,47.0544],[-122.1046,47.0544],[-122.1046,47.0336],[-122.1015,47.0312],[-122.1055,47.0107],[-122.1057,46.9661],[-122.1036,46.9637]]]},"properties":{"ZCTA5CE10":"98323"}},{"type":"Feature","geometry":{"type":"Polygon","coordinates":[[[-122.4444,48.4939],[-122.4441,48.4575],[-122.3477,48.4574],[-122.3466,48.4457],[-122.3216,48.4459],[-122.32,48.4553],[-122.3099,48.4664],[-122.2917,48.4751],[-122.2914,48.4885],[-122.286,48.493],[-122.2859,48.5323],[-122.3139,48.5327],[-122.3125,48.5505],[-122.3301,48.5492],[-122.329,48.5596],[-122.3228,48.5611],[-122.3203,48.5918],[-122.3183,48.5988],[-122.3217,48.6079],[-122.3324,48.62],[-122.3456,48.6159],[-122.3355,48.6022],[-122.345,48.602],[-122.344,48.5912],[-122.3481,48.5725],[-122.3516,48.5431],[-122.349,48.5242],[-122.3555,48.5204],[-122.3434,48.5146],[-122.3393,48.5077],[-122.3584,48.5082],[-122.3585,48.5111],[-122.3776,48.5087],[-122.378,48.4938],[-122.3949,48.4928],[-122.4131,48.4988],[-122.412,48.4956],[-122.4445,48.4986],[-122.4444,48.4939]]]},"properties":{"ZCTA5CE10":"98233"}},{"type":"Feature","geometry":{"type":"MultiPolygon","coordinates":[[[[-121.4586,48.53],[-121.4859,48.5089],[-121.4994,48.5049],[-121.5198,48.5026],[-121.5431,48.4943],[-121.5772,48.4913],[-121.586,48.4884],[-121.6112,48.4872],[-121.6279,48.4891],[-121.6286,48.48],[-121.6042,48.4812],[-121.5931,48.4846],[-121.5856,48.4616],[-121.5795,48.4558],[-121.5713,48.4598],[-121.563,48.4583],[-121.5647,48.4473],[-121.5482,48.4326],[-121.5397,48.4324],[-121.5371,48.4389],[-121.5167,48.4454],[-121.5089,48.4533],[-121.4965,48.4529],[-121.4982,48.462],[-121.4923,48.4695],[-121.502,48.4812],[-121.4774,48.4896],[-121.4609,48.502],[-121.4546,48.5123],[-121.4604,48.5125],[-121.46,48.5215],[-121.4688,48.5067],[-121.4631,48.521],[-121.4521,48.5268],[-121.4586,48.53]]],[[[-121.5327,48.6425],[-121.3067,48.6413],[-121.1837,48.6408],[-121.0213,48.6409],[-121.0191,48.6639],[-120.9986,48.6838],[-120.9828,48.6938],[-120.9759,48.7082],[-121.0018,48.7188],[-121.0226,48.73],[-121.0381,48.7354],[-121.0408,48.7392],[-121.0255,48.7447],[-121.0184,48.7523],[-121.0212,48.7653],[-121.0373,48.7688],[-121.0282,48.778],[-121.0317,48.7861],[-121.038,48.7874],[-121.0433,48.7995],[-121.0383,48.8123],[-121.0213,48.8416],[-121.0155,48.8438],[-121.0135,48.8534],[-120.9912,48.8608],[-120.9914,48.8703],[-120.9817,48.8731],[-120.9609,48.8856],[-120.977,48.9172],[-120.9717,48.9371],[-120.9725,48.944],[-120.9836,48.9505],[-120.9714,48.9536],[-120.9638,48.9673],[-120.9814,48.9858],[-120.979,49.0004],[-121.06,49.0006],[-121.1262,49.0014],[-121.2489,49.0009],[-121.2512,49.0002],[-121.3453,49.0008],[-121.4339,48.9998],[-121.4339,48.8176],[-121.5636,48.8177],[-121.5635,48.7872],[-121.5509,48.787],[-121.5432,48.7779],[-121.5436,48.702],[-121.5643,48.6861],[-121.5737,48.6608],[-121.5645,48.6586],[-121.5628,48.6521],[-121.5519,48.6531],[-121.5327,48.6425]]]]},"properties":{"ZCTA5CE10":"98283"}},{"type":"Feature","geometry":{"type":"Polygon","coordinates":[[[-121.7934,45.7677],[-121.7943,45.7261],[-121.788,45.7217],[-121.7919,45.716],[-121.8152,45.7169],[-121.8318,45.7147],[-121.8458,45.7195],[-121.863,45.7148],[-121.8636,45.7203],[-121.8742,45.7265],[-121.8777,45.7331],[-121.8559,45.7417],[-121.8821,45.7535],[-121.8853,45.7592],[-121.9088,45.7689],[-121.9179,45.7651],[-121.9304,45.7679],[-121.9373,45.7735],[-121.9564,45.7748],[-121.9676,45.7846],[-121.9874,45.7963],[-122.0047,45.7928],[-122.0256,45.7951],[-122.0359,45.7989],[-122.0443,45.7877],[-122.0346,45.768],[-122.0228,45.7609],[-122.042,45.7618],[-122.0514,45.7488],[-122.079,45.7516],[-122.1267,45.7377],[-122.1292,45.74],[-122.137,45.7321],[-122.1267,45.7251],[-122.1203,45.7128],[-122.1247,45.7067],[-122.1208,45.6983],[-122.1241,45.6886],[-122.1299,45.6865],[-122.137,45.6732],[-122.1343,45.6695],[-122.1396,45.6584],[-122.1149,45.6586],[-122.0901,45.657],[-122.0926,45.643],[-122.0856,45.6362],[-122.1047,45.6344],[-122.1048,45.6218],[-122.1113,45.6218],[-122.1124,45.6058],[-122.1002,45.5842],[-122.0444,45.6095],[-122.0226,45.6152],[-122.0037,45.6159],[-121.9798,45.6248],[-121.9635,45.6328],[-121.9557,45.6436],[-121.9351,45.6442],[-121.9083,45.6544],[-121.9009,45.662],[-121.9019,45.6707],[-121.8672,45.6933],[-121.8113,45.7068],[-121.7351,45.694],[-121.7074,45.6948],[-121.676,45.7031],[-121.6712,45.7112],[-121.6774,45.7136],[-121.6838,45.723],[-121.6946,45.728],[-121.697,45.7334],[-121.7066,45.7327],[-121.7113,45.7412],[-121.7368,45.7473],[-121.7306,45.7564],[-121.7229,45.759],[-121.7271,45.77],[-121.7084,45.7708],[-121.7067,45.7757],[-121.7143,45.7824],[-121.74,45.786],[-121.747,45.7779],[-121.7578,45.7716],[-121.7777,45.7717],[-121.7934,45.7677]],[[-122.0227,45.6441],[-122.0168,45.652],[-122.0243,45.6863],[-122.004,45.6945],[-121.9601,45.6942],[-121.961,45.6656],[-121.9508,45.6656],[-121.9509,45.6511],[-121.945,45.6512],[-121.9713,45.6403],[-121.9694,45.6345],[-121.9791,45.6296],[-121.9851,45.6309],[-122.0012,45.6262],[-122.0135,45.6266],[-122.0001,45.6353],[-122.0236,45.6362],[-122.0227,45.6441]]]},"properties":{"ZCTA5CE10":"98648"}},{"type":"Feature","geometry":{"type":"Polygon","coordinates":[[[-122.166,47.8778],[-122.2151,47.8782],[-122.2229,47.8819],[-122.2237,47.871],[-122.228,47.8638],[-122.2359,47.8494],[-122.2356,47.8436],[-122.2465,47.841],[-122.2432,47.829],[-122.2381,47.8173],[-122.2297,47.8095],[-122.2032,47.8094],[-122.1984,47.812],[-122.1861,47.8094],[-122.1861,47.814],[-122.1647,47.8085],[-122.1645,47.8197],[-122.1579,47.8184],[-122.1585,47.8312],[-122.1533,47.8342],[-122.1531,47.8433],[-122.1584,47.844],[-122.1584,47.856],[-122.1693,47.8581],[-122.1729,47.8634],[-122.1803,47.8444],[-122.1876,47.8504],[-122.1839,47.8612],[-122.166,47.8778]]]},"properties":{"ZCTA5CE10":"98012"}},{"type":"Feature","geometry":{"type":"Polygon","coordinates":[[[-122.1647,47.8085],[-122.1861,47.814],[-122.1861,47.8094],[-122.1984,47.812],[-122.2032,47.8094],[-122.2297,47.8095],[-122.2416,47.8076],[-122.243,47.8029],[-122.2645,47.7919],[-122.2603,47.7866],[-122.267,47.777],[-122.2273,47.7766],[-122.1736,47.7762],[-122.1673,47.7833],[-122.1592,47.7822],[-122.1594,47.7898],[-122.1491,47.7905],[-122.1515,47.7977],[-122.1648,47.798],[-122.1696,47.8012],[-122.1647,47.8085]]]},"properties":{"ZCTA5CE10":"98021"}},{"type":"Feature","geometry":{"type":"MultiPolygon","coordinates":[[[[-122.1245,48.092],[-122.1118,48.0918],[-122.1121,48.1046],[-122.1248,48.116],[-122.1246,48.1069],[-122.1319,48.1064],[-122.1254,48.0995],[-122.1245,48.092]]],[[[-122.1841,48.0498],[-122.1847,48.098],[-122.1823,48.0903],[-122.1748,48.0854],[-122.163,48.0925],[-122.1405,48.092],[-122.1409,48.1137],[-122.1506,48.1143],[-122.1472,48.1263],[-122.141,48.1264],[-122.1411,48.1336],[-122.1513,48.1338],[-122.1432,48.1464],[-122.1873,48.1446],[-122.1913,48.1671],[-122.2003,48.1647],[-122.1965,48.1522],[-122.2074,48.1519],[-122.1891,48.1295],[-122.1964,48.123],[-122.2008,48.1269],[-122.2265,48.1265],[-122.2292,48.1347],[-122.2433,48.1353],[-122.2492,48.1429],[-122.2643,48.1399],[-122.2682,48.1351],[-122.2821,48.1349],[-122.2915,48.1232],[-122.3027,48.1232],[-122.3059,48.1193],[-122.319,48.1193],[-122.328,48.1233],[-122.3687,48.1234],[-122.3522,48.1088],[-122.3466,48.0944],[-122.3312,48.0902],[-122.3242,48.078],[-122.3025,48.0661],[-122.2946,48.0493],[-122.2756,48.0439],[-122.2412,48.0275],[-122.2341,48.0293],[-122.2229,48.0245],[-122.2097,48.0327],[-122.1841,48.0361],[-122.1841,48.0498]]]]},"properties":{"ZCTA5CE10":"98271"}},{"type":"Feature","geometry":{"type":"Polygon","coordinates":[[[-117.6075,47.5947],[-117.6124,47.5912],[-117.6094,47.5801],[-117.6292,47.58],[-117.6291,47.5656],[-117.6398,47.5655],[-117.6397,47.5546],[-117.6158,47.5551],[-117.6664,47.5219],[-117.6932,47.5219],[-117.6874,47.5406],[-117.715,47.551],[-117.7148,47.5593],[-117.7465,47.562],[-117.7501,47.5586],[-117.7689,47.5584],[-117.7685,47.5511],[-117.7578,47.551],[-117.758,47.5219],[-117.7846,47.5237],[-117.7847,47.5193],[-117.7901,47.5148],[-117.7793,47.5147],[-117.7794,47.5074],[-117.8008,47.5081],[-117.8003,47.4642],[-117.7793,47.4641],[-117.7792,47.4498],[-117.7961,47.4502],[-117.8042,47.4533],[-117.8227,47.4497],[-117.8229,47.4206],[-117.8237,47.2604],[-117.7492,47.26],[-117.7494,47.2291],[-117.744,47.2226],[-117.7281,47.2228],[-117.6863,47.223],[-117.678,47.2378],[-117.6652,47.2378],[-117.6656,47.2598],[-117.573,47.2598],[-117.5696,47.2724],[-117.5518,47.2881],[-117.5414,47.2881],[-117.5342,47.2961],[-117.5125,47.2961],[-117.508,47.3069],[-117.4924,47.3039],[-117.4937,47.3082],[-117.4833,47.3154],[-117.4924,47.3398],[-117.4779,47.3398],[-117.4778,47.3614],[-117.4563,47.3613],[-117.4564,47.3688],[-117.4563,47.409],[-117.4396,47.4242],[-117.4397,47.4347],[-117.4557,47.4346],[-117.4557,47.4642],[-117.44,47.4639],[-117.4401,47.4914],[-117.4546,47.4996],[-117.4546,47.5044],[-117.4462,47.508],[-117.4555,47.5097],[-117.4546,47.5318],[-117.4651,47.5316],[-117.4632,47.5629],[-117.4847,47.5684],[-117.4933,47.5667],[-117.4963,47.5586],[-117.4988,47.5642],[-117.4999,47.5748],[-117.5149,47.5778],[-117.5101,47.5946],[-117.5353,47.5941],[-117.5403,47.603],[-117.565,47.5919],[-117.5645,47.5801],[-117.5839,47.5801],[-117.5719,47.5946],[-117.6075,47.5947]]]},"properties":{"ZCTA5CE10":"99004"}},{"type":"Feature","geometry":{"type":"Polygon","coordinates":[[[-117.4933,47.5667],[-117.4847,47.5684],[-117.4632,47.5629],[-117.4651,47.5316],[-117.4546,47.5318],[-117.4555,47.5097],[-117.4462,47.508],[-117.4546,47.5044],[-117.4546,47.4996],[-117.4401,47.4914],[-117.4246,47.4789],[-117.4221,47.4879],[-117.4008,47.4976],[-117.4077,47.501],[-117.4062,47.509],[-117.4162,47.5146],[-117.3997,47.5146],[-117.3874,47.5239],[-117.371,47.526],[-117.3682,47.5221],[-117.3684,47.5355],[-117.3865,47.5396],[-117.3809,47.5484],[-117.3968,47.5448],[-117.3904,47.5509],[-117.3905,47.5583],[-117.3798,47.5583],[-117.3797,47.5803],[-117.3903,47.5803],[-117.3902,47.5876],[-117.4021,47.5874],[-117.405,47.6028],[-117.4134,47.6063],[-117.4165,47.6137],[-117.4166,47.6182],[-117.429,47.6238],[-117.4295,47.6282],[-117.4348,47.6283],[-117.4349,47.6358],[-117.4439,47.6496],[-117.4616,47.6575],[-117.4547,47.6628],[-117.4629,47.6661],[-117.4598,47.674],[-117.4492,47.6729],[-117.4524,47.6802],[-117.4718,47.6804],[-117.4767,47.6871],[-117.4672,47.6902],[-117.481,47.6967],[-117.4936,47.6933],[-117.4922,47.7008],[-117.4995,47.7069],[-117.5013,47.7207],[-117.5129,47.721],[-117.511,47.73],[-117.5399,47.7299],[-117.5442,47.7384],[-117.5453,47.7507],[-117.5495,47.7522],[-117.5609,47.7442],[-117.5969,47.7442],[-117.6235,47.7503],[-117.6433,47.7422],[-117.6747,47.7366],[-117.6773,47.7448],[-117.6848,47.7517],[-117.6692,47.7521],[-117.6687,47.7593],[-117.6748,47.7593],[-117.6871,47.7682],[-117.7174,47.7808],[-117.7251,47.7688],[-117.7333,47.7698],[-117.7332,47.7014],[-117.7116,47.7013],[-117.6631,47.7012],[-117.6612,47.6921],[-117.6252,47.6719],[-117.6254,47.6509],[-117.6039,47.6581],[-117.5828,47.663],[-117.5822,47.6574],[-117.561,47.6576],[-117.5612,47.6138],[-117.6041,47.6139],[-117.6076,47.6139],[-117.6075,47.5947],[-117.5719,47.5946],[-117.5839,47.5801],[-117.5645,47.5801],[-117.565,47.5919],[-117.5403,47.603],[-117.5353,47.5941],[-117.5101,47.5946],[-117.5149,47.5778],[-117.4999,47.5748],[-117.4988,47.5642],[-117.4933,47.5667]]]},"properties":{"ZCTA5CE10":"99224"}},{"type":"Feature","geometry":{"type":"Polygon","coordinates":[[[-117.1966,47.6691],[-117.202,47.668],[-117.202,47.6497],[-117.2181,47.6497],[-117.2182,47.6279],[-117.2182,47.615],[-117.1892,47.5968],[-117.1926,47.6242],[-117.1764,47.6278],[-117.179,47.6347],[-117.1751,47.6423],[-117.1784,47.649],[-117.1751,47.6655],[-117.1966,47.6691]]]},"properties":{"ZCTA5CE10":"99037"}},{"type":"Feature","geometry":{"type":"Polygon","coordinates":[[[-118.0678,48.6626],[-118.0525,48.6657],[-118.0604,48.6664],[-118.069,48.6623],[-118.0678,48.6626]]]},"properties":{"ZCTA5CE10":"99151"}},{"type":"Feature","geometry":{"type":"Polygon","coordinates":[[[-117.9229,48.0024],[-118.0011,48.0026],[-118.0041,48.0019],[-118.0804,48.002],[-118.079,47.9905],[-118.0719,47.9805],[-118.0553,47.9817],[-118.0653,47.9748],[-118.0769,47.9711],[-118.0655,47.9656],[-118.0524,47.952],[-118.0417,47.9544],[-118.0426,47.9371],[-118.0283,47.933],[-118.0411,47.9207],[-118.048,47.9075],[-118.0707,47.9081],[-118.0872,47.9041],[-118.0924,47.907],[-118.1113,47.9001],[-118.1212,47.9008],[-118.1347,47.8975],[-118.1408,47.8897],[-118.1486,47.8866],[-118.1235,47.8584],[-118.1186,47.8458],[-118.1192,47.8324],[-118.1096,47.8328],[-118.0968,47.8277],[-118.0992,47.8239],[-118.0824,47.8075],[-118.0782,47.8002],[-118.0625,47.7973],[-118.0519,47.7984],[-118.0496,47.7933],[-118.0339,47.8032],[-118.0247,47.8018],[-118.0112,47.8071],[-118.009,47.8158],[-117.997,47.8307],[-117.9892,47.8349],[-117.9674,47.8328],[-117.9487,47.8273],[-117.9351,47.8232],[-117.9251,47.8257],[-117.9184,47.8344],[-117.9024,47.8396],[-117.8932,47.8452],[-117.8907,47.8538],[-117.8836,47.858],[-117.8883,47.8617],[-117.8989,47.8609],[-117.9134,47.8648],[-117.9108,47.8715],[-117.896,47.8789],[-117.9097,47.8765],[-117.9257,47.8774],[-117.9279,47.895],[-117.9242,47.9032],[-117.9118,47.9008],[-117.9012,47.9036],[-117.8908,47.9016],[-117.8874,47.9141],[-117.9082,47.9259],[-117.9079,47.9634],[-117.9132,47.9707],[-117.899,47.976],[-117.9051,47.9815],[-117.9074,47.9961],[-117.9267,47.9823],[-117.9236,47.9748],[-117.9346,47.9766],[-117.9381,47.9955],[-117.9229,48.0024]]]},"properties":{"ZCTA5CE10":"99040"}},{"type":"Feature","geometry":{"type":"Polygon","coordinates":[[[-123.201,47.0566],[-123.1783,47.0593],[-123.157,47.0562],[-123.1192,47.0341],[-123.1058,47.0323],[-123.0827,47.039],[-123.0536,47.0418],[-123.0482,47.0475],[-123.0172,47.0583],[-123.0067,47.0553],[-122.988,47.0436],[-122.9657,47.0419],[-122.9718,47.0458],[-122.9603,47.0471],[-122.9606,47.0403],[-122.9485,47.0364],[-122.9284,47.0265],[-122.9156,47.0259],[-122.9064,47.0211],[-122.9093,47.0375],[-122.9095,47.0595],[-122.9163,47.0819],[-122.9157,47.1339],[-122.9131,47.1443],[-122.9057,47.1556],[-122.9107,47.1588],[-122.9126,47.1766],[-122.9215,47.1812],[-122.932,47.1795],[-122.9367,47.1902],[-122.947,47.1861],[-122.9491,47.1743],[-122.9625,47.1631],[-122.9767,47.1579],[-122.9826,47.1596],[-123.0013,47.1542],[-123.0099,47.1463],[-123.0125,47.1291],[-123.0174,47.1212],[-123.0363,47.1142],[-123.0556,47.1153],[-123.0748,47.1052],[-123.0751,47.0845],[-123.1263,47.085],[-123.2021,47.0849],[-123.201,47.0566]]]},"properties":{"ZCTA5CE10":"98502"}},{"type":"Feature","geometry":{"type":"Polygon","coordinates":[[[-122.8664,46.9003],[-122.8664,46.8918],[-122.881,46.8841],[-122.8889,46.8835],[-122.9126,46.8882],[-122.9085,46.8994],[-122.921,46.8992],[-122.9187,46.8911],[-122.9402,46.89],[-122.9472,46.8964],[-122.9606,46.8969],[-122.9621,46.8932],[-122.9738,46.8584],[-122.9605,46.8583],[-122.9606,46.8511],[-122.9681,46.8512],[-122.9679,46.8421],[-122.9604,46.8421],[-122.9606,46.8251],[-122.9501,46.8278],[-122.9432,46.8433],[-122.9346,46.8408],[-122.9373,46.8331],[-122.9486,46.8285],[-122.9486,46.8209],[-122.9223,46.807],[-122.9082,46.8071],[-122.9081,46.8143],[-122.8872,46.8142],[-122.8871,46.7998],[-122.8799,46.7998],[-122.8614,46.8033],[-122.8597,46.811],[-122.8414,46.802],[-122.8173,46.7938],[-122.8,46.7899],[-122.7866,46.7843],[-122.7795,46.7781],[-122.7669,46.778],[-122.7812,46.7685],[-122.7883,46.7636],[-122.6991,46.7635],[-122.6477,46.7627],[-122.635,46.7626],[-122.626,46.7727],[-122.6316,46.7953],[-122.6397,46.7914],[-122.6855,46.7843],[-122.6993,46.7831],[-122.7003,46.793],[-122.6983,46.8217],[-122.698,46.8506],[-122.7234,46.8508],[-122.7237,46.8597],[-122.7387,46.868],[-122.7306,46.8728],[-122.752,46.8796],[-122.7444,46.8859],[-122.7551,46.899],[-122.7809,46.9116],[-122.781,46.9163],[-122.7915,46.9165],[-122.7914,46.9235],[-122.8084,46.9235],[-122.81,46.9202],[-122.8272,46.9204],[-122.8363,46.9166],[-122.8377,46.908],[-122.8664,46.9003]]]},"properties":{"ZCTA5CE10":"98589"}},{"type":"Feature","geometry":{"type":"Polygon","coordinates":[[[-123.3401,46.292],[-123.3516,46.2883],[-123.3574,46.2827],[-123.3661,46.2832],[-123.3767,46.2746],[-123.3973,46.2743],[-123.4082,46.2787],[-123.4228,46.2788],[-123.4223,46.2392],[-123.4364,46.2382],[-123.4276,46.2293],[-123.431,46.1816],[-123.3904,46.1544],[-123.3714,46.1464],[-123.3394,46.1462],[-123.301,46.1446],[-123.2802,46.1448],[-123.2131,46.1725],[-123.2132,46.1758],[-123.2322,46.1729],[-123.2391,46.1777],[-123.2341,46.1858],[-123.2135,46.186],[-123.2143,46.2133],[-123.2163,46.222],[-123.2221,46.221],[-123.2461,46.2353],[-123.2626,46.2382],[-123.2759,46.2322],[-123.2772,46.244],[-123.2675,46.2482],[-123.2706,46.2517],[-123.2648,46.2663],[-123.2531,46.2697],[-123.2497,46.2644],[-123.2405,46.2716],[-123.2345,46.2714],[-123.2224,46.2809],[-123.2284,46.2906],[-123.2277,46.3072],[-123.2442,46.3068],[-123.2584,46.2985],[-123.2605,46.2827],[-123.2781,46.2786],[-123.2852,46.2908],[-123.2813,46.2927],[-123.2908,46.3036],[-123.3006,46.293],[-123.3029,46.2842],[-123.3158,46.2924],[-123.3401,46.292]]]},"properties":{"ZCTA5CE10":"98612"}},{"type":"Feature","geometry":{"type":"Polygon","coordinates":[[[-118.5804,46.2217],[-118.5806,46.2014],[-118.5603,46.1852],[-118.5753,46.1846],[-118.5811,46.1654],[-118.5543,46.1654],[-118.555,46.093],[-118.5548,46.064],[-118.5758,46.0625],[-118.5807,46.0558],[-118.5903,46.0568],[-118.5914,46.0522],[-118.5548,46.048],[-118.5549,46.0287],[-118.5145,46.02],[-118.4518,46.0201],[-118.4522,46.0153],[-118.4414,46.0121],[-118.439,46.0008],[-118.2837,46.0008],[-118.2261,46.0004],[-118.146,46.0007],[-118.1226,46.0001],[-117.9969,46.0008],[-117.9929,46.0199],[-117.9929,46.0627],[-118.0492,46.064],[-118.0745,46.0786],[-118.1731,46.0787],[-118.1793,46.0859],[-118.1998,46.0859],[-118.2001,46.0932],[-118.2421,46.093],[-118.2421,46.1031],[-118.2366,46.1069],[-118.2366,46.1201],[-118.2199,46.1169],[-118.2048,46.1236],[-118.1667,46.1367],[-118.1568,46.142],[-118.1585,46.1506],[-118.1499,46.1678],[-118.1615,46.1617],[-118.1883,46.1613],[-118.2105,46.1568],[-118.2001,46.1712],[-118.2192,46.1797],[-118.2264,46.1868],[-118.2458,46.1806],[-118.2523,46.1686],[-118.2599,46.164],[-118.2772,46.1618],[-118.2876,46.1652],[-118.3007,46.1646],[-118.3104,46.1672],[-118.3044,46.1758],[-118.3068,46.1882],[-118.3018,46.2055],[-118.3082,46.2171],[-118.3041,46.225],[-118.3033,46.2375],[-118.2937,46.2375],[-118.2941,46.2508],[-118.3017,46.252],[-118.2926,46.2744],[-118.2937,46.2932],[-118.3145,46.293],[-118.3108,46.2834],[-118.3257,46.2556],[-118.3368,46.2539],[-118.3434,46.244],[-118.3531,46.2377],[-118.3693,46.2373],[-118.3925,46.2192],[-118.3924,46.2141],[-118.3821,46.1991],[-118.3831,46.1739],[-118.379,46.1568],[-118.3726,46.15],[-118.3913,46.1475],[-118.3987,46.1428],[-118.4099,46.1291],[-118.4137,46.1305],[-118.43,46.1224],[-118.4308,46.1507],[-118.4922,46.1508],[-118.4926,46.1653],[-118.492,46.2874],[-118.5052,46.2896],[-118.5166,46.2869],[-118.5258,46.2898],[-118.5344,46.2868],[-118.5345,46.2822],[-118.5437,46.2722],[-118.5714,46.2575],[-118.5781,46.2573],[-118.578,46.2481],[-118.5866,46.2384],[-118.5807,46.2335],[-118.5764,46.2217],[-118.5804,46.2217]],[[-118.3725,46.0544],[-118.3637,46.0424],[-118.3677,46.0355],[-118.3878,46.0275],[-118.4044,46.0275],[-118.4044,46.0302],[-118.3886,46.0349],[-118.4096,46.0346],[-118.4095,46.0493],[-118.399,46.0493],[-118.393,46.0546],[-118.3775,46.0563],[-118.3725,46.0544]]]},"properties":{"ZCTA5CE10":"99362"}},{"type":"Feature","geometry":{"type":"Polygon","coordinates":[[[-118.1667,46.1367],[-118.1539,46.1382],[-118.1323,46.1579],[-118.134,46.1727],[-118.1499,46.1678],[-118.1585,46.1506],[-118.1568,46.142],[-118.1667,46.1367]]]},"properties":{"ZCTA5CE10":"99329"}},{"type":"Feature","geometry":{"type":"Polygon","coordinates":[[[-122.5102,48.8879],[-122.5191,48.8879],[-122.5237,48.8795],[-122.5243,48.8697],[-122.519,48.8697],[-122.5191,48.8552],[-122.5299,48.8552],[-122.5299,48.848],[-122.5535,48.8432],[-122.5585,48.8446],[-122.555,48.8334],[-122.5494,48.8334],[-122.5463,48.8184],[-122.58,48.8189],[-122.5819,48.8086],[-122.5923,48.7958],[-122.5902,48.7883],[-122.6046,48.7882],[-122.6052,48.7935],[-122.6155,48.7961],[-122.632,48.7963],[-122.6497,48.794],[-122.6499,48.8084],[-122.6596,48.8006],[-122.6644,48.7892],[-122.6807,48.8017],[-122.693,48.8],[-122.7056,48.8023],[-122.7023,48.7859],[-122.7084,48.7853],[-122.7034,48.779],[-122.6741,48.7583],[-122.6749,48.734],[-122.6655,48.727],[-122.6617,48.7195],[-122.6483,48.705],[-122.633,48.6938],[-122.6183,48.6901],[-122.6061,48.6986],[-122.6126,48.7149],[-122.6211,48.7197],[-122.6263,48.7283],[-122.6263,48.7452],[-122.6043,48.7607],[-122.5949,48.7711],[-122.5729,48.7772],[-122.5625,48.779],[-122.5625,48.7831],[-122.5744,48.7833],[-122.5806,48.787],[-122.5738,48.795],[-122.5579,48.7961],[-122.5515,48.802],[-122.549,48.7852],[-122.5403,48.7851],[-122.5403,48.7798],[-122.5161,48.7884],[-122.5029,48.7841],[-122.4755,48.7811],[-122.4647,48.773],[-122.4616,48.763],[-122.4208,48.763],[-122.3779,48.7441],[-122.3616,48.7469],[-122.3482,48.7393],[-122.3292,48.7316],[-122.3113,48.7206],[-122.3013,48.7306],[-122.2745,48.7212],[-122.2618,48.7151],[-122.2683,48.7078],[-122.2585,48.709],[-122.2603,48.7197],[-122.2572,48.7308],[-122.2551,48.7382],[-122.2595,48.7547],[-122.2687,48.7604],[-122.271,48.7789],[-122.2784,48.7833],[-122.2811,48.798],[-122.2697,48.8084],[-122.2787,48.8082],[-122.2652,48.8175],[-122.2626,48.8244],[-122.2701,48.8294],[-122.2758,48.8392],[-122.2935,48.8398],[-122.3061,48.8552],[-122.3005,48.8579],[-122.3148,48.8616],[-122.3141,48.8665],[-122.3279,48.8763],[-122.3328,48.869],[-122.3756,48.8694],[-122.3758,48.8621],[-122.3908,48.8622],[-122.3983,48.855],[-122.4151,48.8552],[-122.4309,48.8625],[-122.4427,48.8625],[-122.4426,48.8698],[-122.4647,48.8699],[-122.4646,48.8647],[-122.4536,48.8635],[-122.4687,48.8589],[-122.4717,48.8626],[-122.4859,48.8624],[-122.4969,48.8769],[-122.4979,48.8841],[-122.5102,48.8843],[-122.5102,48.8879]]]},"properties":{"ZCTA5CE10":"98226"}},{"type":"Feature","geometry":{"type":"Polygon","coordinates":[[[-122.5507,49.0024],[-122.738,49.0021],[-122.7871,49.0023],[-122.7822,48.9976],[-122.7698,48.995],[-122.7969,48.975],[-122.8005,48.9694],[-122.8172,48.956],[-122.8225,48.9433],[-122.8182,48.9391],[-122.7875,48.9317],[-122.7701,48.9426],[-122.7556,48.9387],[-122.7466,48.9307],[-122.7452,48.9213],[-122.7513,48.9112],[-122.7654,48.9072],[-122.7837,48.8946],[-122.7926,48.8947],[-122.7868,48.8858],[-122.7576,48.8698],[-122.7476,48.861],[-122.7265,48.8546],[-122.7265,48.892],[-122.7155,48.892],[-122.7156,48.9066],[-122.7045,48.9066],[-122.7045,48.9175],[-122.6946,48.9191],[-122.699,48.9356],[-122.6891,48.9356],[-122.6835,48.9431],[-122.6966,48.95],[-122.6899,48.9502],[-122.6678,48.9355],[-122.6601,48.936],[-122.6601,48.9483],[-122.6723,48.9572],[-122.66,48.965],[-122.6589,48.9752],[-122.6488,48.9751],[-122.6424,48.986],[-122.6158,48.9857],[-122.6159,48.9785],[-122.5901,48.9791],[-122.5905,48.9755],[-122.5558,48.9685],[-122.5521,48.9648],[-122.5507,49.0024]]]},"properties":{"ZCTA5CE10":"98230"}},{"type":"Feature","geometry":{"type":"Polygon","coordinates":[[[-117.1811,46.8346],[-117.1812,46.8516],[-117.2018,46.8517],[-117.2018,46.859],[-117.1864,46.8589],[-117.1813,46.8662],[-117.1915,46.8662],[-117.1913,46.8807],[-117.244,46.8822],[-117.2396,46.8918],[-117.2584,46.8963],[-117.2706,46.9128],[-117.2797,46.9255],[-117.2861,46.9284],[-117.285,46.9374],[-117.2888,46.9523],[-117.2983,46.9542],[-117.3005,46.9617],[-117.2976,46.9777],[-117.2925,46.9898],[-117.3108,46.993],[-117.3053,46.9981],[-117.2845,47.0068],[-117.2844,47.0178],[-117.2682,47.0279],[-117.2829,47.0351],[-117.2981,47.0373],[-117.2982,47.0495],[-117.3237,47.0497],[-117.3316,47.0499],[-117.3372,47.0502],[-117.3464,47.0521],[-117.362,47.0504],[-117.3811,47.0581],[-117.3781,47.0459],[-117.402,47.0317],[-117.4136,47.0386],[-117.4284,47.0384],[-117.4384,47.0432],[-117.4465,47.0359],[-117.4504,47.026],[-117.4671,47.0098],[-117.4615,46.9998],[-117.4685,46.9892],[-117.5041,46.9529],[-117.4989,46.9508],[-117.4995,46.942],[-117.4954,46.9184],[-117.5307,46.9209],[-117.5371,46.9111],[-117.5535,46.9078],[-117.556,46.894],[-117.57,46.885],[-117.5851,46.8783],[-117.5893,46.8664],[-117.5881,46.8561],[-117.5771,46.8492],[-117.5591,46.8441],[-117.5301,46.8419],[-117.5164,46.838],[-117.5098,46.8325],[-117.5278,46.8243],[-117.5392,46.808],[-117.5591,46.8036],[-117.5591,46.7906],[-117.5739,46.777],[-117.5771,46.7704],[-117.572,46.7616],[-117.5809,46.7524],[-117.5891,46.7499],[-117.5911,46.7435],[-117.6086,46.734],[-117.6411,46.726],[-117.6541,46.7188],[-117.6741,46.72],[-117.6883,46.7119],[-117.6904,46.7061],[-117.7275,46.7006],[-117.7399,46.6966],[-117.7316,46.6939],[-117.6986,46.6987],[-117.6873,46.7032],[-117.654,46.7012],[-117.6432,46.6976],[-117.6262,46.6798],[-117.6154,46.6747],[-117.6012,46.6727],[-117.5769,46.6749],[-117.548,46.6807],[-117.5232,46.6772],[-117.512,46.6782],[-117.4987,46.6835],[-117.4966,46.6901],[-117.479,46.6997],[-117.4681,46.7],[-117.4673,46.703],[-117.4509,46.7029],[-117.4417,46.7062],[-117.4353,46.7141],[-117.4219,46.7215],[-117.3999,46.7217],[-117.3945,46.7251],[-117.3792,46.7269],[-117.3662,46.7202],[-117.3443,46.7199],[-117.3402,46.7277],[-117.3404,46.7372],[-117.333,46.743],[-117.3401,46.7587],[-117.3179,46.7501],[-117.3179,46.7648],[-117.3076,46.7643],[-117.3024,46.7789],[-117.2917,46.7789],[-117.3072,46.7874],[-117.312,46.7934],[-117.2998,46.8004],[-117.2999,46.8183],[-117.2933,46.8273],[-117.2853,46.8248],[-117.2732,46.8284],[-117.28,46.8485],[-117.2716,46.8468],[-117.2543,46.8536],[-117.2409,46.8535],[-117.2207,46.8502],[-117.2186,46.8441],[-117.2031,46.8451],[-117.1811,46.8346]],[[-117.3575,47.0059],[-117.3625,47.017],[-117.355,47.0097],[-117.3575,47.0059]]]},"properties":{"ZCTA5CE10":"99111"}},{"type":"Feature","geometry":{"type":"Polygon","coordinates":[[[-117.1811,46.8346],[-117.2031,46.8451],[-117.2186,46.8441],[-117.2207,46.8502],[-117.2409,46.8535],[-117.2543,46.8536],[-117.2716,46.8468],[-117.28,46.8485],[-117.2732,46.8284],[-117.2853,46.8248],[-117.2933,46.8273],[-117.2999,46.8183],[-117.2998,46.8004],[-117.312,46.7934],[-117.3072,46.7874],[-117.2917,46.7789],[-117.3024,46.7789],[-117.3076,46.7643],[-117.3179,46.7648],[-117.3179,46.7501],[-117.3401,46.7587],[-117.333,46.743],[-117.3404,46.7372],[-117.3402,46.7277],[-117.3443,46.7199],[-117.3662,46.7202],[-117.3792,46.7269],[-117.3945,46.7251],[-117.3999,46.7217],[-117.4219,46.7215],[-117.4353,46.7141],[-117.4417,46.7062],[-117.4509,46.7029],[-117.4673,46.703],[-117.4681,46.7],[-117.4541,46.6914],[-117.4478,46.6737],[-117.4356,46.6619],[-117.3681,46.6616],[-117.3686,46.6543],[-117.358,46.6541],[-117.3589,46.6468],[-117.337,46.647],[-117.3384,46.6321],[-117.3165,46.6319],[-117.3176,46.617],[-117.2413,46.617],[-117.2408,46.6243],[-117.2322,46.6243],[-117.2201,46.6183],[-117.2252,46.6243],[-117.1689,46.6243],[-117.1784,46.6424],[-117.1544,46.6391],[-117.1386,46.6388],[-117.1186,46.6495],[-117.1189,46.6635],[-117.1024,46.6647],[-117.0922,46.6679],[-117.0823,46.6642],[-117.0686,46.6715],[-117.0541,46.6733],[-117.0503,46.6774],[-117.0581,46.6848],[-117.0394,46.7018],[-117.0398,46.8259],[-117.0573,46.8257],[-117.0658,46.8121],[-117.0867,46.8184],[-117.1016,46.826],[-117.0727,46.8378],[-117.087,46.846],[-117.1144,46.8432],[-117.1207,46.8377],[-117.1277,46.8406],[-117.1407,46.8296],[-117.166,46.8348],[-117.1811,46.8346]],[[-117.15,46.7295],[-117.1591,46.73],[-117.1492,46.7331],[-117.15,46.7295]],[[-117.2496,46.7925],[-117.2505,46.7866],[-117.2579,46.7891],[-117.2496,46.7925]]]},"properties":{"ZCTA5CE10":"99163"}},{"type":"Feature","geometry":{"type":"Polygon","coordinates":[[[-120.8094,46.6645],[-120.8064,46.6631],[-120.7637,46.6608],[-120.7468,46.6552],[-120.7361,46.6562],[-120.685,46.6482],[-120.6922,46.6577],[-120.6783,46.6588],[-120.6931,46.6755],[-120.6854,46.6803],[-120.6923,46.6876],[-120.7104,46.6874],[-120.7103,46.6765],[-120.7209,46.6802],[-120.7209,46.6728],[-120.7418,46.6729],[-120.7408,46.67],[-120.7567,46.6703],[-120.7622,46.6611],[-120.7836,46.6641],[-120.8094,46.6645]]]},"properties":{"ZCTA5CE10":"98923"}},{"type":"Feature","geometry":{"type":"Polygon","coordinates":[[[-120.7322,46.4206],[-120.7547,46.4079],[-120.7547,46.4045],[-120.6914,46.4045],[-120.6913,46.3932],[-120.7017,46.3931],[-120.7073,46.3891],[-120.7065,46.3752],[-120.6928,46.3751],[-120.6803,46.3816],[-120.6715,46.3812],[-120.6697,46.3861],[-120.6857,46.3861],[-120.686,46.3928],[-120.6786,46.3954],[-120.6493,46.3906],[-120.6489,46.3753],[-120.6282,46.3782],[-120.6286,46.3868],[-120.6072,46.3863],[-120.6072,46.39],[-120.5748,46.3901],[-120.5652,46.3818],[-120.5653,46.3569],[-120.5547,46.3534],[-120.5546,46.3606],[-120.544,46.3609],[-120.544,46.3681],[-120.5442,46.3943],[-120.5388,46.3954],[-120.5388,46.4036],[-120.534,46.4117],[-120.5595,46.4115],[-120.5594,46.419],[-120.619,46.4189],[-120.6194,46.4262],[-120.6311,46.4334],[-120.6493,46.4335],[-120.6494,46.419],[-120.6552,46.4287],[-120.6774,46.434],[-120.6709,46.426],[-120.6812,46.4239],[-120.6752,46.4197],[-120.7125,46.4187],[-120.7129,46.4315],[-120.7322,46.4206]]]},"properties":{"ZCTA5CE10":"98933"}},{"type":"Feature","geometry":{"type":"Polygon","coordinates":[[[-120.5569,46.6236],[-120.5621,46.6191],[-120.562,46.5747],[-120.5566,46.5782],[-120.5395,46.5709],[-120.5095,46.5707],[-120.4974,46.5778],[-120.5068,46.5925],[-120.5036,46.5925],[-120.5194,46.6261],[-120.5348,46.6229],[-120.5569,46.6236]]]},"properties":{"ZCTA5CE10":"98902"}},{"type":"Feature","geometry":{"type":"Polygon","coordinates":[[[-120.8094,46.6645],[-120.7836,46.6641],[-120.7622,46.6611],[-120.7567,46.6703],[-120.7408,46.67],[-120.7418,46.6729],[-120.7209,46.6728],[-120.7209,46.6802],[-120.7103,46.6765],[-120.7104,46.6874],[-120.6923,46.6876],[-120.6854,46.6803],[-120.6785,46.6803],[-120.6784,46.6877],[-120.6784,46.6951],[-120.6891,46.6949],[-120.6891,46.7004],[-120.7044,46.7055],[-120.7103,46.7112],[-120.7105,46.7202],[-120.7213,46.7306],[-120.7455,46.7363],[-120.7541,46.7426],[-120.7687,46.746],[-120.7862,46.7433],[-120.7966,46.7307],[-120.8087,46.7278],[-120.815,46.7172],[-120.8256,46.7174],[-120.8257,46.7066],[-120.8543,46.7039],[-120.8686,46.6953],[-120.8724,46.6871],[-120.8835,46.6828],[-120.9031,46.6573],[-120.9173,46.6462],[-120.932,46.6416],[-120.8879,46.6212],[-120.8805,46.6216],[-120.8682,46.6341],[-120.8504,46.6461],[-120.8349,46.6632],[-120.8094,46.6645]]]},"properties":{"ZCTA5CE10":"98947"}},{"type":"Feature","geometry":{"type":"Polygon","coordinates":[[[-119.9901,46.041],[-119.9292,46.0402],[-119.8663,46.0407],[-119.8654,46.1272],[-119.8865,46.1272],[-119.8868,46.1415],[-119.8916,46.142],[-119.8892,46.1546],[-119.8966,46.1629],[-119.8865,46.1799],[-119.8762,46.1836],[-119.8762,46.188],[-119.8667,46.1871],[-119.867,46.1955],[-119.877,46.2014],[-119.8857,46.2093],[-119.903,46.2156],[-119.9162,46.2159],[-119.9354,46.2234],[-119.9559,46.2245],[-119.9806,46.2361],[-119.9872,46.236],[-119.9943,46.2296],[-119.9995,46.2309],[-119.9995,46.2401],[-119.9788,46.2402],[-119.9788,46.2527],[-119.9994,46.2583],[-120.0101,46.2584],[-120.0098,46.2656],[-120.0192,46.2657],[-120.0133,46.2729],[-120.0658,46.2733],[-120.071,46.2803],[-120.0833,46.2801],[-120.0833,46.2659],[-120.0641,46.2659],[-120.0659,46.2586],[-120.0793,46.2499],[-120.0957,46.2528],[-120.1054,46.2506],[-120.1067,46.259],[-120.1261,46.2594],[-120.1261,46.255],[-120.126,46.2325],[-120.1413,46.2373],[-120.1407,46.2263],[-120.1493,46.2234],[-120.1603,46.2317],[-120.1807,46.2271],[-120.1961,46.1993],[-120.2127,46.185],[-120.2264,46.1602],[-120.248,46.1363],[-120.253,46.1506],[-120.2647,46.1479],[-120.2662,46.1435],[-120.2791,46.132],[-120.2987,46.1253],[-120.3216,46.1267],[-120.3495,46.1178],[-120.3669,46.1054],[-120.3664,46.0415],[-120.3404,46.0413],[-120.2714,46.0416],[-120.2498,46.0411],[-120.1705,46.0414],[-120.1356,46.0411],[-119.9901,46.041]]]},"properties":{"ZCTA5CE10":"98935"}},{"type":"Feature","geometry":{"type":"Polygon","coordinates":[[[-118.1686,46.7907],[-118.1663,46.7823],[-118.1378,46.7816],[-118.1333,46.8067],[-118.133,46.8255],[-118.1027,46.8248],[-118.1034,46.81],[-118.0816,46.8094],[-118.0841,46.7954],[-118.0827,46.7868],[-118.0863,46.7803],[-118.0778,46.7771],[-118.0628,46.7771],[-118.0417,46.7735],[-118.0382,46.7822],[-118.026,46.7879],[-118.02,46.7829],[-118.0126,46.7905],[-118.0179,46.7995],[-118.02,46.8125],[-118.0115,46.8148],[-117.9979,46.8234],[-117.9924,46.8382],[-118.0033,46.8388],[-118.0044,46.8482],[-117.9945,46.8525],[-117.9876,46.8619],[-117.9708,46.8673],[-117.9674,46.9149],[-117.9589,46.9149],[-117.959,46.9313],[-117.9834,46.9408],[-117.9844,46.93],[-117.9904,46.9267],[-118.0033,46.9057],[-118.0112,46.9032],[-118.0224,46.9066],[-118.0299,46.9129],[-118.085,46.9169],[-118.0874,46.9199],[-118.088,46.9875],[-118.0875,47.016],[-118.1018,47.0184],[-118.1093,47.0286],[-118.1097,47.0406],[-118.1224,47.0501],[-118.1369,47.0427],[-118.1383,47.0378],[-118.1548,47.0305],[-118.1738,47.0303],[-118.1899,47.0248],[-118.2061,47.016],[-118.213,46.9829],[-118.2225,46.9674],[-118.2213,46.9576],[-118.2156,46.9391],[-118.2143,46.9137],[-118.1659,46.914],[-118.1681,46.8989],[-118.1805,46.8992],[-118.1831,46.8879],[-118.1741,46.8835],[-118.1742,46.8653],[-118.1643,46.8476],[-118.1688,46.8341],[-118.1676,46.8164],[-118.1686,46.7907]]]},"properties":{"ZCTA5CE10":"99105"}},{"type":"Feature","geometry":{"type":"Polygon","coordinates":[[[-117.2379,46.4701],[-117.2847,46.4705],[-117.2943,46.4625],[-117.2925,46.4532],[-117.2944,46.4421],[-117.3011,46.4283],[-117.3153,46.4313],[-117.3329,46.4453],[-117.3354,46.4539],[-117.3573,46.4673],[-117.356,46.4159],[-117.3634,46.4122],[-117.4196,46.412],[-117.4206,46.3474],[-117.4208,46.2942],[-117.4197,46.2775],[-117.4025,46.2837],[-117.3889,46.2813],[-117.3523,46.2829],[-117.348,46.285],[-117.3144,46.2854],[-117.2977,46.2895],[-117.2828,46.2884],[-117.2675,46.2973],[-117.2529,46.3107],[-117.2223,46.3243],[-117.1926,46.3321],[-117.1511,46.3256],[-117.1194,46.3229],[-117.1058,46.3284],[-117.0866,46.3326],[-117.0744,46.3321],[-117.0578,46.3389],[-117.0601,46.3485],[-117.0628,46.3653],[-117.0462,46.381],[-117.0347,46.4183],[-117.0398,46.4254],[-117.0518,46.43],[-117.0699,46.4263],[-117.0888,46.4172],[-117.1163,46.4213],[-117.133,46.4276],[-117.1525,46.4304],[-117.1804,46.4218],[-117.199,46.4198],[-117.211,46.4248],[-117.2146,46.4336],[-117.2059,46.4479],[-117.2141,46.4562],[-117.2323,46.4635],[-117.2379,46.4701]]]},"properties":{"ZCTA5CE10":"99403"}},{"type":"Feature","geometry":{"type":"MultiPolygon","coordinates":[[[[-117.1771,46.1338],[-117.177,46.1551],[-117.1857,46.1555],[-117.2026,46.1479],[-117.1875,46.1339],[-117.1771,46.1338]]],[[[-117.4195,46.1353],[-117.3683,46.118],[-117.3531,46.1113],[-117.342,46.1196],[-117.344,46.1238],[-117.3262,46.1346],[-117.3115,46.1354],[-117.3057,46.1385],[-117.3016,46.1517],[-117.2867,46.1647],[-117.2729,46.165],[-117.2279,46.171],[-117.2111,46.1691],[-117.2008,46.174],[-117.1977,46.1987],[-117.1866,46.2141],[-117.1892,46.2183],[-117.1881,46.2319],[-117.177,46.2426],[-117.1782,46.2474],[-117.1734,46.2688],[-117.164,46.2768],[-117.1521,46.2794],[-117.1331,46.2889],[-117.1226,46.3],[-117.117,46.3014],[-117.1094,46.2958],[-117.1117,46.283],[-117.1318,46.264],[-117.1431,46.2578],[-117.1511,46.2484],[-117.1548,46.2322],[-117.1463,46.22],[-117.1439,46.212],[-117.1488,46.1967],[-117.1444,46.1774],[-117.1132,46.1773],[-117.1131,46.1992],[-117.074,46.1988],[-117.0715,46.1959],[-117.0786,46.1875],[-117.0813,46.175],[-117.094,46.1644],[-117.1098,46.1579],[-117.1221,46.1486],[-117.1009,46.1545],[-117.0767,46.1579],[-117.0669,46.1656],[-117.0558,46.1703],[-117.0457,46.1697],[-117.0522,46.1626],[-117.0773,46.1436],[-117.0784,46.1385],[-117.0707,46.1359],[-117.0706,46.1255],[-117.0813,46.1125],[-117.0809,46.1038],[-117.0865,46.0993],[-117.0868,46.0894],[-117.1029,46.0908],[-117.1052,46.1042],[-117.1242,46.1042],[-117.1227,46.0793],[-117.1132,46.0712],[-117.1121,46.0634],[-117.1172,46.0491],[-117.1238,46.0406],[-117.1133,46.034],[-117.1076,46.0415],[-117.0982,46.045],[-117.0859,46.0411],[-117.0825,46.0475],[-117.0748,46.0448],[-117.0749,46.0394],[-117.0673,46.0385],[-117.0687,46.0444],[-117.0503,46.0397],[-117.0431,46.0458],[-117.0287,46.0453],[-117.0359,46.0493],[-117.0293,46.0528],[-117.0179,46.049],[-117.0217,46.0578],[-117.0148,46.061],[-117.006,46.0539],[-117.0012,46.0432],[-117.0284,46.0209],[-117.0323,46.01],[-117.0413,46.0061],[-117.0551,46.0134],[-117.0718,46.0115],[-117.0903,45.9975],[-117.0513,45.9968],[-116.9859,45.997],[-116.9157,45.9954],[-116.9186,45.9988],[-116.9219,46.0165],[-116.9298,46.0236],[-116.9317,46.0397],[-116.9386,46.0445],[-116.9435,46.0544],[-116.9427,46.061],[-116.9574,46.0754],[-116.9789,46.08],[-116.9817,46.0929],[-116.9741,46.0977],[-116.9595,46.0991],[-116.9513,46.1112],[-116.9504,46.1227],[-116.9347,46.1367],[-116.935,46.153],[-116.9226,46.1607],[-116.924,46.1709],[-116.9348,46.1743],[-116.9417,46.185],[-116.963,46.1997],[-116.9657,46.2103],[-116.956,46.226],[-116.9588,46.2423],[-116.9703,46.2612],[-116.9911,46.2763],[-116.9849,46.2897],[-116.9879,46.298],[-117.0068,46.3049],[-117.0223,46.3175],[-117.0238,46.336],[-117.0307,46.3403],[-117.054,46.3446],[-117.0601,46.3485],[-117.0578,46.3389],[-117.0744,46.3321],[-117.0866,46.3326],[-117.1058,46.3284],[-117.1194,46.3229],[-117.1511,46.3256],[-117.1926,46.3321],[-117.2223,46.3243],[-117.2529,46.3107],[-117.2675,46.2973],[-117.2828,46.2884],[-117.2977,46.2895],[-117.3144,46.2854],[-117.348,46.285],[-117.3523,46.2829],[-117.3889,46.2813],[-117.4025,46.2837],[-117.4197,46.2775],[-117.4195,46.1353]]]]},"properties":{"ZCTA5CE10":"99402"}},{"type":"Feature","geometry":{"type":"Polygon","coordinates":[[[-119.3481,46.1394],[-119.3481,46.129],[-119.3694,46.131],[-119.4124,46.1295],[-119.4543,46.13],[-119.4539,46.1769],[-119.4589,46.1826],[-119.455,46.1897],[-119.4572,46.1958],[-119.4539,46.2079],[-119.4474,46.2088],[-119.4368,46.2188],[-119.4376,46.2234],[-119.4631,46.2327],[-119.4815,46.2417],[-119.4887,46.2379],[-119.501,46.243],[-119.5294,46.2457],[-119.5369,46.2434],[-119.5375,46.2138],[-119.5592,46.214],[-119.5591,46.1869],[-119.6009,46.1867],[-119.6008,46.2141],[-119.6221,46.2142],[-119.6215,46.2557],[-119.6057,46.2551],[-119.5945,46.2586],[-119.5888,46.2666],[-119.5947,46.2665],[-119.6269,46.2587],[-119.6193,46.2659],[-119.6191,46.2858],[-119.6088,46.2881],[-119.6085,46.2943],[-119.5955,46.2991],[-119.5981,46.3021],[-119.5973,46.3167],[-119.6187,46.3169],[-119.6182,46.3895],[-119.6156,46.4754],[-119.7234,46.4766],[-119.8745,46.4764],[-119.8734,46.4466],[-119.8731,46.391],[-119.8735,46.3314],[-119.8104,46.3311],[-119.8106,46.3165],[-119.7897,46.3164],[-119.7891,46.3099],[-119.7467,46.3098],[-119.7468,46.3029],[-119.8105,46.3028],[-119.8107,46.2825],[-119.8315,46.2876],[-119.8312,46.2583],[-119.8415,46.2584],[-119.8417,46.251],[-119.8522,46.2511],[-119.8525,46.2303],[-119.8574,46.2166],[-119.8665,46.2146],[-119.8666,46.2079],[-119.877,46.208],[-119.877,46.2014],[-119.867,46.1955],[-119.8667,46.1871],[-119.8762,46.188],[-119.8762,46.1836],[-119.8865,46.1799],[-119.8966,46.1629],[-119.8892,46.1546],[-119.8916,46.142],[-119.8868,46.1415],[-119.8865,46.1272],[-119.8654,46.1272],[-119.8663,46.0407],[-119.9292,46.0402],[-119.9901,46.041],[-119.9923,45.9102],[-119.9985,45.9096],[-119.982,45.8986],[-119.9818,45.8854],[-119.9734,45.8791],[-119.9512,45.8703],[-119.9337,45.8698],[-119.9241,45.8673],[-119.9272,45.8616],[-119.9196,45.8486],[-119.9196,45.8417],[-119.9094,45.844],[-119.8885,45.8546],[-119.8835,45.8414],[-119.868,45.8472],[-119.8671,46.0112],[-119.8574,46.0111],[-119.8483,46.0173],[-119.8518,46.0391],[-119.7897,46.0381],[-119.7496,46.0388],[-119.7336,46.0323],[-119.7233,46.0405],[-119.6867,46.0429],[-119.6024,46.0435],[-119.6031,45.9369],[-119.5825,45.9398],[-119.578,45.9529],[-119.5687,45.9619],[-119.5602,45.9812],[-119.5641,45.9965],[-119.5708,46.0109],[-119.5697,46.0202],[-119.5603,46.0286],[-119.533,46.0289],[-119.5108,46.0217],[-119.4977,46.0284],[-119.4973,46.043],[-119.4556,46.0424],[-119.367,46.0413],[-119.3715,46.0527],[-119.3704,46.0866],[-119.3271,46.0852],[-119.3271,46.1288],[-119.3103,46.1289],[-119.3064,46.132],[-119.3061,46.1432],[-119.3178,46.1433],[-119.327,46.1393],[-119.3272,46.1345],[-119.3384,46.1348],[-119.3481,46.1394]]]},"properties":{"ZCTA5CE10":"99350"}},{"type":"Feature","geometry":{"type":"Polygon","coordinates":[[[-124.6223,48.038],[-124.6181,48.0317],[-124.6013,48.0187],[-124.6009,48.013],[-124.5812,48.0074],[-124.5491,48.0096],[-124.5439,48.0125],[-124.5322,48.0062],[-124.5064,48.01],[-124.4987,48.014],[-124.4853,48.0084],[-124.4707,47.9973],[-124.4546,47.9952],[-124.4534,47.9985],[-124.4396,47.9994],[-124.4399,47.9723],[-124.4302,47.9761],[-124.4333,47.9818],[-124.4224,47.9861],[-124.4183,47.9925],[-124.4025,47.9956],[-124.3996,48.0099],[-124.3934,48.012],[-124.3859,48.0347],[-124.3838,48.023],[-124.3742,48.0204],[-124.3679,48.0089],[-124.3703,48.0018],[-124.3789,47.9957],[-124.363,47.9941],[-124.372,47.9851],[-124.3755,47.9749],[-124.3623,47.9697],[-124.333,47.9711],[-124.3223,47.9748],[-124.3095,47.9907],[-124.3082,48.05],[-124.3032,48.0608],[-124.2884,48.0692],[-124.2789,48.0701],[-124.2698,48.0796],[-124.2771,48.0852],[-124.2689,48.0914],[-124.2532,48.1103],[-124.2578,48.1222],[-124.2725,48.1252],[-124.2621,48.1344],[-124.2725,48.1357],[-124.2923,48.148],[-124.3043,48.1432],[-124.3047,48.1502],[-124.3299,48.1401],[-124.3286,48.121],[-124.3354,48.1157],[-124.3457,48.1173],[-124.3611,48.1105],[-124.3728,48.1133],[-124.3716,48.1268],[-124.3775,48.1323],[-124.3957,48.1415],[-124.4099,48.1457],[-124.4199,48.1331],[-124.4259,48.1331],[-124.4349,48.1198],[-124.4457,48.1092],[-124.4543,48.1143],[-124.4668,48.1075],[-124.4686,48.0942],[-124.4757,48.0893],[-124.4832,48.0919],[-124.4969,48.0876],[-124.5088,48.0889],[-124.5125,48.083],[-124.519,48.0861],[-124.523,48.0819],[-124.5264,48.0905],[-124.5385,48.0989],[-124.55,48.1015],[-124.5542,48.0987],[-124.5688,48.1001],[-124.5762,48.0949],[-124.5992,48.1041],[-124.6052,48.1038],[-124.6061,48.0935],[-124.6124,48.0962],[-124.6261,48.0833],[-124.62,48.069],[-124.6158,48.0662],[-124.6223,48.038]]]},"properties":{"ZCTA5CE10":"98305"}},{"type":"Feature","geometry":{"type":"Polygon","coordinates":[[[-123.4379,48.1227],[-123.4449,48.1225],[-123.4627,48.1068],[-123.4513,48.1079],[-123.4534,48.0965],[-123.4455,48.0872],[-123.4555,48.0664],[-123.4487,48.0599],[-123.4449,48.0436],[-123.4563,48.0471],[-123.4796,48.0476],[-123.4899,48.0503],[-123.5034,48.0593],[-123.5274,48.0601],[-123.5275,48.0537],[-123.5077,48.0525],[-123.5025,48.0428],[-123.5172,48.0425],[-123.5288,48.0387],[-123.5288,47.9573],[-123.5277,47.9309],[-123.5118,47.9252],[-123.4955,47.9117],[-123.4908,47.901],[-123.4817,47.8963],[-123.4805,47.8864],[-123.4706,47.878],[-123.4677,47.8669],[-123.1574,47.8669],[-123.1574,47.8738],[-123.1661,47.8866],[-123.1792,47.8947],[-123.1883,47.8963],[-123.2037,47.9158],[-123.214,47.9244],[-123.2297,47.9245],[-123.2297,47.9545],[-123.2312,47.9614],[-123.2314,47.9713],[-123.2381,47.9713],[-123.2389,47.9807],[-123.2508,47.9933],[-123.2505,47.9974],[-123.2385,48.0158],[-123.2323,48.0181],[-123.2308,48.0251],[-123.2442,48.0372],[-123.242,48.0409],[-123.2494,48.0535],[-123.2464,48.0706],[-123.2316,48.0822],[-123.2364,48.0905],[-123.2219,48.1047],[-123.2185,48.1161],[-123.2208,48.1254],[-123.248,48.1157],[-123.2554,48.1174],[-123.2783,48.1168],[-123.289,48.1208],[-123.3136,48.1137],[-123.3358,48.113],[-123.3467,48.1181],[-123.3744,48.1141],[-123.3946,48.114],[-123.4083,48.1184],[-123.4129,48.116],[-123.4379,48.1227]]]},"properties":{"ZCTA5CE10":"98362"}},{"type":"Feature","geometry":{"type":"Polygon","coordinates":[[[-122.6205,45.7654],[-122.5996,45.7657],[-122.5996,45.7477],[-122.5848,45.7478],[-122.5846,45.7367],[-122.5905,45.7367],[-122.5899,45.73],[-122.5771,45.7295],[-122.5653,45.7371],[-122.5572,45.738],[-122.5411,45.7454],[-122.5265,45.749],[-122.517,45.7589],[-122.5116,45.758],[-122.4946,45.7668],[-122.4946,45.7634],[-122.4607,45.7628],[-122.4578,45.7686],[-122.4398,45.7713],[-122.4348,45.7591],[-122.4275,45.7593],[-122.4196,45.7533],[-122.4183,45.7589],[-122.3971,45.7614],[-122.3853,45.7583],[-122.3781,45.7653],[-122.373,45.7573],[-122.3734,45.797],[-122.3671,45.8009],[-122.3712,45.8058],[-122.3677,45.8147],[-122.3757,45.8191],[-122.3862,45.8318],[-122.404,45.8322],[-122.4196,45.8369],[-122.4549,45.8387],[-122.4591,45.8367],[-122.5007,45.8332],[-122.5071,45.8353],[-122.5071,45.844],[-122.498,45.8486],[-122.498,45.8601],[-122.5218,45.8593],[-122.5164,45.8724],[-122.5298,45.8747],[-122.5373,45.8748],[-122.5469,45.8611],[-122.5586,45.8555],[-122.5673,45.8546],[-122.579,45.8489],[-122.5862,45.8488],[-122.591,45.8416],[-122.6092,45.8333],[-122.6255,45.8335],[-122.6183,45.829],[-122.6311,45.8276],[-122.6069,45.813],[-122.6127,45.7977],[-122.6205,45.7979],[-122.6205,45.7796],[-122.6158,45.7787],[-122.6156,45.7678],[-122.6205,45.7654]]]},"properties":{"ZCTA5CE10":"98604"}},{"type":"Feature","geometry":{"type":"Polygon","coordinates":[[[-117.4197,46.2775],[-117.4208,46.2942],[-117.4206,46.3474],[-117.4196,46.412],[-117.3634,46.4122],[-117.356,46.4159],[-117.3573,46.4673],[-117.3354,46.4539],[-117.3329,46.4453],[-117.3153,46.4313],[-117.3011,46.4283],[-117.2944,46.4421],[-117.2925,46.4532],[-117.2943,46.4625],[-117.2847,46.4705],[-117.2379,46.4701],[-117.2386,46.4821],[-117.2321,46.497],[-117.2325,46.5056],[-117.2444,46.5222],[-117.2527,46.5431],[-117.259,46.549],[-117.2847,46.5629],[-117.2963,46.5748],[-117.3128,46.581],[-117.338,46.5821],[-117.3494,46.588],[-117.362,46.6042],[-117.3835,46.6152],[-117.3886,46.6248],[-117.3854,46.6488],[-117.392,46.6537],[-117.4103,46.6566],[-117.4206,46.6551],[-117.4356,46.6619],[-117.4478,46.6737],[-117.4541,46.6914],[-117.4681,46.7],[-117.479,46.6997],[-117.4966,46.6901],[-117.4987,46.6835],[-117.512,46.6782],[-117.5232,46.6772],[-117.548,46.6807],[-117.5769,46.6749],[-117.6012,46.6727],[-117.6154,46.6747],[-117.6262,46.6798],[-117.6432,46.6976],[-117.654,46.7012],[-117.6873,46.7032],[-117.6986,46.6987],[-117.7316,46.6939],[-117.7399,46.6966],[-117.7275,46.7006],[-117.7459,46.7085],[-117.751,46.7156],[-117.7449,46.7263],[-117.7341,46.7368],[-117.7666,46.7371],[-117.7797,46.7344],[-117.7845,46.7301],[-117.7849,46.7066],[-117.7948,46.6887],[-117.8052,46.6861],[-117.813,46.6791],[-117.8137,46.6724],[-117.7983,46.6662],[-117.8063,46.6554],[-117.8134,46.6323],[-117.8137,46.623],[-117.8316,46.6224],[-117.8518,46.6248],[-117.8528,46.5602],[-117.8619,46.5601],[-117.8633,46.4709],[-117.7795,46.4714],[-117.7798,46.4531],[-117.7947,46.4532],[-117.8062,46.457],[-117.8209,46.4579],[-117.8202,46.4537],[-117.8006,46.4526],[-117.7866,46.4457],[-117.7511,46.4397],[-117.7519,46.4296],[-117.7576,46.4196],[-117.7539,46.4139],[-117.7592,46.4109],[-117.7592,46.3977],[-117.7381,46.3979],[-117.7378,46.3831],[-117.7165,46.3831],[-117.7165,46.3682],[-117.7097,46.3685],[-117.7067,46.3533],[-117.7066,46.3351],[-117.7019,46.3273],[-117.6992,46.3085],[-117.6911,46.2973],[-117.6941,46.2942],[-117.6543,46.2941],[-117.6595,46.2708],[-117.6796,46.2481],[-117.6941,46.2404],[-117.7242,46.2281],[-117.7215,46.2222],[-117.712,46.217],[-117.7045,46.2035],[-117.693,46.1991],[-117.663,46.1972],[-117.641,46.1897],[-117.6314,46.1913],[-117.6126,46.1856],[-117.613,46.1206],[-117.6036,46.1207],[-117.6032,45.9989],[-117.4801,45.9978],[-117.48,46.122],[-117.4196,46.1219],[-117.4195,46.1353],[-117.4197,46.2775]]]},"properties":{"ZCTA5CE10":"99347"}},{"type":"Feature","geometry":{"type":"Polygon","coordinates":[[[-118.2941,46.2508],[-118.2836,46.2534],[-118.2834,46.2809],[-118.2418,46.2807],[-118.2418,46.3675],[-118.2103,46.3679],[-118.2102,46.382],[-118.1998,46.3842],[-118.1998,46.3968],[-118.1893,46.3969],[-118.1894,46.426],[-118.1691,46.4264],[-118.1769,46.4455],[-118.1841,46.4485],[-118.2,46.45],[-118.2,46.4699],[-118.207,46.4698],[-118.1975,46.4812],[-118.1952,46.4894],[-118.2039,46.4848],[-118.2163,46.4846],[-118.2206,46.4908],[-118.2417,46.4915],[-118.2426,46.5599],[-118.2284,46.5604],[-118.2289,46.5936],[-118.2443,46.6007],[-118.2577,46.5996],[-118.2739,46.5938],[-118.2872,46.5949],[-118.3057,46.6055],[-118.3225,46.6068],[-118.3617,46.598],[-118.3897,46.5806],[-118.4232,46.5837],[-118.4526,46.597],[-118.4673,46.5986],[-118.4759,46.5951],[-118.4965,46.5755],[-118.528,46.5677],[-118.5372,46.5616],[-118.548,46.5559],[-118.5654,46.535],[-118.5821,46.5311],[-118.5924,46.5259],[-118.6156,46.5045],[-118.6207,46.4886],[-118.619,46.4744],[-118.6319,46.4543],[-118.6311,46.4479],[-118.638,46.4334],[-118.6338,46.414],[-118.6374,46.4107],[-118.6608,46.4025],[-118.6689,46.3892],[-118.6745,46.3852],[-118.6912,46.3811],[-118.6954,46.376],[-118.6971,46.3633],[-118.7049,46.3596],[-118.7209,46.3613],[-118.7462,46.3595],[-118.7574,46.3433],[-118.7623,46.325],[-118.7737,46.318],[-118.7743,46.3131],[-118.7665,46.3014],[-118.7686,46.2948],[-118.7772,46.2902],[-118.7935,46.2906],[-118.7923,46.2853],[-118.7957,46.2652],[-118.785,46.2638],[-118.7659,46.2737],[-118.7627,46.2692],[-118.7524,46.2691],[-118.7524,46.2545],[-118.7215,46.2541],[-118.7217,46.2423],[-118.7112,46.2467],[-118.69,46.2463],[-118.69,46.2536],[-118.6794,46.2533],[-118.6792,46.2385],[-118.6693,46.2379],[-118.5959,46.2123],[-118.5909,46.2237],[-118.5804,46.2217],[-118.5764,46.2217],[-118.5807,46.2335],[-118.5866,46.2384],[-118.578,46.2481],[-118.5781,46.2573],[-118.5714,46.2575],[-118.5437,46.2722],[-118.5345,46.2822],[-118.5344,46.2868],[-118.5258,46.2898],[-118.5166,46.2869],[-118.5052,46.2896],[-118.492,46.2874],[-118.4926,46.1653],[-118.4922,46.1508],[-118.4308,46.1507],[-118.43,46.1224],[-118.4137,46.1305],[-118.4099,46.1291],[-118.3987,46.1428],[-118.3913,46.1475],[-118.3726,46.15],[-118.379,46.1568],[-118.3831,46.1739],[-118.3821,46.1991],[-118.3924,46.2141],[-118.3925,46.2192],[-118.3693,46.2373],[-118.3531,46.2377],[-118.3434,46.244],[-118.3368,46.2539],[-118.3257,46.2556],[-118.3108,46.2834],[-118.3145,46.293],[-118.2937,46.2932],[-118.2926,46.2744],[-118.3017,46.252],[-118.2941,46.2508]]]},"properties":{"ZCTA5CE10":"99348"}},{"type":"Feature","geometry":{"type":"Polygon","coordinates":[[[-122.6498,46.1412],[-122.6977,46.1417],[-122.6995,46.066],[-122.7007,46.0611],[-122.7313,46.0611],[-122.7312,46.0683],[-122.7628,46.0692],[-122.7835,46.0684],[-122.7837,46.0542],[-122.8142,46.0543],[-122.8127,46.0477],[-122.8203,46.0444],[-122.8359,46.0483],[-122.8396,46.0459],[-122.8546,46.0524],[-122.8679,46.0545],[-122.8686,46.0772],[-122.8729,46.0737],[-122.87,46.0576],[-122.8813,46.046],[-122.8781,46.0313],[-122.8562,46.0145],[-122.8376,45.9808],[-122.814,45.961],[-122.8122,45.9545],[-122.8038,45.958],[-122.7931,45.9548],[-122.7698,45.9602],[-122.7702,45.9577],[-122.7526,45.9676],[-122.7524,45.9747],[-122.7407,45.9783],[-122.7161,45.978],[-122.704,45.9892],[-122.6998,46.0035],[-122.6804,46.0036],[-122.6807,46.0111],[-122.6693,46.0109],[-122.6693,46.0251],[-122.647,46.0225],[-122.6314,46.0237],[-122.6204,46.029],[-122.6136,46.0405],[-122.5858,46.0405],[-122.6003,46.0482],[-122.6085,46.048],[-122.6248,46.0526],[-122.6174,46.056],[-122.6099,46.0724],[-122.6144,46.0824],[-122.6114,46.0918],[-122.6062,46.0916],[-122.6034,46.107],[-122.6101,46.1105],[-122.619,46.1239],[-122.6148,46.1326],[-122.6372,46.1341],[-122.6498,46.1412]]]},"properties":{"ZCTA5CE10":"98625"}},{"type":"Feature","geometry":{"type":"Polygon","coordinates":[[[-119.5162,48.0778],[-119.5794,48.0779],[-119.5825,48.0706],[-119.5903,48.0705],[-119.601,48.0636],[-119.6171,48.0634],[-119.6107,48.0686],[-119.6126,48.0741],[-119.6241,48.0712],[-119.6222,48.0771],[-119.6327,48.0786],[-119.6411,48.0955],[-119.644,48.1064],[-119.652,48.1066],[-119.6712,48.1014],[-119.6605,48.0891],[-119.66,48.0753],[-119.6696,48.0489],[-119.6812,48.0489],[-119.6702,48.0698],[-119.6714,48.0784],[-119.6859,48.093],[-119.7015,48.0839],[-119.7172,48.0821],[-119.7275,48.0857],[-119.7362,48.0974],[-119.7512,48.1033],[-119.7512,48.0795],[-119.7225,48.081],[-119.7224,48.0767],[-119.7008,48.0771],[-119.7008,48.0585],[-119.6902,48.0612],[-119.6904,48.0477],[-119.6997,48.0479],[-119.6982,48.0535],[-119.7103,48.0621],[-119.7764,48.062],[-119.7768,47.9844],[-119.7726,47.9787],[-119.7673,47.9752],[-119.723,47.9753],[-119.7117,47.9764],[-119.7115,47.9608],[-119.6853,47.9608],[-119.6855,47.9334],[-119.687,47.9244],[-119.6814,47.924],[-119.6749,47.9351],[-119.6621,47.9443],[-119.6588,47.9606],[-119.6516,47.968],[-119.6398,47.9533],[-119.6071,47.9462],[-119.5646,47.9429],[-119.543,47.9443],[-119.5351,47.9506],[-119.5131,47.9504],[-119.513,47.961],[-119.4085,47.9613],[-119.4085,48.0042],[-119.4467,48.0042],[-119.4735,47.9961],[-119.4738,48.0784],[-119.5024,48.0821],[-119.5162,48.0778]]]},"properties":{"ZCTA5CE10":"98813"}},{"type":"Feature","geometry":{"type":"Polygon","coordinates":[[[-119.8862,48.279],[-119.9032,48.2731],[-119.9225,48.2783],[-119.9391,48.2761],[-119.957,48.2791],[-119.962,48.2744],[-119.9597,48.2603],[-119.9644,48.2567],[-119.9553,48.2384],[-119.9398,48.2271],[-119.9358,48.2207],[-119.9386,48.2088],[-119.9485,48.198],[-119.9492,48.1795],[-119.956,48.1749],[-119.9535,48.1685],[-119.9577,48.1606],[-119.9655,48.1566],[-119.9685,48.1446],[-119.9479,48.1408],[-119.9507,48.1381],[-119.937,48.1228],[-119.9297,48.1198],[-119.9256,48.1126],[-119.9046,48.0934],[-119.9025,48.0842],[-119.8924,48.0683],[-119.8825,48.0643],[-119.8626,48.0704],[-119.8464,48.0789],[-119.8441,48.077],[-119.8665,48.0643],[-119.8925,48.0541],[-119.8928,48.0446],[-119.8826,48.0316],[-119.8689,48.0183],[-119.8663,48.007],[-119.8699,47.997],[-119.8821,47.9831],[-119.8838,47.9724],[-119.8704,47.9604],[-119.7898,47.9607],[-119.7878,47.9679],[-119.7778,47.968],[-119.7726,47.9787],[-119.7768,47.9844],[-119.7764,48.062],[-119.7103,48.0621],[-119.6982,48.0535],[-119.6997,48.0479],[-119.6904,48.0477],[-119.6902,48.0612],[-119.7008,48.0585],[-119.7008,48.0771],[-119.7224,48.0767],[-119.7225,48.081],[-119.7512,48.0795],[-119.7512,48.1033],[-119.7362,48.0974],[-119.7275,48.0857],[-119.7172,48.0821],[-119.7015,48.0839],[-119.6859,48.093],[-119.6714,48.0784],[-119.6702,48.0698],[-119.6812,48.0489],[-119.6696,48.0489],[-119.66,48.0753],[-119.6605,48.0891],[-119.6712,48.1014],[-119.652,48.1066],[-119.644,48.1064],[-119.6411,48.0955],[-119.6327,48.0786],[-119.6222,48.0771],[-119.6241,48.0712],[-119.6126,48.0741],[-119.6107,48.0686],[-119.6171,48.0634],[-119.601,48.0636],[-119.5903,48.0705],[-119.5825,48.0706],[-119.5794,48.0779],[-119.5162,48.0778],[-119.5084,48.0828],[-119.4928,48.084],[-119.481,48.0803],[-119.4613,48.0809],[-119.4522,48.0946],[-119.4572,48.1064],[-119.4693,48.1099],[-119.4792,48.121],[-119.4796,48.1297],[-119.4886,48.1275],[-119.4876,48.1461],[-119.4967,48.1528],[-119.5145,48.1496],[-119.5144,48.1284],[-119.5347,48.1284],[-119.5361,48.1176],[-119.5495,48.1176],[-119.5578,48.114],[-119.5577,48.1951],[-119.5619,48.2136],[-119.5692,48.2228],[-119.6014,48.2228],[-119.6017,48.2495],[-119.6057,48.257],[-119.6168,48.261],[-119.6291,48.2565],[-119.62,48.2662],[-119.6638,48.2663],[-119.6659,48.2737],[-119.6843,48.2762],[-119.6944,48.2739],[-119.6976,48.2819],[-119.7202,48.265],[-119.7254,48.2481],[-119.7254,48.2372],[-119.7178,48.2299],[-119.727,48.23],[-119.7124,48.21],[-119.7366,48.2312],[-119.7343,48.2421],[-119.7381,48.2457],[-119.7389,48.2561],[-119.7307,48.2622],[-119.736,48.2639],[-119.7397,48.2557],[-119.7416,48.2426],[-119.7549,48.2444],[-119.7807,48.2436],[-119.7695,48.2359],[-119.7967,48.236],[-119.8051,48.2506],[-119.864,48.2503],[-119.8641,48.2676],[-119.8846,48.273],[-119.8862,48.279]]]},"properties":{"ZCTA5CE10":"98812"}},{"type":"Feature","geometry":{"type":"Polygon","coordinates":[[[-119.1906,47.9025],[-119.1473,47.9027],[-119.1473,47.9174],[-119.1257,47.9173],[-119.1252,47.9467],[-119.1038,47.9467],[-119.104,47.9618],[-119.0138,47.9621],[-119.0178,47.9511],[-119.0274,47.9511],[-119.022,47.9453],[-119.0221,47.9366],[-119.0287,47.9342],[-119.0278,47.9254],[-119.0387,47.9253],[-119.0389,47.9147],[-119.0227,47.918],[-119.0221,47.9289],[-119.0039,47.9308],[-118.9867,47.909],[-118.974,47.9064],[-118.9739,47.9108],[-118.918,47.9108],[-118.9157,47.9181],[-118.8938,47.918],[-118.8937,47.9253],[-118.8505,47.9253],[-118.8506,47.9034],[-118.8407,47.9032],[-118.7454,47.9032],[-118.7557,47.9086],[-118.7832,47.9157],[-118.8119,47.9203],[-118.8231,47.9262],[-118.8294,47.9331],[-118.833,47.9505],[-118.8376,47.9549],[-118.852,47.9577],[-118.8696,47.9567],[-118.893,47.9493],[-118.9543,47.9408],[-118.9781,47.9453],[-118.9819,47.9568],[-119.0019,47.9621],[-118.9908,47.9621],[-118.9654,47.9832],[-118.9604,47.9993],[-118.9525,48.0071],[-118.9507,48.0166],[-118.9555,48.0232],[-118.9773,48.0358],[-119.0011,48.0422],[-119.0061,48.0461],[-119.0136,48.0634],[-119.0224,48.0827],[-119.0218,48.0934],[-119.0304,48.1154],[-119.0526,48.1335],[-119.0622,48.1384],[-119.0752,48.1405],[-119.0917,48.1367],[-119.1038,48.1388],[-119.1141,48.1453],[-119.1335,48.151],[-119.1541,48.1445],[-119.1745,48.1297],[-119.1894,48.129],[-119.2011,48.1249],[-119.2094,48.1172],[-119.2338,48.1132],[-119.2439,48.1067],[-119.2488,48.1017],[-119.2367,48.091],[-119.2209,48.0885],[-119.2109,48.0813],[-119.1954,48.0647],[-119.1841,48.0479],[-119.1695,48.0403],[-119.1693,47.9897],[-119.196,47.9895],[-119.2128,47.9934],[-119.2129,47.9798],[-119.2024,47.9705],[-119.2495,47.9569],[-119.2767,47.9464],[-119.2551,47.9462],[-119.2551,47.9317],[-119.1904,47.9317],[-119.1906,47.9025]]]},"properties":{"ZCTA5CE10":"99133"}},{"type":"Feature","geometry":{"type":"Polygon","coordinates":[[[-118.8457,48.0501],[-118.8679,48.0571],[-118.8796,48.0501],[-118.9744,48.0502],[-118.9741,48.0657],[-118.9823,48.0764],[-118.9825,48.0937],[-118.9891,48.1025],[-118.9861,48.1126],[-118.9786,48.1226],[-118.9891,48.1236],[-119.0007,48.1209],[-119.0064,48.1265],[-119.0152,48.1251],[-119.0304,48.1295],[-119.0422,48.1274],[-119.0309,48.1194],[-119.0208,48.1014],[-119.0204,48.0813],[-119.0136,48.0634],[-119.0061,48.0461],[-119.0011,48.0422],[-118.9773,48.0358],[-118.9555,48.0232],[-118.9507,48.0166],[-118.9525,48.0071],[-118.9604,47.9993],[-118.9654,47.9832],[-118.9908,47.9621],[-119.0019,47.9621],[-118.9819,47.9568],[-118.9781,47.9453],[-118.9543,47.9408],[-118.893,47.9493],[-118.8696,47.9567],[-118.852,47.9577],[-118.8458,47.9635],[-118.8457,48.0501]],[[-118.9567,47.9957],[-118.958,47.9995],[-118.9475,48.0044],[-118.9511,47.9957],[-118.9567,47.9957]]]},"properties":{"ZCTA5CE10":"99116"}},{"type":"Feature","geometry":{"type":"Polygon","coordinates":[[[-118.5752,48.3538],[-118.5682,48.3514],[-118.5415,48.3496],[-118.5448,48.3266],[-118.5586,48.3108],[-118.5678,48.3078],[-118.5846,48.2916],[-118.6,48.2838],[-118.6009,48.2699],[-118.5867,48.2617],[-118.5963,48.2468],[-118.5979,48.2348],[-118.5948,48.2283],[-118.5787,48.2313],[-118.5617,48.2209],[-118.5537,48.2085],[-118.5371,48.2],[-118.5269,48.1858],[-118.5319,48.1746],[-118.5301,48.1681],[-118.5372,48.1557],[-118.5602,48.1553],[-118.5631,48.15],[-118.5722,48.148],[-118.586,48.1372],[-118.5817,48.1308],[-118.5944,48.1131],[-118.5798,48.107],[-118.5886,48.0868],[-118.5896,48.0668],[-118.5825,48.0602],[-118.5792,48.0454],[-118.5701,48.0541],[-118.5383,48.0548],[-118.532,48.0625],[-118.5195,48.0694],[-118.4927,48.0637],[-118.4784,48.0644],[-118.458,48.0701],[-118.4586,47.9632],[-118.4656,47.9633],[-118.4689,47.9485],[-118.4699,47.9297],[-118.4656,47.928],[-118.4658,47.8822],[-118.457,47.8749],[-118.4562,47.8545],[-118.4458,47.8455],[-118.4188,47.8357],[-118.3927,47.8307],[-118.3804,47.8311],[-118.3681,47.833],[-118.3571,47.8416],[-118.3541,47.8649],[-118.3481,47.877],[-118.3499,47.8826],[-118.3409,47.8944],[-118.34,47.9002],[-118.3561,47.9293],[-118.3487,47.9718],[-118.3706,47.9856],[-118.3754,47.9999],[-118.4011,48.0229],[-118.4008,48.0287],[-118.3589,48.0494],[-118.3395,48.0498],[-118.3161,48.0416],[-118.2755,48.0406],[-118.2656,48.0513],[-118.2667,48.0567],[-118.2579,48.0598],[-118.2452,48.0547],[-118.2332,48.0653],[-118.2353,48.0755],[-118.2313,48.0895],[-118.2375,48.1048],[-118.2533,48.1125],[-118.2539,48.1248],[-118.2486,48.1343],[-118.2333,48.1347],[-118.2212,48.1381],[-118.2075,48.1383],[-118.194,48.1492],[-118.1913,48.1599],[-118.196,48.1791],[-118.1966,48.1906],[-118.1879,48.1971],[-118.1895,48.2076],[-118.1945,48.2129],[-118.1545,48.2379],[-118.148,48.2454],[-118.1398,48.2673],[-118.1508,48.2823],[-118.1545,48.2959],[-118.1649,48.3045],[-118.1756,48.3195],[-118.1802,48.3357],[-118.1802,48.3637],[-118.183,48.3749],[-118.1897,48.3915],[-118.2035,48.4097],[-118.2024,48.4187],[-118.2004,48.4263],[-118.2029,48.4422],[-118.2119,48.4497],[-118.2122,48.4577],[-118.2065,48.4703],[-118.1892,48.4816],[-118.2862,48.4813],[-118.3761,48.4813],[-118.5153,48.4814],[-118.5114,48.4693],[-118.4932,48.4598],[-118.4855,48.4615],[-118.4703,48.4596],[-118.4551,48.4531],[-118.4551,48.4059],[-118.4756,48.3968],[-118.5959,48.3964],[-118.6,48.3886],[-118.6005,48.3759],[-118.611,48.3635],[-118.6044,48.3545],[-118.5909,48.3584],[-118.5752,48.3538]]]},"properties":{"ZCTA5CE10":"99138"}},{"type":"Feature","geometry":{"type":"Polygon","coordinates":[[[-119.0021,47.1448],[-119.002,47.1595],[-119.0867,47.1595],[-119.0867,47.1885],[-119.0654,47.1885],[-119.0656,47.2031],[-119.0868,47.2031],[-119.0871,47.2178],[-119.0013,47.2178],[-119.0013,47.2324],[-119.0225,47.2324],[-119.0222,47.2611],[-119.0646,47.262],[-119.0646,47.2766],[-119.1067,47.2765],[-119.1068,47.2621],[-119.1491,47.2628],[-119.1494,47.3352],[-119.2129,47.3363],[-119.2129,47.3938],[-119.2771,47.3954],[-119.2771,47.3808],[-119.3494,47.3821],[-119.3382,47.3723],[-119.3305,47.3702],[-119.3304,47.3386],[-119.3413,47.3388],[-119.3411,47.3207],[-119.3611,47.3204],[-119.3799,47.3274],[-119.387,47.3359],[-119.3886,47.3464],[-119.4503,47.2573],[-119.4575,47.2468],[-119.4464,47.236],[-119.4309,47.229],[-119.4279,47.2212],[-119.4313,47.2108],[-119.4294,47.1913],[-119.4742,47.1919],[-119.4616,47.1771],[-119.4908,47.1775],[-119.4906,47.1922],[-119.4951,47.1922],[-119.5131,47.1663],[-119.5122,47.1627],[-119.5337,47.1626],[-119.5341,47.1405],[-119.5555,47.1405],[-119.5556,47.133],[-119.5662,47.133],[-119.5665,47.104],[-119.6198,47.1038],[-119.6204,47.0305],[-119.6053,47.0307],[-119.5569,47.0305],[-119.5576,46.963],[-119.5418,46.961],[-119.5119,46.9608],[-119.5028,46.9657],[-119.4694,46.9646],[-119.4627,46.9688],[-119.4442,46.9709],[-119.4006,46.9817],[-119.3852,46.9794],[-119.3654,46.983],[-119.292,46.9837],[-119.267,46.9854],[-119.2482,46.9861],[-119.2267,46.99],[-119.2112,46.9886],[-119.1882,46.9946],[-119.1813,46.9913],[-119.1727,46.9939],[-119.1666,46.9906],[-119.1551,47.0004],[-119.1482,47.001],[-119.1494,47.0085],[-119.1433,47.0076],[-119.1344,47.0131],[-119.137,47.0183],[-119.115,47.0318],[-119.1108,47.0428],[-119.1007,47.0391],[-119.092,47.0417],[-119.0877,47.0494],[-119.0822,47.0494],[-119.0819,47.0908],[-119.0738,47.0958],[-119.0653,47.0938],[-119.0573,47.1024],[-119.0448,47.0977],[-119.0446,47.1302],[-119.0021,47.1304],[-119.0021,47.1448]]]},"properties":{"ZCTA5CE10":"98837"}},{"type":"Feature","geometry":{"type":"Polygon","coordinates":[[[-124.1587,47.0657],[-124.1507,47.0754],[-124.1351,47.0751],[-124.1242,47.0825],[-124.1329,47.0875],[-124.136,47.0953],[-124.1599,47.0977],[-124.1729,47.0911],[-124.181,47.093],[-124.1759,47.0522],[-124.1756,47.0257],[-124.1728,46.994],[-124.1741,46.9669],[-124.1789,46.9411],[-124.1791,46.931],[-124.1842,46.9297],[-124.1818,46.9222],[-124.1684,46.9237],[-124.156,46.9141],[-124.1263,46.9208],[-124.0901,46.9317],[-124.0896,47.0421],[-124.1104,47.0425],[-124.1113,47.0555],[-124.1379,47.0465],[-124.1519,47.0436],[-124.158,47.0378],[-124.1547,47.0179],[-124.1706,47.0175],[-124.1719,47.0438],[-124.1603,47.0458],[-124.1633,47.0561],[-124.1587,47.0657]]]},"properties":{"ZCTA5CE10":"98569"}},{"type":"Feature","geometry":{"type":"Polygon","coordinates":[[[-122.4882,47.9797],[-122.4817,47.9777],[-122.4695,47.966],[-122.4564,47.9493],[-122.459,47.9311],[-122.4555,47.917],[-122.4397,47.9068],[-122.4065,47.9018],[-122.3911,47.8979],[-122.3767,47.8979],[-122.3692,47.9033],[-122.3623,47.9233],[-122.3477,47.9404],[-122.3394,47.9606],[-122.3446,47.9843],[-122.3558,47.9939],[-122.3642,47.9913],[-122.3734,47.9993],[-122.3854,47.9961],[-122.3949,47.9895],[-122.4016,47.9964],[-122.4151,48.0011],[-122.4215,47.9903],[-122.4157,47.988],[-122.4183,47.9819],[-122.4406,47.9786],[-122.4469,47.9972],[-122.4658,48.0002],[-122.4846,47.9911],[-122.468,47.9857],[-122.4847,47.9849],[-122.4882,47.9797]]]},"properties":{"ZCTA5CE10":"98236"}},{"type":"Feature","geometry":{"type":"Polygon","coordinates":[[[-122.5307,48.0368],[-122.5417,48.0383],[-122.5487,48.0436],[-122.5611,48.0437],[-122.561,48.0563],[-122.5667,48.0564],[-122.5643,48.0364],[-122.5758,48.0362],[-122.5762,48.0429],[-122.5934,48.06],[-122.6046,48.0564],[-122.6059,48.0401],[-122.6197,48.0309],[-122.6074,48.0235],[-122.5892,48.0066],[-122.5748,48.0025],[-122.5596,47.9927],[-122.5684,47.9757],[-122.5658,47.9645],[-122.5461,47.9604],[-122.5141,47.9645],[-122.4971,47.9786],[-122.4882,47.9797],[-122.4847,47.9849],[-122.468,47.9857],[-122.4846,47.9911],[-122.5003,47.9934],[-122.4948,48.0007],[-122.5073,48.0008],[-122.507,48.0144],[-122.5037,48.0252],[-122.4946,48.0215],[-122.4863,48.0264],[-122.4897,48.0321],[-122.49,48.0582],[-122.5067,48.0582],[-122.5067,48.0659],[-122.5273,48.0637],[-122.5174,48.0423],[-122.5252,48.0221],[-122.5286,48.0216],[-122.5307,48.0368]]]},"properties":{"ZCTA5CE10":"98249"}},{"type":"Feature","geometry":{"type":"Polygon","coordinates":[[[-122.7229,48.2309],[-122.7243,48.2346],[-122.7143,48.2407],[-122.73,48.2407],[-122.7311,48.2538],[-122.7687,48.2538],[-122.7763,48.2384],[-122.7822,48.22],[-122.7593,48.2039],[-122.7466,48.193],[-122.7185,48.1857],[-122.7149,48.181],[-122.6996,48.1746],[-122.6947,48.164],[-122.6947,48.1532],[-122.6842,48.1455],[-122.6727,48.1464],[-122.6512,48.1558],[-122.6218,48.1529],[-122.6099,48.1332],[-122.6099,48.1091],[-122.5812,48.1091],[-122.5877,48.121],[-122.5754,48.1229],[-122.5833,48.1375],[-122.5815,48.1515],[-122.5666,48.1548],[-122.5704,48.1598],[-122.5781,48.1838],[-122.5961,48.2015],[-122.6018,48.2118],[-122.6282,48.2264],[-122.6341,48.2243],[-122.6479,48.2301],[-122.6609,48.2259],[-122.6734,48.2274],[-122.6796,48.223],[-122.693,48.2266],[-122.7111,48.2195],[-122.7179,48.2195],[-122.7229,48.2309]]]},"properties":{"ZCTA5CE10":"98239"}},{"type":"Feature","geometry":{"type":"Polygon","coordinates":[[[-122.8474,47.7715],[-122.8585,47.7805],[-122.8737,47.7805],[-122.8843,47.7924],[-122.8922,47.7974],[-122.9006,47.7919],[-122.9102,47.7953],[-122.917,47.792],[-122.9134,47.7728],[-122.9252,47.7729],[-122.9334,47.7767],[-122.9807,47.7849],[-123.029,47.7895],[-123.0417,47.783],[-123.0515,47.7812],[-123.1241,47.7813],[-123.1241,47.7084],[-123.1377,47.7084],[-123.1389,47.691],[-123.1239,47.6943],[-123.1085,47.6923],[-123.1032,47.6879],[-123.0868,47.6825],[-123.0767,47.6854],[-123.0568,47.6774],[-123.0378,47.6839],[-123.0217,47.681],[-123.0129,47.684],[-123.0013,47.6751],[-122.9921,47.6734],[-122.9921,47.6283],[-123.0002,47.6279],[-123.0245,47.6331],[-123.0158,47.6292],[-123.0167,47.6219],[-123.011,47.621],[-123.0254,47.6066],[-122.9824,47.6061],[-122.9809,47.6158],[-122.9662,47.6193],[-122.9623,47.6232],[-122.9427,47.6317],[-122.9344,47.6496],[-122.9309,47.6523],[-122.9189,47.6472],[-122.9036,47.646],[-122.9013,47.6518],[-122.9039,47.6722],[-122.8977,47.6793],[-122.8983,47.6888],[-122.889,47.6902],[-122.8964,47.6962],[-122.8955,47.7051],[-122.8865,47.7113],[-122.8841,47.7293],[-122.8518,47.7377],[-122.8492,47.752],[-122.8509,47.7619],[-122.8474,47.7715]]]},"properties":{"ZCTA5CE10":"98320"}},{"type":"Feature","geometry":{"type":"Polygon","coordinates":[[[-122.7355,47.984],[-122.7357,47.955],[-122.7465,47.9499],[-122.7465,47.9258],[-122.736,47.926],[-122.7361,47.8905],[-122.7443,47.8794],[-122.7417,47.8621],[-122.7544,47.8609],[-122.7469,47.8518],[-122.7491,47.8454],[-122.7479,47.8237],[-122.7492,47.8135],[-122.7455,47.8055],[-122.7361,47.8049],[-122.7194,47.8133],[-122.7043,47.8251],[-122.6873,47.8324],[-122.6829,47.8419],[-122.6501,47.864],[-122.6344,47.8678],[-122.6319,47.8748],[-122.6206,47.8778],[-122.6147,47.8861],[-122.6197,47.8903],[-122.6372,47.8898],[-122.6474,47.8952],[-122.6544,47.9037],[-122.6514,47.9202],[-122.6575,47.9328],[-122.6466,47.9367],[-122.6628,47.9349],[-122.675,47.9584],[-122.68,47.9621],[-122.683,47.9722],[-122.7007,47.9734],[-122.7115,47.984],[-122.7355,47.984]]]},"properties":{"ZCTA5CE10":"98365"}},{"type":"Feature","geometry":{"type":"Polygon","coordinates":[[[-122.7355,47.984],[-122.7367,47.9894],[-122.7572,48.0268],[-122.7572,48.0206],[-122.7675,48.0207],[-122.7686,48.0112],[-122.7754,48.015],[-122.7709,48.0213],[-122.7752,48.0279],[-122.7837,48.0277],[-122.786,48.039],[-122.7917,48.042],[-122.8106,48.0422],[-122.811,47.9991],[-122.8218,47.9989],[-122.8218,47.9672],[-122.8147,47.954],[-122.8217,47.9542],[-122.8217,47.9259],[-122.7936,47.9169],[-122.7594,47.8952],[-122.7361,47.8905],[-122.736,47.926],[-122.7465,47.9258],[-122.7465,47.9499],[-122.7357,47.955],[-122.7355,47.984]]]},"properties":{"ZCTA5CE10":"98325"}},{"type":"Feature","geometry":{"type":"Polygon","coordinates":[[[-122.3347,47.6063],[-122.3454,47.6032],[-122.3448,47.5992],[-122.3356,47.5992],[-122.3333,47.5924],[-122.3193,47.5958],[-122.317,47.6009],[-122.3231,47.6122],[-122.3336,47.6068],[-122.3329,47.6061],[-122.3347,47.6063]],[[-122.3345,47.6044],[-122.3356,47.604],[-122.3362,47.6047],[-122.3345,47.6044]],[[-122.3329,47.6061],[-122.3318,47.6066],[-122.3323,47.6054],[-122.3329,47.6061]]]},"properties":{"ZCTA5CE10":"98104"}},{"type":"Feature","geometry":{"type":"Polygon","coordinates":[[[-122.2621,47.5759],[-122.252,47.5639],[-122.2409,47.5554],[-122.2497,47.5389],[-122.2493,47.5318],[-122.2381,47.5213],[-122.2254,47.5214],[-122.2082,47.5319],[-122.202,47.546],[-122.1991,47.574],[-122.2003,47.5782],[-122.2147,47.587],[-122.2204,47.5968],[-122.2331,47.6065],[-122.2657,47.6136],[-122.2676,47.6015],[-122.2681,47.5893],[-122.2621,47.5759]]]},"properties":{"ZCTA5CE10":"98040"}},{"type":"Feature","geometry":{"type":"Polygon","coordinates":[[[-121.4263,47.3901],[-121.4395,47.3919],[-121.4478,47.3978],[-121.4695,47.3928],[-121.478,47.3949],[-121.4988,47.3952],[-121.5293,47.3926],[-121.5413,47.3941],[-121.5576,47.4021],[-121.5691,47.405],[-121.5839,47.4131],[-121.5905,47.4194],[-121.6383,47.4319],[-121.6579,47.4417],[-121.6807,47.447],[-121.6916,47.4448],[-121.6984,47.4487],[-121.7029,47.4594],[-121.7128,47.4657],[-121.6997,47.4768],[-121.69,47.4743],[-121.6847,47.4676],[-121.6726,47.4678],[-121.6608,47.475],[-121.6465,47.4869],[-121.6463,47.4945],[-121.6351,47.4954],[-121.6259,47.4997],[-121.6207,47.5086],[-121.6063,47.5127],[-121.5986,47.5248],[-121.5802,47.5295],[-121.5773,47.5367],[-121.5669,47.5363],[-121.5484,47.541],[-121.5349,47.5469],[-121.5357,47.5574],[-121.5305,47.5627],[-121.5394,47.5641],[-121.5505,47.5716],[-121.5777,47.5779],[-121.5652,47.5966],[-121.5798,47.6109],[-121.5844,47.6352],[-121.5928,47.6445],[-121.6148,47.6597],[-121.6175,47.6652],[-121.627,47.6645],[-121.632,47.6581],[-121.6785,47.645],[-121.6783,47.6426],[-121.6987,47.6356],[-121.7098,47.6241],[-121.7175,47.5966],[-121.7144,47.5585],[-121.7107,47.549],[-121.7192,47.5414],[-121.7394,47.5375],[-121.7595,47.5292],[-121.7612,47.5243],[-121.7766,47.5204],[-121.7861,47.5252],[-121.7889,47.5105],[-121.8074,47.5117],[-121.8082,47.5052],[-121.8355,47.516],[-121.8485,47.5139],[-121.8487,47.5091],[-121.8397,47.506],[-121.8227,47.4877],[-121.8227,47.4475],[-121.8283,47.4447],[-121.8081,47.4424],[-121.8141,47.4342],[-121.8214,47.4321],[-121.8251,47.4189],[-121.8195,47.4109],[-121.8409,47.4],[-121.8533,47.3911],[-121.8418,47.3838],[-121.8365,47.3746],[-121.8254,47.3721],[-121.8242,47.3668],[-121.809,47.359],[-121.8093,47.3455],[-121.8066,47.3329],[-121.7987,47.3287],[-121.7899,47.3177],[-121.7764,47.3087],[-121.773,47.2989],[-121.7622,47.2874],[-121.7675,47.2761],[-121.7821,47.2766],[-121.7661,47.2684],[-121.7595,47.2602],[-121.7551,47.2627],[-121.7295,47.2511],[-121.7281,47.2426],[-121.7097,47.2319],[-121.675,47.2288],[-121.657,47.2314],[-121.6536,47.2347],[-121.6351,47.2338],[-121.6349,47.2289],[-121.6163,47.2267],[-121.5908,47.2198],[-121.5867,47.2233],[-121.5667,47.2132],[-121.5689,47.2091],[-121.5571,47.205],[-121.5382,47.208],[-121.5314,47.2042],[-121.5261,47.2075],[-121.5133,47.2059],[-121.4816,47.2095],[-121.4555,47.2159],[-121.4566,47.2199],[-121.4417,47.2235],[-121.4179,47.2373],[-121.4221,47.2379],[-121.4078,47.2467],[-121.3632,47.2641],[-121.3396,47.2769],[-121.3411,47.2816],[-121.3597,47.2853],[-121.3604,47.2908],[-121.3694,47.2856],[-121.3882,47.2861],[-121.3936,47.2889],[-121.4098,47.2892],[-121.4157,47.2934],[-121.419,47.2864],[-121.4327,47.2936],[-121.4334,47.3046],[-121.445,47.3083],[-121.4344,47.3233],[-121.4308,47.3341],[-121.4498,47.3476],[-121.4642,47.3541],[-121.4618,47.3599],[-121.4662,47.3674],[-121.459,47.3738],[-121.4382,47.3722],[-121.4402,47.3856],[-121.4263,47.3901]]]},"properties":{"ZCTA5CE10":"98045"}},{"type":"Feature","geometry":{"type":"Polygon","coordinates":[[[-121.9329,47.3178],[-121.9244,47.3197],[-121.9191,47.3085],[-121.9302,47.3042],[-121.9311,47.2862],[-121.9224,47.2873],[-121.9143,47.2932],[-121.9061,47.306],[-121.8831,47.2967],[-121.8618,47.304],[-121.8253,47.2915],[-121.8038,47.2881],[-121.7909,47.2833],[-121.7821,47.2766],[-121.7675,47.2761],[-121.7622,47.2874],[-121.773,47.2989],[-121.7764,47.3087],[-121.7899,47.3177],[-121.7987,47.3287],[-121.8066,47.3329],[-121.8093,47.3455],[-121.809,47.359],[-121.8242,47.3668],[-121.8254,47.3721],[-121.8365,47.3746],[-121.8418,47.3838],[-121.8533,47.3911],[-121.8743,47.3852],[-121.8866,47.3898],[-121.8973,47.388],[-121.9024,47.3803],[-121.9295,47.3913],[-121.9533,47.3937],[-121.9596,47.3907],[-121.9538,47.3823],[-121.9629,47.3746],[-121.9792,47.3768],[-121.9876,47.3835],[-121.9964,47.3846],[-122.0163,47.3745],[-122.0163,47.3618],[-121.995,47.3626],[-121.9951,47.3467],[-121.999,47.3435],[-121.9957,47.3295],[-121.9643,47.3274],[-121.9398,47.3274],[-121.9329,47.3178]]]},"properties":{"ZCTA5CE10":"98051"}},{"type":"Feature","geometry":{"type":"Polygon","coordinates":[[[-122.2307,47.2719],[-122.2365,47.2719],[-122.2394,47.2791],[-122.2464,47.2791],[-122.2464,47.2729],[-122.2608,47.2733],[-122.2623,47.2576],[-122.2586,47.2499],[-122.2553,47.2429],[-122.2464,47.2429],[-122.24,47.2575],[-122.2295,47.2576],[-122.23,47.2659],[-122.2307,47.2719]]]},"properties":{"ZCTA5CE10":"98047"}},{"type":"Feature","geometry":{"type":"Polygon","coordinates":[[[-122.6517,47.5587],[-122.6504,47.563],[-122.6407,47.5604],[-122.6272,47.5649],[-122.6185,47.5531],[-122.6071,47.5618],[-122.6191,47.5688],[-122.6243,47.5754],[-122.6465,47.5837],[-122.6463,47.5636],[-122.6522,47.5638],[-122.6517,47.5587]]]},"properties":{"ZCTA5CE10":"98337"}},{"type":"Feature","geometry":{"type":"Polygon","coordinates":[[[-122.5452,47.7373],[-122.5531,47.7443],[-122.5703,47.7444],[-122.5689,47.7491],[-122.5771,47.7517],[-122.5797,47.7411],[-122.5689,47.7407],[-122.5662,47.7248],[-122.5708,47.714],[-122.5658,47.7124],[-122.5487,47.7257],[-122.5452,47.7373]]]},"properties":{"ZCTA5CE10":"98392"}},{"type":"Feature","geometry":{"type":"Polygon","coordinates":[[[-122.6306,47.4035],[-122.64,47.4034],[-122.6432,47.4089],[-122.653,47.4115],[-122.6536,47.4035],[-122.7196,47.4035],[-122.8015,47.404],[-122.802,47.3588],[-122.793,47.3605],[-122.7904,47.3491],[-122.7746,47.349],[-122.7747,47.3427],[-122.7633,47.3441],[-122.7312,47.3455],[-122.7287,47.3373],[-122.7202,47.3319],[-122.7133,47.3217],[-122.7065,47.3183],[-122.6875,47.3343],[-122.6838,47.3514],[-122.6589,47.3609],[-122.638,47.3728],[-122.6286,47.3821],[-122.6325,47.3907],[-122.6306,47.4035]]]},"properties":{"ZCTA5CE10":"98329"}},{"type":"Feature","geometry":{"type":"Polygon","coordinates":[[[-121.3396,47.2769],[-121.3381,47.2684],[-121.3315,47.2579],[-121.3391,47.2468],[-121.3604,47.2402],[-121.3643,47.2235],[-121.3463,47.2185],[-121.3344,47.2187],[-121.3165,47.2116],[-121.3087,47.202],[-121.306,47.1877],[-121.3172,47.1752],[-121.3116,47.163],[-121.307,47.1622],[-121.298,47.1482],[-121.3026,47.1406],[-121.2836,47.1342],[-121.2632,47.1342],[-121.2482,47.1303],[-121.2468,47.1269],[-121.2058,47.127],[-121.2161,47.1348],[-121.2154,47.1428],[-121.2075,47.1548],[-121.1992,47.1589],[-121.1933,47.1675],[-121.1747,47.1834],[-121.1526,47.1815],[-121.1405,47.1917],[-121.1214,47.1934],[-121.161,47.2203],[-121.1478,47.2195],[-121.1101,47.2132],[-121.1118,47.2271],[-121.1331,47.2321],[-121.1329,47.2486],[-121.1328,47.261],[-121.1891,47.2613],[-121.189,47.2758],[-121.1993,47.2846],[-121.2177,47.3048],[-121.2447,47.3055],[-121.2513,47.3135],[-121.251,47.327],[-121.2547,47.337],[-121.2502,47.3561],[-121.2716,47.3634],[-121.2895,47.3618],[-121.2942,47.3703],[-121.3021,47.3705],[-121.3125,47.3587],[-121.3374,47.3535],[-121.3446,47.3566],[-121.3521,47.3492],[-121.3438,47.3311],[-121.3377,47.3277],[-121.3423,47.3192],[-121.352,47.3134],[-121.3755,47.3362],[-121.3777,47.352],[-121.3937,47.3661],[-121.4066,47.3808],[-121.4263,47.3901],[-121.4402,47.3856],[-121.4382,47.3722],[-121.459,47.3738],[-121.4662,47.3674],[-121.4618,47.3599],[-121.4642,47.3541],[-121.4498,47.3476],[-121.4308,47.3341],[-121.4344,47.3233],[-121.445,47.3083],[-121.4334,47.3046],[-121.4327,47.2936],[-121.419,47.2864],[-121.4157,47.2934],[-121.4098,47.2892],[-121.3936,47.2889],[-121.3882,47.2861],[-121.3694,47.2856],[-121.3604,47.2908],[-121.3597,47.2853],[-121.3411,47.2816],[-121.3396,47.2769]]]},"properties":{"ZCTA5CE10":"98925"}},{"type":"Feature","geometry":{"type":"Polygon","coordinates":[[[-121.0516,45.6708],[-121.0515,45.6618],[-121.0743,45.6577],[-121.0809,45.6586],[-121.0931,45.6541],[-121.0929,45.6603],[-121.1101,45.6575],[-121.1184,45.6535],[-121.1263,45.6544],[-121.1374,45.6502],[-121.1561,45.649],[-121.1536,45.6367],[-121.1406,45.6112],[-121.132,45.6098],[-121.117,45.6181],[-121.1201,45.6231],[-121.0849,45.6479],[-121.0644,45.6525],[-121.0336,45.651],[-121.0074,45.6532],[-120.9835,45.6483],[-120.9531,45.6567],[-120.944,45.6564],[-120.9135,45.64],[-120.8956,45.6429],[-120.8857,45.65],[-120.8855,45.6634],[-120.8949,45.6633],[-120.9071,45.6573],[-120.9278,45.6566],[-120.9396,45.6596],[-120.9425,45.6677],[-120.9525,45.673],[-120.9681,45.6731],[-120.9681,45.667],[-121.0142,45.6804],[-121.0349,45.6801],[-121.04,45.6728],[-121.0516,45.6708]]]},"properties":{"ZCTA5CE10":"98673"}},{"type":"Feature","geometry":{"type":"Polygon","coordinates":[[[-122.9223,46.807],[-122.9292,46.8071],[-122.9294,46.7928],[-122.9714,46.7931],[-122.9714,46.7643],[-122.9819,46.7644],[-122.9818,46.7933],[-123.0103,46.7936],[-123.0175,46.8008],[-123.0292,46.7972],[-123.0319,46.7921],[-123.0495,46.7932],[-123.0548,46.7895],[-123.0516,46.7768],[-123.0623,46.7725],[-123.0768,46.775],[-123.0766,46.7817],[-123.0886,46.7779],[-123.0928,46.7873],[-123.101,46.7805],[-123.0963,46.7693],[-123.0993,46.7638],[-123.1279,46.7639],[-123.1266,46.7609],[-123.1465,46.7567],[-123.1662,46.7441],[-123.1725,46.735],[-123.1934,46.7341],[-123.2006,46.721],[-123.1406,46.7222],[-123.1193,46.7206],[-123.0719,46.7208],[-123.0718,46.692],[-123.0286,46.6918],[-123.0248,46.6699],[-123.0134,46.6701],[-123.0133,46.6773],[-122.9991,46.677],[-122.9923,46.6884],[-122.9808,46.6881],[-122.9792,46.6961],[-122.9681,46.6907],[-122.9572,46.6918],[-122.9501,46.6988],[-122.9501,46.6916],[-122.9293,46.6917],[-122.9293,46.6844],[-122.9048,46.6821],[-122.9036,46.6855],[-122.8872,46.6629],[-122.8348,46.6634],[-122.8267,46.6675],[-122.8216,46.664],[-122.7816,46.6632],[-122.7816,46.6919],[-122.7604,46.6915],[-122.7609,46.706],[-122.6998,46.7057],[-122.6991,46.7635],[-122.7883,46.7636],[-122.7812,46.7685],[-122.8054,46.7712],[-122.8159,46.7754],[-122.8239,46.7744],[-122.8272,46.7831],[-122.8384,46.7876],[-122.8468,46.7948],[-122.8515,46.7929],[-122.8766,46.7925],[-122.8799,46.7998],[-122.8871,46.7998],[-122.8872,46.8142],[-122.9081,46.8143],[-122.9082,46.8071],[-122.9223,46.807]],[[-123.0297,46.7409],[-123.0253,46.7379],[-123.0301,46.7365],[-123.0297,46.7409]]]},"properties":{"ZCTA5CE10":"98531"}},{"type":"Feature","geometry":{"type":"Polygon","coordinates":[[[-122.9621,46.8932],[-122.968,46.8886],[-122.9803,46.8886],[-122.9797,46.8957],[-122.9999,46.898],[-123.0112,46.9018],[-123.0184,46.9007],[-123.0258,46.8692],[-123.037,46.8565],[-123.0582,46.8489],[-123.0833,46.8547],[-123.0978,46.8508],[-123.1035,46.843],[-123.1174,46.8313],[-123.1308,46.8424],[-123.1608,46.8473],[-123.1606,46.7934],[-123.2028,46.7944],[-123.2513,46.7928],[-123.3081,46.7932],[-123.3082,46.7658],[-123.2941,46.7602],[-123.2907,46.751],[-123.3302,46.75],[-123.3305,46.7363],[-123.2827,46.7365],[-123.2831,46.7067],[-123.2486,46.7063],[-123.234,46.7165],[-123.23,46.7265],[-123.216,46.7287],[-123.2084,46.736],[-123.1934,46.7341],[-123.1725,46.735],[-123.1662,46.7441],[-123.1465,46.7567],[-123.1266,46.7609],[-123.1279,46.7639],[-123.0993,46.7638],[-123.0963,46.7693],[-123.101,46.7805],[-123.0928,46.7873],[-123.0886,46.7779],[-123.0766,46.7817],[-123.0768,46.775],[-123.0623,46.7725],[-123.0516,46.7768],[-123.0548,46.7895],[-123.0495,46.7932],[-123.0319,46.7921],[-123.0292,46.7972],[-123.0175,46.8008],[-123.0103,46.7936],[-122.9818,46.7933],[-122.9819,46.7644],[-122.9714,46.7643],[-122.9714,46.7931],[-122.9294,46.7928],[-122.9292,46.8071],[-122.9223,46.807],[-122.9486,46.8209],[-122.9486,46.8285],[-122.9373,46.8331],[-122.9346,46.8408],[-122.9432,46.8433],[-122.9501,46.8278],[-122.9606,46.8251],[-122.9604,46.8421],[-122.9679,46.8421],[-122.9681,46.8512],[-122.9606,46.8511],[-122.9605,46.8583],[-122.9738,46.8584],[-122.9621,46.8932]]]},"properties":{"ZCTA5CE10":"98579"}},{"type":"Feature","geometry":{"type":"Polygon","coordinates":[[[-122.6879,46.499],[-122.6817,46.4949],[-122.6835,46.5037],[-122.6783,46.5098],[-122.6644,46.4984],[-122.6489,46.4951],[-122.6443,46.4974],[-122.6443,46.5133],[-122.6388,46.5162],[-122.6314,46.5098],[-122.6161,46.5099],[-122.5965,46.5031],[-122.5883,46.5031],[-122.5882,46.5033],[-122.591,46.5275],[-122.5969,46.5306],[-122.5954,46.5462],[-122.6257,46.5466],[-122.6272,46.5392],[-122.6339,46.543],[-122.6466,46.5429],[-122.6467,46.5394],[-122.6387,46.5302],[-122.6366,46.5168],[-122.6442,46.5154],[-122.6514,46.5117],[-122.6715,46.509],[-122.6822,46.5103],[-122.6879,46.499]]]},"properties":{"ZCTA5CE10":"98582"}},{"type":"Feature","geometry":{"type":"Polygon","coordinates":[[[-118.6355,47.5809],[-118.6349,47.6414],[-118.6597,47.642],[-118.721,47.6416],[-118.7216,47.6707],[-118.7006,47.6709],[-118.7003,47.6853],[-118.6572,47.6871],[-118.656,47.7291],[-118.6347,47.7291],[-118.6348,47.7436],[-118.6135,47.7433],[-118.6106,47.7483],[-118.5961,47.7473],[-118.5701,47.7611],[-118.5701,47.7729],[-118.5922,47.7775],[-118.5922,47.7926],[-118.57,47.7945],[-118.57,47.8018],[-118.5812,47.8017],[-118.5811,47.8307],[-118.5921,47.8309],[-118.5921,47.8451],[-118.5812,47.8452],[-118.5811,47.8598],[-118.5589,47.8599],[-118.5593,47.8741],[-118.5396,47.8741],[-118.5369,47.8768],[-118.5426,47.8806],[-118.544,47.8886],[-118.5346,47.9012],[-118.5335,47.9149],[-118.541,47.9204],[-118.5634,47.9276],[-118.5704,47.9323],[-118.5846,47.9326],[-118.598,47.9292],[-118.6248,47.9276],[-118.6343,47.9299],[-118.6414,47.926],[-118.652,47.9271],[-118.662,47.9374],[-118.6884,47.9427],[-118.6975,47.9405],[-118.7076,47.9336],[-118.7111,47.9192],[-118.7117,47.9033],[-118.7303,47.9002],[-118.7454,47.9032],[-118.8407,47.9032],[-118.8481,47.8907],[-118.8508,47.8806],[-118.851,47.8014],[-118.8304,47.8015],[-118.8298,47.7439],[-118.8738,47.7286],[-118.8425,47.7286],[-118.83,47.732],[-118.8262,47.7257],[-118.8301,47.7179],[-118.8286,47.6845],[-118.8276,47.6119],[-118.829,47.5953],[-118.8283,47.5377],[-118.8495,47.5375],[-118.8494,47.523],[-118.7844,47.5228],[-118.785,47.5088],[-118.7322,47.5086],[-118.7287,47.5249],[-118.721,47.5375],[-118.6783,47.5375],[-118.6783,47.552],[-118.6355,47.5518],[-118.6355,47.5809]]]},"properties":{"ZCTA5CE10":"99185"}},{"type":"Feature","geometry":{"type":"Polygon","coordinates":[[[-123.1448,47.3938],[-123.1415,47.4036],[-123.1202,47.4337],[-123.121,47.439],[-123.1117,47.4499],[-123.1098,47.4618],[-123.1201,47.4595],[-123.1203,47.4646],[-123.1309,47.4708],[-123.1465,47.4779],[-123.1471,47.5059],[-123.1888,47.5054],[-123.2111,47.5061],[-123.3096,47.5055],[-123.331,47.5064],[-123.377,47.5064],[-123.377,47.5042],[-123.5043,47.5042],[-123.506,47.3592],[-123.3766,47.3593],[-123.3702,47.3583],[-123.3552,47.3487],[-123.3343,47.3443],[-123.3158,47.3445],[-123.3058,47.3389],[-123.3023,47.3381],[-123.2941,47.3517],[-123.286,47.3568],[-123.2799,47.3681],[-123.2674,47.3675],[-123.2751,47.3584],[-123.2382,47.3588],[-123.2297,47.3623],[-123.2297,47.3714],[-123.2132,47.3792],[-123.2131,47.3878],[-123.1652,47.3884],[-123.1655,47.3957],[-123.1448,47.3938]],[[-123.3077,47.4855],[-123.3163,47.4953],[-123.3086,47.4958],[-123.2942,47.4883],[-123.2734,47.4882],[-123.2493,47.481],[-123.249,47.4743],[-123.2312,47.4634],[-123.2229,47.465],[-123.2119,47.4539],[-123.217,47.4446],[-123.2192,47.4282],[-123.2264,47.4163],[-123.2386,47.4139],[-123.2519,47.4154],[-123.2674,47.4214],[-123.2862,47.4231],[-123.3069,47.4218],[-123.3046,47.419],[-123.3172,47.4104],[-123.3314,47.4186],[-123.3564,47.4269],[-123.3657,47.4273],[-123.368,47.4328],[-123.3541,47.4371],[-123.3748,47.443],[-123.3799,47.4487],[-123.3887,47.4498],[-123.4018,47.4679],[-123.3945,47.4724],[-123.3905,47.4661],[-123.384,47.4703],[-123.3537,47.4691],[-123.3452,47.4747],[-123.3269,47.4777],[-123.3077,47.4855]]]},"properties":{"ZCTA5CE10":"98548"}},{"type":"Feature","geometry":{"type":"Polygon","coordinates":[[[-122.9824,47.6061],[-123.0254,47.6066],[-123.0371,47.6068],[-123.0402,47.5928],[-123.0482,47.5944],[-123.0485,47.5866],[-123.0371,47.5817],[-123.0384,47.5769],[-123.0575,47.579],[-123.057,47.5743],[-123.0469,47.5701],[-123.0681,47.5635],[-123.0877,47.528],[-123.1299,47.4812],[-123.1309,47.4708],[-123.1203,47.4646],[-123.1201,47.4595],[-123.1098,47.4618],[-123.102,47.463],[-123.0848,47.4803],[-123.0574,47.5013],[-123.057,47.5087],[-123.0496,47.5295],[-123.0397,47.542],[-123.0435,47.5503],[-123.0325,47.551],[-123.0148,47.565],[-123.0048,47.5826],[-122.9887,47.602],[-122.9824,47.6061]]]},"properties":{"ZCTA5CE10":"98555"}},{"type":"Feature","geometry":{"type":"Polygon","coordinates":[[[-118.8365,48.827],[-118.8355,48.9107],[-118.8369,49.0003],[-118.955,49.0003],[-118.9409,48.9958],[-118.9027,48.9941],[-118.9026,48.8796],[-118.9094,48.8723],[-118.9051,48.8596],[-118.9178,48.8599],[-118.9378,48.8549],[-118.9423,48.8758],[-118.9486,48.8665],[-118.9558,48.8733],[-118.9667,48.8744],[-118.9669,48.8499],[-118.9813,48.8417],[-118.9972,48.8262],[-119.0141,48.8172],[-119.04,48.8071],[-119.0252,48.8093],[-119.0177,48.8033],[-119.0203,48.7961],[-119.0268,48.7999],[-119.0318,48.7962],[-119.0368,48.7429],[-119.0329,48.7241],[-119.0185,48.7238],[-119.0119,48.7267],[-118.9956,48.7081],[-118.9903,48.697],[-118.9795,48.697],[-118.9807,48.671],[-118.9767,48.6662],[-118.9789,48.6537],[-118.8959,48.6537],[-118.8899,48.6683],[-118.9059,48.68],[-118.9337,48.6876],[-118.9578,48.7009],[-118.9532,48.7179],[-118.9631,48.7298],[-118.9465,48.7296],[-118.9464,48.6972],[-118.9242,48.6971],[-118.9242,48.6899],[-118.9026,48.6899],[-118.9025,48.6827],[-118.8637,48.6826],[-118.8638,48.6899],[-118.8528,48.69],[-118.8528,48.6827],[-118.836,48.6827],[-118.8352,48.6939],[-118.8367,48.7866],[-118.8365,48.827]]]},"properties":{"ZCTA5CE10":"98859"}},{"type":"Feature","geometry":{"type":"Polygon","coordinates":[[[-119.957,48.2791],[-120.0046,48.2792],[-120.0402,48.2807],[-120.0563,48.2868],[-120.0651,48.2856],[-120.0685,48.275],[-120.0719,48.2831],[-120.0881,48.2679],[-120.0882,48.2787],[-120.0757,48.2816],[-120.0759,48.2862],[-120.0644,48.2942],[-120.0644,48.3066],[-120.0686,48.3125],[-120.0677,48.296],[-120.0799,48.2828],[-120.0873,48.281],[-120.2677,48.281],[-120.2769,48.2699],[-120.2683,48.2716],[-120.2559,48.2666],[-120.2615,48.2584],[-120.254,48.2601],[-120.2463,48.2547],[-120.2633,48.2467],[-120.2552,48.2436],[-120.2561,48.2357],[-120.2455,48.2412],[-120.2292,48.2228],[-120.2729,48.2229],[-120.2896,48.222],[-120.3837,48.222],[-120.378,48.2184],[-120.359,48.2204],[-120.3464,48.1992],[-120.3527,48.1864],[-120.3577,48.1836],[-120.3625,48.1688],[-120.358,48.1557],[-120.3459,48.1431],[-120.334,48.14],[-120.3271,48.1295],[-120.3174,48.1243],[-120.2907,48.1295],[-120.281,48.1241],[-120.2648,48.1103],[-120.2588,48.1106],[-120.2381,48.0954],[-120.2282,48.108],[-120.2279,48.1164],[-120.214,48.1161],[-120.1977,48.1116],[-120.1739,48.1223],[-120.1668,48.13],[-120.1701,48.1361],[-120.1675,48.146],[-120.1398,48.1624],[-120.1208,48.1792],[-120.0923,48.1791],[-120.0793,48.1662],[-120.0793,48.1791],[-120.0142,48.1789],[-119.9929,48.1776],[-119.994,48.1879],[-119.9997,48.187],[-120.0019,48.1954],[-119.9957,48.1973],[-119.9823,48.1845],[-119.9611,48.1752],[-119.9571,48.1647],[-119.9655,48.1566],[-119.9577,48.1606],[-119.9535,48.1685],[-119.956,48.1749],[-119.9492,48.1795],[-119.9485,48.198],[-119.9386,48.2088],[-119.9358,48.2207],[-119.9398,48.2271],[-119.9553,48.2384],[-119.9644,48.2567],[-119.9597,48.2603],[-119.962,48.2744],[-119.957,48.2791]]]},"properties":{"ZCTA5CE10":"98814"}},{"type":"Feature","geometry":{"type":"MultiPolygon","coordinates":[[[[-120.0208,48.1005],[-120.0133,48.1001],[-120.0049,48.1082],[-120.0089,48.1099],[-120.014,48.1021],[-120.0208,48.1005]]],[[[-120.0208,48.1005],[-120.0168,48.0853],[-120.011,48.0778],[-120.0364,48.0539],[-120.0489,48.0494],[-120.0674,48.0481],[-120.1032,48.0523],[-120.1283,48.0442],[-120.1425,48.0537],[-120.1488,48.0531],[-120.1467,48.0376],[-120.1217,48.0323],[-120.1139,48.0249],[-120.0933,48.0195],[-120.083,48.011],[-120.078,47.9996],[-120.0811,47.9931],[-120.063,47.9789],[-120.0698,47.9717],[-120.0664,47.9665],[-120.0488,47.9606],[-119.8703,47.9603],[-119.8704,47.9604],[-119.8838,47.9724],[-119.8821,47.9831],[-119.8699,47.997],[-119.8663,48.007],[-119.8689,48.0183],[-119.8826,48.0316],[-119.8928,48.0446],[-119.8925,48.0541],[-119.8665,48.0643],[-119.8441,48.077],[-119.8464,48.0789],[-119.8626,48.0704],[-119.8825,48.0643],[-119.8924,48.0683],[-119.9025,48.0842],[-119.9046,48.0934],[-119.9256,48.1126],[-119.9297,48.1198],[-119.937,48.1228],[-119.9507,48.1381],[-119.9479,48.1408],[-119.9685,48.1446],[-119.9655,48.1566],[-119.9708,48.1454],[-119.9795,48.1377],[-119.9982,48.1352],[-119.9967,48.1312],[-120.0058,48.1194],[-120.0038,48.1087],[-120.0092,48.1013],[-120.0129,48.0996],[-120.0208,48.1005]]]]},"properties":{"ZCTA5CE10":"98846"}},{"type":"Feature","geometry":{"type":"Polygon","coordinates":[[[-122.3577,47.17],[-122.3575,47.1254],[-122.2931,47.1257],[-122.2935,47.1698],[-122.3368,47.1699],[-122.3427,47.1665],[-122.3577,47.17]]]},"properties":{"ZCTA5CE10":"98373"}},{"type":"Feature","geometry":{"type":"Polygon","coordinates":[[[-122.2935,47.1698],[-122.2363,47.1692],[-122.2378,47.158],[-122.2337,47.158],[-122.233,47.1697],[-122.2294,47.1642],[-122.2154,47.1697],[-122.2163,47.1883],[-122.2314,47.1852],[-122.2459,47.1954],[-122.2604,47.2012],[-122.2509,47.2038],[-122.2558,47.2264],[-122.2539,47.2337],[-122.2586,47.2499],[-122.2623,47.2576],[-122.2937,47.2573],[-122.2939,47.2427],[-122.2939,47.2024],[-122.2916,47.2],[-122.2935,47.1698]]]},"properties":{"ZCTA5CE10":"98372"}},{"type":"Feature","geometry":{"type":"Polygon","coordinates":[[[-122.2456,47.0835],[-122.2354,47.0853],[-122.2405,47.0961],[-122.2422,47.1118],[-122.2386,47.1213],[-122.245,47.1253],[-122.245,47.1371],[-122.2262,47.1403],[-122.221,47.1551],[-122.2132,47.1565],[-122.2154,47.1697],[-122.2294,47.1642],[-122.233,47.1697],[-122.2337,47.158],[-122.2378,47.158],[-122.2363,47.1692],[-122.2935,47.1698],[-122.2931,47.1257],[-122.2934,47.1111],[-122.2826,47.1127],[-122.2827,47.0978],[-122.2935,47.0986],[-122.2938,47.0819],[-122.2727,47.0796],[-122.2724,47.0896],[-122.2546,47.084],[-122.2456,47.0835]]]},"properties":{"ZCTA5CE10":"98374"}},{"type":"Feature","geometry":{"type":"Polygon","coordinates":[[[-122.464,47.1003],[-122.4531,47.0975],[-122.4353,47.097],[-122.4326,47.068],[-122.4143,47.068],[-122.411,47.064],[-122.4434,47.0631],[-122.4432,47.0318],[-122.4217,47.0236],[-122.4219,47.0058],[-122.404,47.0052],[-122.4046,46.9986],[-122.3878,46.9975],[-122.3782,46.9958],[-122.3545,46.9993],[-122.3586,47.0202],[-122.3673,47.0203],[-122.3686,47.0374],[-122.3528,47.0418],[-122.3378,47.0425],[-122.3387,47.0631],[-122.3348,47.0664],[-122.3212,47.0602],[-122.3215,47.0533],[-122.3133,47.0533],[-122.321,47.0627],[-122.3102,47.0738],[-122.3099,47.0819],[-122.3362,47.0819],[-122.3364,47.0785],[-122.348,47.0789],[-122.3569,47.0928],[-122.3577,47.0745],[-122.3779,47.0751],[-122.3791,47.0835],[-122.3887,47.0821],[-122.4003,47.0823],[-122.4,47.1078],[-122.4304,47.1103],[-122.4348,47.116],[-122.4349,47.1195],[-122.4557,47.1256],[-122.4692,47.1323],[-122.464,47.126],[-122.464,47.1003]]]},"properties":{"ZCTA5CE10":"98387"}},{"type":"Feature","geometry":{"type":"Polygon","coordinates":[[[-122.1019,47.1355],[-122.1158,47.1342],[-122.1299,47.1295],[-122.1333,47.1254],[-122.1151,47.1286],[-122.1134,47.1114],[-122.1026,47.1117],[-122.1025,47.1044],[-122.0804,47.1044],[-122.0784,47.0867],[-122.0667,47.0806],[-122.0663,47.0765],[-122.055,47.0716],[-122.0446,47.0713],[-122.0467,47.0521],[-122.0411,47.0417],[-122.0433,47.0599],[-122.0407,47.0698],[-122.0443,47.0772],[-122.0578,47.0761],[-122.0631,47.0795],[-122.0771,47.1025],[-122.0814,47.1141],[-122.0645,47.1141],[-122.0414,47.1098],[-122.0321,47.1166],[-122.0316,47.1242],[-122.0189,47.1325],[-122.0116,47.1233],[-121.9724,47.1346],[-121.948,47.1427],[-121.9531,47.1553],[-121.9708,47.1563],[-121.9805,47.1646],[-121.9902,47.1625],[-121.9945,47.1723],[-122.0018,47.1695],[-122.0105,47.1759],[-122.0308,47.1751],[-122.0479,47.1716],[-122.064,47.1865],[-122.0911,47.1939],[-122.103,47.2016],[-122.1157,47.2208],[-122.1409,47.2211],[-122.1349,47.2184],[-122.1321,47.1962],[-122.1405,47.1969],[-122.1441,47.1911],[-122.1441,47.1774],[-122.1326,47.1732],[-122.1442,47.1687],[-122.1185,47.1689],[-122.1174,47.1651],[-122.1287,47.1656],[-122.1443,47.1582],[-122.1305,47.1514],[-122.1239,47.1522],[-122.1232,47.1385],[-122.1277,47.131],[-122.1066,47.1428],[-122.0989,47.141],[-122.0806,47.141],[-122.0789,47.1353],[-122.1019,47.1337],[-122.1019,47.1355]]]},"properties":{"ZCTA5CE10":"98321"}},{"type":"Feature","geometry":{"type":"Polygon","coordinates":[[[-122.7038,47.0717],[-122.7036,47.0647],[-122.6905,47.0578],[-122.6935,47.0525],[-122.6835,47.0494],[-122.6843,47.0435],[-122.6757,47.0383],[-122.6806,47.0284],[-122.6727,47.0234],[-122.6743,47.0175],[-122.6672,47.0137],[-122.6617,47.0041],[-122.6519,47.0072],[-122.6322,47.0001],[-122.6313,46.9885],[-122.6379,46.9813],[-122.6274,46.9709],[-122.6114,46.9677],[-122.6102,46.977],[-122.5853,46.974],[-122.5807,46.9776],[-122.5752,46.972],[-122.588,46.9696],[-122.5736,46.9647],[-122.5642,46.9663],[-122.5722,46.9596],[-122.5644,46.9369],[-122.5583,46.9375],[-122.5505,46.9308],[-122.5282,46.9253],[-122.5199,46.9155],[-122.5108,46.9152],[-122.4945,46.9043],[-122.4976,46.897],[-122.4933,46.8895],[-122.4913,46.8674],[-122.4779,46.8638],[-122.4658,46.8651],[-122.453,46.8541],[-122.4214,46.8497],[-122.4209,46.8644],[-122.4108,46.8666],[-122.4114,46.8926],[-122.3871,46.8981],[-122.3793,46.9015],[-122.3821,46.9071],[-122.381,46.9295],[-122.3786,46.9368],[-122.3861,46.9387],[-122.3874,46.9442],[-122.3998,46.9544],[-122.3999,46.9622],[-122.4002,46.9804],[-122.3971,46.9857],[-122.3821,46.9869],[-122.3878,46.9975],[-122.4046,46.9986],[-122.404,47.0052],[-122.4219,47.0058],[-122.4217,47.0236],[-122.4432,47.0318],[-122.4434,47.0631],[-122.411,47.064],[-122.4143,47.068],[-122.4326,47.068],[-122.4353,47.097],[-122.4531,47.0975],[-122.464,47.1003],[-122.4642,47.0974],[-122.483,47.0974],[-122.4833,47.1141],[-122.5005,47.1168],[-122.5048,47.0906],[-122.5396,47.0962],[-122.5496,47.0999],[-122.5598,47.0884],[-122.559,47.076],[-122.5616,47.0662],[-122.5677,47.0672],[-122.5738,47.0601],[-122.5783,47.0644],[-122.5947,47.0637],[-122.591,47.074],[-122.5998,47.0797],[-122.6256,47.0878],[-122.6337,47.0805],[-122.6368,47.0896],[-122.6463,47.0874],[-122.6466,47.0936],[-122.6647,47.0936],[-122.6699,47.0973],[-122.6749,47.0901],[-122.6752,47.0815],[-122.7038,47.0717]]]},"properties":{"ZCTA5CE10":"98580"}},{"type":"Feature","geometry":{"type":"Polygon","coordinates":[[[-122.2456,47.0835],[-122.2546,47.084],[-122.2724,47.0896],[-122.2727,47.0796],[-122.2938,47.0819],[-122.3099,47.0819],[-122.3102,47.0738],[-122.321,47.0627],[-122.3133,47.0533],[-122.3215,47.0533],[-122.3212,47.0602],[-122.3348,47.0664],[-122.3387,47.0631],[-122.3378,47.0425],[-122.3528,47.0418],[-122.3686,47.0374],[-122.3673,47.0203],[-122.3586,47.0202],[-122.3545,46.9993],[-122.3782,46.9958],[-122.3878,46.9975],[-122.3821,46.9869],[-122.3971,46.9857],[-122.4002,46.9804],[-122.3999,46.9622],[-122.3859,46.9657],[-122.3752,46.9725],[-122.3636,46.9724],[-122.3579,46.9802],[-122.3331,46.9802],[-122.3287,46.9727],[-122.3268,46.9802],[-122.298,46.9801],[-122.2976,46.9607],[-122.2549,46.9606],[-122.2545,46.954],[-122.2359,46.954],[-122.2355,46.9624],[-122.2278,46.9856],[-122.2172,46.9858],[-122.2,46.99],[-122.1947,46.9936],[-122.2136,47.0104],[-122.2169,47.0206],[-122.2108,47.0252],[-122.2103,47.0424],[-122.1934,47.0603],[-122.2003,47.0746],[-122.2157,47.0745],[-122.2194,47.0811],[-122.2267,47.0812],[-122.2444,47.0745],[-122.2456,47.0835]]]},"properties":{"ZCTA5CE10":"98338"}},{"type":"Feature","geometry":{"type":"Polygon","coordinates":[[[-122.6368,47.0896],[-122.6235,47.0924],[-122.6247,47.1227],[-122.6271,47.1262],[-122.6539,47.125],[-122.6538,47.1194],[-122.6704,47.1216],[-122.7037,47.1202],[-122.7013,47.1191],[-122.7018,47.101],[-122.6965,47.0974],[-122.6972,47.0896],[-122.708,47.0857],[-122.7084,47.0771],[-122.704,47.0719],[-122.7038,47.0717],[-122.6752,47.0815],[-122.6749,47.0901],[-122.6699,47.0973],[-122.6647,47.0936],[-122.6466,47.0936],[-122.6463,47.0874],[-122.6368,47.0896]]]},"properties":{"ZCTA5CE10":"98327"}},{"type":"Feature","geometry":{"type":"Polygon","coordinates":[[[-122.7314,47.2068],[-122.738,47.2085],[-122.7273,47.2167],[-122.7271,47.2227],[-122.7379,47.223],[-122.7378,47.2356],[-122.7471,47.2355],[-122.7486,47.2272],[-122.7591,47.2208],[-122.759,47.2139],[-122.765,47.2214],[-122.7777,47.2208],[-122.7908,47.2245],[-122.805,47.2234],[-122.8219,47.2309],[-122.8309,47.2457],[-122.8244,47.2589],[-122.834,47.2539],[-122.8519,47.252],[-122.8373,47.2269],[-122.8259,47.2182],[-122.8214,47.1942],[-122.8071,47.1867],[-122.7924,47.1742],[-122.776,47.1552],[-122.7664,47.1507],[-122.7595,47.1412],[-122.7597,47.1461],[-122.7502,47.1582],[-122.7226,47.1871],[-122.711,47.196],[-122.731,47.1995],[-122.7314,47.2068]]]},"properties":{"ZCTA5CE10":"98351"}},{"type":"Feature","geometry":{"type":"Polygon","coordinates":[[[-122.786,48.5289],[-122.7822,48.5401],[-122.7654,48.5448],[-122.7649,48.5606],[-122.7741,48.5726],[-122.7909,48.5856],[-122.8015,48.5897],[-122.8259,48.5862],[-122.8424,48.5854],[-122.8763,48.5847],[-122.8763,48.5761],[-122.8594,48.5727],[-122.8425,48.5572],[-122.834,48.5417],[-122.827,48.5338],[-122.8063,48.5296],[-122.786,48.5289]]]},"properties":{"ZCTA5CE10":"98222"}},{"type":"Feature","geometry":{"type":"Polygon","coordinates":[[[-122.0227,45.6441],[-122.0236,45.6362],[-122.0001,45.6353],[-122.0135,45.6266],[-122.0012,45.6262],[-121.9851,45.6309],[-121.9791,45.6296],[-121.9694,45.6345],[-121.9713,45.6403],[-121.945,45.6512],[-121.9509,45.6511],[-121.9508,45.6656],[-121.961,45.6656],[-121.9601,45.6942],[-122.004,45.6945],[-122.0243,45.6863],[-122.0168,45.652],[-122.0227,45.6441]]]},"properties":{"ZCTA5CE10":"98639"}},{"type":"Feature","geometry":{"type":"Polygon","coordinates":[[[-122.3988,47.7779],[-122.3587,47.7778],[-122.3562,47.7778],[-122.3565,47.8378],[-122.364,47.8366],[-122.3994,47.8033],[-122.3953,47.7919],[-122.4006,47.7844],[-122.3988,47.7779]]]},"properties":{"ZCTA5CE10":"98020"}},{"type":"Feature","geometry":{"type":"Polygon","coordinates":[[[-121.339,47.8871],[-121.3516,47.8867],[-121.3891,47.8926],[-121.4071,47.898],[-121.4355,47.8963],[-121.4517,47.885],[-121.459,47.877],[-121.4742,47.8665],[-121.4894,47.8633],[-121.5016,47.8561],[-121.5059,47.8412],[-121.5118,47.8496],[-121.4931,47.8631],[-121.5485,47.8633],[-121.554,47.8557],[-121.5636,47.8553],[-121.5661,47.8602],[-121.5877,47.8519],[-121.6026,47.841],[-121.6227,47.8421],[-121.6261,47.8382],[-121.6136,47.8382],[-121.6171,47.8287],[-121.6029,47.8179],[-121.5898,47.8183],[-121.5733,47.8109],[-121.564,47.8028],[-121.5438,47.7951],[-121.5442,47.8035],[-121.5376,47.801],[-121.5216,47.8037],[-121.516,47.802],[-121.5124,47.7929],[-121.4917,47.7779],[-121.4557,47.7783],[-121.4556,47.7803],[-121.3013,47.7796],[-121.2485,47.7794],[-121.2547,47.7832],[-121.2868,47.7929],[-121.2964,47.7932],[-121.2927,47.8012],[-121.3041,47.8486],[-121.3042,47.8574],[-121.3127,47.8667],[-121.328,47.8668],[-121.328,47.8628],[-121.3502,47.8628],[-121.339,47.8871]]]},"properties":{"ZCTA5CE10":"98256"}},{"type":"Feature","geometry":{"type":"Polygon","coordinates":[[[-117.2829,47.7044],[-117.2811,47.7078],[-117.2942,47.7057],[-117.2947,47.7107],[-117.3038,47.7131],[-117.3041,47.6944],[-117.3295,47.6856],[-117.3406,47.6767],[-117.3469,47.6762],[-117.3467,47.6735],[-117.3469,47.6428],[-117.3363,47.6427],[-117.3363,47.639],[-117.3209,47.6399],[-117.3102,47.6356],[-117.2935,47.6207],[-117.2935,47.6279],[-117.2828,47.628],[-117.2829,47.7044]]]},"properties":{"ZCTA5CE10":"99212"}},{"type":"Feature","geometry":{"type":"Polygon","coordinates":[[[-117.3953,47.7368],[-117.4244,47.7368],[-117.4322,47.7523],[-117.4417,47.7549],[-117.4259,47.7551],[-117.4376,47.7585],[-117.4535,47.7587],[-117.4538,47.7699],[-117.448,47.7727],[-117.4205,47.7725],[-117.4055,47.7845],[-117.3969,47.7729],[-117.3784,47.7725],[-117.373,47.7806],[-117.3661,47.7801],[-117.3694,47.7906],[-117.3615,47.8069],[-117.368,47.8093],[-117.4002,47.8091],[-117.4056,47.8047],[-117.4125,47.8164],[-117.4347,47.8192],[-117.4431,47.8163],[-117.4431,47.8309],[-117.4491,47.833],[-117.449,47.8399],[-117.471,47.8435],[-117.482,47.8522],[-117.4816,47.8602],[-117.5085,47.8601],[-117.5081,47.8383],[-117.5189,47.8383],[-117.5186,47.831],[-117.5356,47.8306],[-117.5356,47.7981],[-117.5271,47.7872],[-117.542,47.7851],[-117.5462,47.7814],[-117.5389,47.7726],[-117.5408,47.7678],[-117.5105,47.7588],[-117.5178,47.7587],[-117.5046,47.7475],[-117.5023,47.7336],[-117.4968,47.73],[-117.511,47.73],[-117.5129,47.721],[-117.5013,47.7207],[-117.4995,47.7069],[-117.4922,47.7008],[-117.4909,47.7095],[-117.4771,47.7153],[-117.4432,47.7159],[-117.4119,47.7151],[-117.4112,47.7079],[-117.3761,47.7082],[-117.3633,47.7077],[-117.3629,47.7149],[-117.39,47.7159],[-117.392,47.7295],[-117.384,47.7294],[-117.3792,47.7367],[-117.3953,47.7368]]]},"properties":{"ZCTA5CE10":"99208"}},{"type":"Feature","geometry":{"type":"Polygon","coordinates":[[[-117.4113,47.6526],[-117.4295,47.6525],[-117.4439,47.6496],[-117.4349,47.6358],[-117.4348,47.6283],[-117.4295,47.6282],[-117.4366,47.6427],[-117.4114,47.6427],[-117.4113,47.6526]]]},"properties":{"ZCTA5CE10":"99204"}},{"type":"Feature","geometry":{"type":"Polygon","coordinates":[[[-117.3282,47.4889],[-117.3118,47.4751],[-117.3138,47.4658],[-117.2936,47.4589],[-117.2844,47.447],[-117.2696,47.4389],[-117.2753,47.4349],[-117.2632,47.4261],[-117.2729,47.423],[-117.2723,47.419],[-117.2618,47.4194],[-117.2719,47.4143],[-117.264,47.4085],[-117.2674,47.3979],[-117.2498,47.401],[-117.2524,47.3923],[-117.2921,47.3909],[-117.2922,47.3675],[-117.2621,47.3526],[-117.231,47.3503],[-117.2261,47.3447],[-117.2262,47.3362],[-117.2324,47.342],[-117.2486,47.3363],[-117.2617,47.3291],[-117.2717,47.3289],[-117.2827,47.3344],[-117.2922,47.3328],[-117.2894,47.3473],[-117.305,47.3473],[-117.3053,47.318],[-117.3023,47.3149],[-117.2808,47.3157],[-117.2802,47.3035],[-117.2524,47.3035],[-117.2684,47.289],[-117.2278,47.2888],[-117.2277,47.3034],[-117.1875,47.3035],[-117.1735,47.3093],[-117.1689,47.3014],[-117.1737,47.2827],[-117.1619,47.2876],[-117.1642,47.2926],[-117.1632,47.3326],[-117.1526,47.3332],[-117.1528,47.3261],[-117.1101,47.3259],[-117.0993,47.3294],[-117.0992,47.3221],[-117.0885,47.3183],[-117.0735,47.3183],[-117.073,47.3327],[-117.0399,47.3327],[-117.0398,47.393],[-117.0671,47.3908],[-117.0776,47.395],[-117.0993,47.3958],[-117.1099,47.3922],[-117.11,47.4054],[-117.1367,47.4053],[-117.1368,47.4126],[-117.1637,47.4127],[-117.1638,47.4274],[-117.1595,47.4344],[-117.1628,47.442],[-117.1892,47.442],[-117.1886,47.4503],[-117.193,47.4564],[-117.2168,47.4564],[-117.217,47.4635],[-117.2387,47.4637],[-117.2384,47.4781],[-117.2385,47.4818],[-117.2493,47.4817],[-117.2492,47.4889],[-117.2758,47.4922],[-117.2813,47.4995],[-117.3039,47.4997],[-117.3137,47.5024],[-117.3282,47.4889]]]},"properties":{"ZCTA5CE10":"99012"}},{"type":"Feature","geometry":{"type":"Polygon","coordinates":[[[-117.4401,47.4914],[-117.44,47.4639],[-117.4557,47.4642],[-117.4557,47.4346],[-117.4397,47.4347],[-117.4396,47.4242],[-117.4563,47.409],[-117.4564,47.3688],[-117.4454,47.3658],[-117.4352,47.3762],[-117.4126,47.3763],[-117.4126,47.3909],[-117.3924,47.3909],[-117.3846,47.3751],[-117.366,47.3618],[-117.3373,47.3618],[-117.3373,47.35],[-117.3446,47.3324],[-117.3438,47.3255],[-117.3262,47.3314],[-117.3263,47.3272],[-117.3053,47.318],[-117.305,47.3473],[-117.2894,47.3473],[-117.2922,47.3675],[-117.2921,47.3909],[-117.2524,47.3923],[-117.2498,47.401],[-117.2674,47.3979],[-117.264,47.4085],[-117.2719,47.4143],[-117.2618,47.4194],[-117.2723,47.419],[-117.2729,47.423],[-117.2632,47.4261],[-117.2753,47.4349],[-117.2696,47.4389],[-117.2844,47.447],[-117.2936,47.4589],[-117.3138,47.4658],[-117.3118,47.4751],[-117.3282,47.4889],[-117.3254,47.4782],[-117.3471,47.4781],[-117.347,47.4852],[-117.3575,47.4846],[-117.3581,47.479],[-117.3684,47.4779],[-117.3682,47.5221],[-117.371,47.526],[-117.3874,47.5239],[-117.3997,47.5146],[-117.4162,47.5146],[-117.4062,47.509],[-117.4077,47.501],[-117.4008,47.4976],[-117.4221,47.4879],[-117.4246,47.4789],[-117.4401,47.4914]]]},"properties":{"ZCTA5CE10":"99031"}},{"type":"Feature","geometry":{"type":"Polygon","coordinates":[[[-118.233,48.1252],[-118.2185,48.1327],[-118.2016,48.1382],[-118.1885,48.15],[-118.1669,48.1581],[-118.1728,48.1655],[-118.1678,48.1772],[-118.1719,48.1907],[-118.1707,48.1999],[-118.1796,48.2034],[-118.1741,48.2191],[-118.1576,48.2281],[-118.1487,48.221],[-118.141,48.2212],[-118.1447,48.2301],[-118.1406,48.2421],[-118.1277,48.2506],[-118.0869,48.2506],[-118.0784,48.2414],[-118.0727,48.2481],[-118.0729,48.2815],[-118.0572,48.2815],[-118.0514,48.2872],[-118.0512,48.2989],[-118.0466,48.3059],[-118.0499,48.3104],[-118.0416,48.3138],[-118.0417,48.3218],[-118.0307,48.3217],[-118.0314,48.3509],[-118.0561,48.3509],[-118.0606,48.3405],[-118.09,48.3251],[-118.0931,48.3164],[-118.0993,48.313],[-118.1363,48.3146],[-118.1455,48.3215],[-118.1441,48.3446],[-118.1529,48.3481],[-118.1632,48.3606],[-118.1671,48.3749],[-118.183,48.3749],[-118.1802,48.3637],[-118.1802,48.3357],[-118.1756,48.3195],[-118.1649,48.3045],[-118.1545,48.2959],[-118.1508,48.2823],[-118.1398,48.2673],[-118.148,48.2454],[-118.1545,48.2379],[-118.1945,48.2129],[-118.1895,48.2076],[-118.1879,48.1971],[-118.1966,48.1906],[-118.196,48.1791],[-118.1913,48.1599],[-118.194,48.1492],[-118.2075,48.1383],[-118.2212,48.1381],[-118.2333,48.1347],[-118.2486,48.1343],[-118.2539,48.1248],[-118.233,48.1252]]]},"properties":{"ZCTA5CE10":"99131"}},{"type":"Feature","geometry":{"type":"Polygon","coordinates":[[[-122.8366,47.1876],[-122.8366,47.1602],[-122.8344,47.1513],[-122.8404,47.1453],[-122.8368,47.1365],[-122.8428,47.1309],[-122.8384,47.1207],[-122.8315,47.115],[-122.8289,47.0948],[-122.8221,47.0906],[-122.8337,47.0885],[-122.8337,47.0458],[-122.8232,47.0486],[-122.7646,47.054],[-122.7645,47.0568],[-122.749,47.0599],[-122.7217,47.0654],[-122.704,47.0719],[-122.7084,47.0771],[-122.708,47.0857],[-122.6972,47.0896],[-122.6965,47.0974],[-122.7018,47.101],[-122.7013,47.1191],[-122.7037,47.1202],[-122.7134,47.1248],[-122.7541,47.1381],[-122.7595,47.1412],[-122.7664,47.1507],[-122.776,47.1552],[-122.7924,47.1742],[-122.8071,47.1867],[-122.8214,47.1942],[-122.8366,47.1876]]]},"properties":{"ZCTA5CE10":"98516"}},{"type":"Feature","geometry":{"type":"Polygon","coordinates":[[[-122.7646,47.054],[-122.7651,47.0218],[-122.7543,47.0172],[-122.7544,47.0033],[-122.786,47.0054],[-122.8076,47.0024],[-122.8073,46.9962],[-122.8336,46.9963],[-122.8241,46.9816],[-122.8128,46.9766],[-122.8122,46.9564],[-122.8288,46.9532],[-122.8505,46.9453],[-122.8512,46.9363],[-122.839,46.9247],[-122.8269,46.9267],[-122.8277,46.9323],[-122.814,46.9255],[-122.81,46.9202],[-122.8084,46.9235],[-122.7914,46.9235],[-122.7915,46.9165],[-122.781,46.9163],[-122.7808,46.9233],[-122.7388,46.9233],[-122.7388,46.9253],[-122.715,46.929],[-122.7009,46.9333],[-122.6954,46.9378],[-122.6616,46.9381],[-122.6541,46.9455],[-122.6541,46.967],[-122.6434,46.967],[-122.6482,46.9791],[-122.6379,46.9813],[-122.6313,46.9885],[-122.6322,47.0001],[-122.6519,47.0072],[-122.6617,47.0041],[-122.6672,47.0137],[-122.6743,47.0175],[-122.6727,47.0234],[-122.6806,47.0284],[-122.6757,47.0383],[-122.6843,47.0435],[-122.6835,47.0494],[-122.6935,47.0525],[-122.6905,47.0578],[-122.7036,47.0647],[-122.7038,47.0717],[-122.704,47.0719],[-122.7217,47.0654],[-122.749,47.0599],[-122.749,47.0539],[-122.7646,47.054]]]},"properties":{"ZCTA5CE10":"98513"}},{"type":"Feature","geometry":{"type":"Polygon","coordinates":[[[-123.6438,46.3559],[-123.6442,46.3487],[-123.6541,46.3543],[-123.6558,46.3487],[-123.6753,46.349],[-123.6754,46.3374],[-123.6933,46.3249],[-123.6978,46.3362],[-123.6937,46.3173],[-123.7019,46.3137],[-123.7084,46.3179],[-123.7167,46.3107],[-123.7152,46.3027],[-123.7012,46.3048],[-123.6866,46.298],[-123.6842,46.251],[-123.6488,46.2588],[-123.587,46.2559],[-123.5523,46.2586],[-123.5556,46.2701],[-123.5392,46.2766],[-123.5381,46.2845],[-123.531,46.2893],[-123.5205,46.287],[-123.4986,46.2888],[-123.4914,46.2968],[-123.5193,46.313],[-123.5299,46.3133],[-123.5372,46.3149],[-123.5492,46.2989],[-123.5506,46.3054],[-123.5585,46.3116],[-123.5661,46.3126],[-123.5647,46.3205],[-123.6044,46.3287],[-123.6128,46.3283],[-123.624,46.3355],[-123.6234,46.3562],[-123.6438,46.3559]]]},"properties":{"ZCTA5CE10":"98643"}},{"type":"Feature","geometry":{"type":"Polygon","coordinates":[[[-118.9888,46.1534],[-118.9401,46.1531],[-118.9324,46.1287],[-118.9273,46.1197],[-118.9138,46.1049],[-118.9066,46.1011],[-118.868,46.0962],[-118.8679,46.1389],[-118.8474,46.1388],[-118.8371,46.13],[-118.8233,46.136],[-118.8046,46.1257],[-118.7569,46.0994],[-118.7362,46.1212],[-118.7167,46.1303],[-118.7224,46.1305],[-118.7215,46.1808],[-118.7046,46.1806],[-118.6913,46.1873],[-118.6794,46.1874],[-118.6792,46.2385],[-118.6794,46.2533],[-118.69,46.2536],[-118.69,46.2463],[-118.7112,46.2467],[-118.7217,46.2423],[-118.7215,46.2541],[-118.7524,46.2545],[-118.7524,46.2691],[-118.7627,46.2692],[-118.7659,46.2737],[-118.785,46.2638],[-118.7957,46.2652],[-118.7923,46.2853],[-118.7935,46.2906],[-118.8157,46.2879],[-118.8301,46.2816],[-118.8351,46.2727],[-118.8483,46.2658],[-118.8507,46.2598],[-118.8607,46.2525],[-118.8829,46.2499],[-118.9212,46.243],[-118.951,46.2393],[-118.9728,46.2387],[-118.9903,46.2293],[-119.0234,46.2167],[-119.0414,46.1929],[-119.0174,46.1787],[-118.9888,46.1534]]]},"properties":{"ZCTA5CE10":"99323"}},{"type":"Feature","geometry":{"type":"Polygon","coordinates":[[[-122.331,48.982],[-122.3518,48.9818],[-122.3522,48.9636],[-122.3607,48.9637],[-122.3659,48.971],[-122.3742,48.9711],[-122.3744,48.9638],[-122.4075,48.9641],[-122.4083,48.9312],[-122.3788,48.9227],[-122.3839,48.9215],[-122.3863,48.9098],[-122.3976,48.9098],[-122.3974,48.9061],[-122.4191,48.9064],[-122.4321,48.9014],[-122.4425,48.8918],[-122.4426,48.8698],[-122.4427,48.8625],[-122.4309,48.8625],[-122.4151,48.8552],[-122.3983,48.855],[-122.3908,48.8622],[-122.3758,48.8621],[-122.3756,48.8694],[-122.3328,48.869],[-122.3279,48.8763],[-122.3141,48.8665],[-122.3148,48.8616],[-122.3005,48.8579],[-122.3061,48.8552],[-122.2935,48.8398],[-122.2758,48.8392],[-122.2701,48.8294],[-122.2609,48.8326],[-122.2532,48.8261],[-122.2314,48.823],[-122.2244,48.8189],[-122.2145,48.8233],[-122.2276,48.826],[-122.234,48.8307],[-122.2555,48.8393],[-122.2552,48.8441],[-122.2431,48.8555],[-122.2369,48.8671],[-122.241,48.8827],[-122.2317,48.8917],[-122.2222,48.9125],[-122.2209,48.9208],[-122.2259,48.9287],[-122.2362,48.9368],[-122.2438,48.9373],[-122.2586,48.9317],[-122.2561,48.9381],[-122.2418,48.9455],[-122.2508,48.9585],[-122.2581,48.9612],[-122.263,48.9528],[-122.2691,48.9541],[-122.2668,48.9623],[-122.2607,48.9598],[-122.2591,48.9747],[-122.2714,48.9748],[-122.2749,48.9662],[-122.2871,48.9669],[-122.3091,48.9714],[-122.3089,48.9784],[-122.331,48.9783],[-122.331,48.982]],[[-122.3246,48.9202],[-122.3292,48.9202],[-122.3291,48.9322],[-122.3218,48.9316],[-122.3246,48.9202]]]},"properties":{"ZCTA5CE10":"98247"}},{"type":"Feature","geometry":{"type":"Polygon","coordinates":[[[-122.1365,49.0022],[-122.3391,49.0024],[-122.33,49.0005],[-122.331,48.982],[-122.331,48.9783],[-122.3089,48.9784],[-122.3091,48.9714],[-122.2871,48.9669],[-122.2749,48.9662],[-122.2714,48.9748],[-122.2591,48.9747],[-122.2607,48.9598],[-122.2668,48.9623],[-122.2691,48.9541],[-122.263,48.9528],[-122.2581,48.9612],[-122.2508,48.9585],[-122.2418,48.9455],[-122.2561,48.9381],[-122.2586,48.9317],[-122.2438,48.9373],[-122.2362,48.9368],[-122.2259,48.9287],[-122.2209,48.9208],[-122.1768,48.9206],[-122.1761,48.9627],[-122.1426,48.9733],[-122.1428,48.9896],[-122.1759,48.9778],[-122.1758,48.9866],[-122.1516,48.9943],[-122.1369,49.0021],[-122.1365,49.0022]]]},"properties":{"ZCTA5CE10":"98295"}},{"type":"Feature","geometry":{"type":"Polygon","coordinates":[[[-122.3246,48.9202],[-122.3218,48.9316],[-122.3291,48.9322],[-122.3292,48.9202],[-122.3246,48.9202]]]},"properties":{"ZCTA5CE10":"98276"}},{"type":"Feature","geometry":{"type":"Polygon","coordinates":[[[-117.8237,47.2604],[-117.9601,47.2604],[-117.9607,47.2443],[-117.9597,47.1349],[-117.9597,47.0726],[-117.921,47.0847],[-117.9143,47.0882],[-117.9078,47.09],[-117.8574,47.09],[-117.8531,47.0915],[-117.8533,47.1099],[-117.8629,47.1102],[-117.8858,47.1053],[-117.8946,47.1061],[-117.8854,47.1152],[-117.8827,47.1324],[-117.8751,47.1566],[-117.8708,47.1577],[-117.8452,47.1544],[-117.8291,47.1403],[-117.8254,47.1335],[-117.8019,47.134],[-117.802,47.156],[-117.7912,47.156],[-117.7915,47.1603],[-117.8125,47.1605],[-117.8085,47.1777],[-117.8331,47.1779],[-117.8304,47.1883],[-117.8071,47.1953],[-117.7857,47.1984],[-117.7707,47.2077],[-117.7279,47.2083],[-117.7281,47.2228],[-117.744,47.2226],[-117.7494,47.2291],[-117.7492,47.26],[-117.8237,47.2604]]]},"properties":{"ZCTA5CE10":"99017"}},{"type":"Feature","geometry":{"type":"Polygon","coordinates":[[[-117.5041,46.9529],[-117.5078,46.9574],[-117.5184,46.959],[-117.5308,46.9673],[-117.5434,46.9676],[-117.5379,46.9743],[-117.5386,46.9827],[-117.5335,46.9791],[-117.5336,46.9899],[-117.5651,46.9897],[-117.565,46.9824],[-117.5867,46.9823],[-117.5761,46.9896],[-117.5764,47.0044],[-117.6407,47.0038],[-117.6403,46.9907],[-117.6613,47.0039],[-117.6612,46.9894],[-117.7042,46.989],[-117.704,46.9818],[-117.725,46.9794],[-117.725,46.9742],[-117.7465,46.9742],[-117.7466,46.984],[-117.7615,46.9878],[-117.7575,46.9915],[-117.7706,46.9982],[-117.7972,47.0029],[-117.8084,47.0029],[-117.8106,47.0187],[-117.8109,47.0468],[-117.8474,47.0466],[-117.8421,47.062],[-117.8422,47.075],[-117.8519,47.0761],[-117.8511,47.0824],[-117.87,47.0795],[-117.8849,47.0823],[-117.8921,47.089],[-117.9068,47.0867],[-117.9143,47.0882],[-117.921,47.0847],[-117.9597,47.0726],[-117.9601,47.0287],[-117.959,46.9313],[-117.9589,46.9149],[-117.9674,46.9149],[-117.9708,46.8673],[-117.9876,46.8619],[-117.9945,46.8525],[-118.0044,46.8482],[-118.0033,46.8388],[-117.9924,46.8382],[-117.9979,46.8234],[-117.9717,46.8309],[-117.9649,46.8291],[-117.9592,46.8344],[-117.9347,46.8364],[-117.9305,46.8406],[-117.9191,46.8407],[-117.9191,46.8467],[-117.9062,46.8529],[-117.8982,46.8537],[-117.8929,46.8632],[-117.876,46.8692],[-117.8621,46.8667],[-117.8565,46.8579],[-117.8428,46.8574],[-117.8307,46.8528],[-117.805,46.8578],[-117.798,46.856],[-117.7805,46.8621],[-117.759,46.8659],[-117.7338,46.866],[-117.6977,46.8608],[-117.6805,46.8642],[-117.6608,46.853],[-117.6299,46.8434],[-117.6226,46.8447],[-117.6123,46.8525],[-117.5881,46.8561],[-117.5893,46.8664],[-117.5851,46.8783],[-117.57,46.885],[-117.556,46.894],[-117.5535,46.9078],[-117.5371,46.9111],[-117.5307,46.9209],[-117.4954,46.9184],[-117.4995,46.942],[-117.4989,46.9508],[-117.5041,46.9529]]]},"properties":{"ZCTA5CE10":"99125"}},{"type":"Feature","geometry":{"type":"Polygon","coordinates":[[[-117.7275,46.7006],[-117.6904,46.7061],[-117.6883,46.7119],[-117.6741,46.72],[-117.6541,46.7188],[-117.6411,46.726],[-117.6086,46.734],[-117.5911,46.7435],[-117.5891,46.7499],[-117.5809,46.7524],[-117.572,46.7616],[-117.5771,46.7704],[-117.5739,46.777],[-117.5591,46.7906],[-117.5591,46.8036],[-117.5392,46.808],[-117.5278,46.8243],[-117.5098,46.8325],[-117.5164,46.838],[-117.5301,46.8419],[-117.5591,46.8441],[-117.5771,46.8492],[-117.5881,46.8561],[-117.6123,46.8525],[-117.6226,46.8447],[-117.6299,46.8434],[-117.6608,46.853],[-117.6805,46.8642],[-117.6977,46.8608],[-117.7338,46.866],[-117.759,46.8659],[-117.7805,46.8621],[-117.798,46.856],[-117.805,46.8578],[-117.8307,46.8528],[-117.8428,46.8574],[-117.8565,46.8579],[-117.8621,46.8667],[-117.876,46.8692],[-117.8929,46.8632],[-117.8982,46.8537],[-117.9062,46.8529],[-117.9191,46.8467],[-117.9191,46.8407],[-117.9305,46.8406],[-117.9347,46.8364],[-117.9592,46.8344],[-117.9649,46.8291],[-117.9717,46.8309],[-117.9979,46.8234],[-118.0115,46.8148],[-118.02,46.8125],[-118.0179,46.7995],[-118.0126,46.7905],[-118.02,46.7829],[-118.026,46.7879],[-118.0382,46.7822],[-118.0417,46.7735],[-118.0339,46.7656],[-118.0415,46.7615],[-118.0428,46.7268],[-118.0778,46.715],[-118.0879,46.7208],[-118.1096,46.721],[-118.1145,46.7229],[-118.1227,46.6979],[-118.1305,46.6896],[-118.1363,46.6744],[-118.1411,46.6691],[-118.1262,46.6604],[-118.1294,46.6389],[-118.1225,46.6351],[-118.1208,46.6198],[-118.1152,46.6122],[-118.1198,46.6031],[-118.1183,46.5973],[-118.1106,46.5938],[-118.1152,46.582],[-118.0914,46.5828],[-118.0884,46.5784],[-118.0639,46.5808],[-118.0285,46.5889],[-118.0275,46.5861],[-118,46.5884],[-117.9801,46.5878],[-117.9529,46.5921],[-117.909,46.5848],[-117.8919,46.5854],[-117.8819,46.5922],[-117.8782,46.6089],[-117.8695,46.6195],[-117.8518,46.6248],[-117.8316,46.6224],[-117.8137,46.623],[-117.8134,46.6323],[-117.8063,46.6554],[-117.7983,46.6662],[-117.8137,46.6724],[-117.813,46.6791],[-117.8052,46.6861],[-117.7948,46.6887],[-117.7849,46.7066],[-117.7845,46.7301],[-117.7797,46.7344],[-117.7666,46.7371],[-117.7341,46.7368],[-117.7449,46.7263],[-117.751,46.7156],[-117.7459,46.7085],[-117.7275,46.7006]],[[-118.0002,46.6245],[-118.0013,46.6471],[-117.9801,46.6471],[-117.9802,46.6614],[-118.0012,46.6615],[-118.0089,46.6643],[-118.0137,46.6569],[-118.0209,46.6567],[-118.0267,46.6501],[-118.0277,46.6559],[-118.0167,46.6706],[-118.0157,46.6821],[-118.0013,46.6876],[-117.9833,46.6905],[-117.9575,46.6911],[-117.9573,46.7059],[-117.9358,46.7061],[-117.9361,46.7208],[-117.8928,46.7209],[-117.8928,46.7152],[-117.9072,46.7018],[-117.904,46.6969],[-117.9042,46.6847],[-117.91,46.6822],[-117.9115,46.6714],[-117.9197,46.6587],[-117.9507,46.6415],[-117.9661,46.6376],[-117.9759,46.6274],[-117.9897,46.6278],[-118.0002,46.6245]]]},"properties":{"ZCTA5CE10":"99143"}},{"type":"Feature","geometry":{"type":"Polygon","coordinates":[[[-117.4697,47.2022],[-117.4653,47.1933],[-117.4511,47.2],[-117.4516,47.2273],[-117.4652,47.2363],[-117.4783,47.2363],[-117.4859,47.2281],[-117.4731,47.2251],[-117.4679,47.208],[-117.4697,47.2022]]]},"properties":{"ZCTA5CE10":"99149"}},{"type":"Feature","geometry":{"type":"Polygon","coordinates":[[[-120.6336,46.8693],[-120.6334,46.9043],[-120.6349,46.912],[-120.8101,46.9111],[-120.9154,46.9113],[-120.9234,46.9069],[-120.915,46.8998],[-120.9228,46.8914],[-120.92,46.8759],[-120.9135,46.8723],[-120.9159,46.8633],[-120.907,46.848],[-120.8834,46.8323],[-120.8484,46.8207],[-120.8237,46.8071],[-120.8115,46.7973],[-120.7951,46.7889],[-120.7577,46.7884],[-120.7532,46.7863],[-120.7331,46.7925],[-120.7271,46.7685],[-120.7233,46.7638],[-120.7285,46.7532],[-120.702,46.7531],[-120.6853,46.741],[-120.6738,46.7379],[-120.6396,46.7538],[-120.6321,46.754],[-120.6212,46.7445],[-120.6218,46.7386],[-120.6317,46.7385],[-120.6354,46.7258],[-120.6307,46.7154],[-120.6233,46.7115],[-120.6144,46.6993],[-120.6076,46.6947],[-120.5943,46.6947],[-120.5943,46.6806],[-120.5881,46.6837],[-120.5817,46.6797],[-120.5835,46.6645],[-120.5781,46.6625],[-120.5786,46.6477],[-120.5763,46.6304],[-120.5569,46.6263],[-120.5445,46.6243],[-120.5266,46.6264],[-120.5151,46.63],[-120.5254,46.6362],[-120.5063,46.6472],[-120.5072,46.6566],[-120.5037,46.6646],[-120.4879,46.6727],[-120.4924,46.6766],[-120.4913,46.697],[-120.4888,46.7017],[-120.4664,46.7129],[-120.4521,46.7236],[-120.4544,46.7334],[-120.4506,46.7375],[-120.5096,46.7381],[-120.5092,46.8245],[-120.6058,46.826],[-120.6344,46.8258],[-120.6336,46.8693]]]},"properties":{"ZCTA5CE10":"98942"}},{"type":"Feature","geometry":{"type":"Polygon","coordinates":[[[-120.2222,46.3705],[-120.2239,46.3553],[-120.2124,46.346],[-120.2013,46.3436],[-120.1976,46.3377],[-120.1998,46.3306],[-120.225,46.3208],[-120.1261,46.255],[-120.1261,46.2594],[-120.1067,46.259],[-120.0968,46.2604],[-120.0991,46.2662],[-120.094,46.2701],[-120.0922,46.289],[-120.0958,46.2962],[-120.1061,46.2935],[-120.1116,46.3014],[-120.1138,46.2958],[-120.1235,46.298],[-120.1262,46.3046],[-120.1371,46.3156],[-120.1439,46.3124],[-120.1475,46.3209],[-120.133,46.3174],[-120.1136,46.317],[-120.1254,46.3248],[-120.1254,46.3343],[-120.1318,46.3378],[-120.1465,46.3385],[-120.1463,46.3608],[-120.1382,46.3607],[-120.1446,46.3752],[-120.1255,46.375],[-120.1359,46.3825],[-120.1359,46.4043],[-120.1465,46.4043],[-120.1464,46.4099],[-120.1676,46.4042],[-120.1992,46.4041],[-120.1992,46.3885],[-120.1883,46.3789],[-120.2041,46.3788],[-120.204,46.3752],[-120.2184,46.3751],[-120.2086,46.3646],[-120.2202,46.3637],[-120.2222,46.3705]]]},"properties":{"ZCTA5CE10":"98932"}},{"type":"Feature","geometry":{"type":"Polygon","coordinates":[[[-120.4635,46.4989],[-120.4697,46.5068],[-120.4697,46.4919],[-120.4583,46.4922],[-120.4635,46.4989]]]},"properties":{"ZCTA5CE10":"98939"}},{"type":"Feature","geometry":{"type":"Polygon","coordinates":[[[-118.785,47.5088],[-118.7848,47.4942],[-118.8392,47.4938],[-118.9139,47.4946],[-118.914,47.5092],[-118.9569,47.5096],[-118.9568,47.4886],[-118.9675,47.4849],[-118.9673,47.4728],[-118.9707,47.4663],[-118.9353,47.4654],[-118.9354,47.4511],[-118.8925,47.4505],[-118.8926,47.4651],[-118.8495,47.4647],[-118.8496,47.4355],[-118.8281,47.4355],[-118.8284,47.4242],[-118.8419,47.4135],[-118.8501,47.4134],[-118.8504,47.3919],[-118.8933,47.3923],[-118.8937,47.3679],[-118.9171,47.3812],[-118.9618,47.4002],[-118.9785,47.4043],[-118.9792,47.3639],[-118.9795,47.2619],[-118.9811,47.145],[-118.9812,47.1304],[-118.9176,47.1299],[-118.9168,47.159],[-118.8531,47.1589],[-118.8535,47.1298],[-118.8115,47.1301],[-118.8107,47.1156],[-118.7688,47.1157],[-118.7683,47.1302],[-118.7271,47.1303],[-118.7275,47.1521],[-118.6438,47.1525],[-118.6239,47.1544],[-118.5798,47.1552],[-118.5793,47.1912],[-118.6218,47.1915],[-118.6219,47.1768],[-118.6438,47.1769],[-118.6432,47.2063],[-118.579,47.2058],[-118.5791,47.2611],[-118.4447,47.2608],[-118.4457,47.2754],[-118.4877,47.2753],[-118.4875,47.3049],[-118.4693,47.3046],[-118.4445,47.2992],[-118.4366,47.3064],[-118.4384,47.3109],[-118.4224,47.3134],[-118.4223,47.319],[-118.4448,47.3198],[-118.4431,47.3343],[-118.4857,47.334],[-118.5043,47.3222],[-118.5059,47.3121],[-118.5233,47.3209],[-118.5339,47.3228],[-118.5348,47.319],[-118.5514,47.3222],[-118.5517,47.3488],[-118.5505,47.4211],[-118.5495,47.4354],[-118.4641,47.4357],[-118.4639,47.4501],[-118.5069,47.4503],[-118.5075,47.4577],[-118.5391,47.4576],[-118.5392,47.4944],[-118.5719,47.4947],[-118.5712,47.503],[-118.5707,47.5366],[-118.5721,47.5476],[-118.593,47.5522],[-118.593,47.5804],[-118.6355,47.5809],[-118.6355,47.5518],[-118.6783,47.552],[-118.6783,47.5375],[-118.721,47.5375],[-118.7287,47.5249],[-118.7322,47.5086],[-118.785,47.5088]]]},"properties":{"ZCTA5CE10":"99159"}},{"type":"Feature","geometry":{"type":"Polygon","coordinates":[[[-118.2515,47.3001],[-118.2486,47.2816],[-118.2516,47.2748],[-118.252,47.2612],[-118.1644,47.2612],[-118.1609,47.2525],[-118.1504,47.2522],[-118.1514,47.2326],[-118.1443,47.2195],[-118.1721,47.22],[-118.1726,47.2056],[-118.1936,47.2058],[-118.1952,47.2197],[-118.2228,47.212],[-118.2251,47.2094],[-118.2152,47.1912],[-118.2133,47.1768],[-118.1942,47.1769],[-118.1948,47.1346],[-118.1774,47.1409],[-118.1593,47.1523],[-118.1489,47.1542],[-118.136,47.1525],[-118.1205,47.1647],[-118.1255,47.1796],[-118.1201,47.1891],[-118.1213,47.2001],[-118.1158,47.205],[-118.1157,47.2237],[-118.0834,47.2339],[-118.0658,47.2446],[-118.0558,47.254],[-118.0443,47.2604],[-117.9601,47.2604],[-117.8237,47.2604],[-117.8229,47.4206],[-117.8347,47.4243],[-117.8657,47.4248],[-117.8657,47.4283],[-117.8875,47.4285],[-117.8876,47.4209],[-117.9035,47.422],[-117.9088,47.4139],[-117.9302,47.4143],[-117.9303,47.4443],[-117.9438,47.4475],[-117.9633,47.4435],[-117.9725,47.4451],[-117.9725,47.4361],[-117.9941,47.436],[-117.9938,47.4218],[-118.0155,47.422],[-118.0158,47.4074],[-118.037,47.4073],[-118.0368,47.4219],[-118.0584,47.422],[-118.0584,47.4144],[-118.0525,47.4144],[-118.0528,47.4004],[-118.0607,47.3938],[-118.0708,47.4026],[-118.0784,47.4028],[-118.0784,47.3937],[-118.0934,47.3915],[-118.1037,47.3867],[-118.0992,47.3663],[-118.1082,47.3604],[-118.1176,47.374],[-118.1234,47.3778],[-118.1437,47.3774],[-118.1435,47.3629],[-118.1864,47.3624],[-118.1863,47.3769],[-118.2077,47.3765],[-118.2079,47.362],[-118.2186,47.3622],[-118.2188,47.334],[-118.2295,47.3339],[-118.2294,47.3193],[-118.208,47.3194],[-118.2083,47.3056],[-118.2286,47.3143],[-118.2307,47.3192],[-118.2518,47.3188],[-118.2515,47.3001]]]},"properties":{"ZCTA5CE10":"99032"}},{"type":"Feature","geometry":{"type":"Polygon","coordinates":[[[-118.898,46.9114],[-118.8986,46.8522],[-118.8563,46.8519],[-118.8561,46.8811],[-118.8351,46.8814],[-118.8356,46.8223],[-118.8302,46.8173],[-118.8175,46.8174],[-118.8077,46.821],[-118.8062,46.8361],[-118.7725,46.8366],[-118.7726,46.7934],[-118.7498,46.7907],[-118.7692,46.7788],[-118.7858,46.7644],[-118.7683,46.779],[-118.7512,46.779],[-118.751,46.7647],[-118.6514,46.7653],[-118.6532,46.7495],[-118.6809,46.7359],[-118.6516,46.7359],[-118.6114,46.7364],[-118.5055,46.7368],[-118.5049,46.7809],[-118.4836,46.781],[-118.4831,46.8394],[-118.4631,46.8395],[-118.4629,46.8541],[-118.4419,46.854],[-118.4393,46.8607],[-118.3996,46.8611],[-118.399,46.8977],[-118.3968,46.9132],[-118.3968,46.9423],[-118.4073,46.9423],[-118.4074,46.9496],[-118.3968,46.9496],[-118.3938,46.9565],[-118.3955,46.9685],[-118.4284,46.9522],[-118.4509,46.9492],[-118.4606,46.9461],[-118.461,46.9715],[-118.4716,46.9725],[-118.472,47.0154],[-118.4558,47.0156],[-118.4184,47.0337],[-118.3889,47.0425],[-118.3867,47.0597],[-118.365,47.0597],[-118.3654,47.0744],[-118.4084,47.0743],[-118.4113,47.063],[-118.4224,47.0533],[-118.4424,47.0469],[-118.4722,47.0256],[-118.472,47.0182],[-118.4889,47.0229],[-118.5137,47.0154],[-118.5305,47.0085],[-118.5342,47.0232],[-118.5565,47.022],[-118.5554,47.0753],[-118.601,47.0741],[-118.6003,47.0155],[-118.6213,47.0149],[-118.6206,47.0726],[-118.6629,47.0726],[-118.6631,47.0581],[-118.7662,47.0577],[-118.7687,47.0567],[-118.7685,47.0281],[-118.9399,47.028],[-118.9405,46.9842],[-118.8973,46.9844],[-118.8975,46.9114],[-118.898,46.9114]]]},"properties":{"ZCTA5CE10":"99341"}},{"type":"Feature","geometry":{"type":"Polygon","coordinates":[[[-119.6182,46.3895],[-119.6187,46.3169],[-119.5973,46.3167],[-119.5981,46.3021],[-119.5955,46.2991],[-119.6085,46.2943],[-119.6088,46.2881],[-119.6191,46.2858],[-119.6193,46.2659],[-119.6269,46.2587],[-119.5947,46.2665],[-119.5888,46.2666],[-119.5945,46.2586],[-119.6057,46.2551],[-119.6215,46.2557],[-119.6221,46.2142],[-119.6008,46.2141],[-119.6009,46.1867],[-119.5591,46.1869],[-119.5592,46.214],[-119.5375,46.2138],[-119.5369,46.2434],[-119.5294,46.2457],[-119.501,46.243],[-119.4887,46.2379],[-119.4815,46.2417],[-119.4631,46.2327],[-119.4376,46.2234],[-119.4368,46.2188],[-119.4474,46.2088],[-119.4539,46.2079],[-119.4572,46.1958],[-119.455,46.1897],[-119.4589,46.1826],[-119.4539,46.1769],[-119.4543,46.13],[-119.4124,46.1295],[-119.3694,46.131],[-119.3481,46.129],[-119.3481,46.1394],[-119.3479,46.1882],[-119.3589,46.2113],[-119.3466,46.2181],[-119.3476,46.2283],[-119.3543,46.2282],[-119.3624,46.244],[-119.369,46.2496],[-119.396,46.2613],[-119.4104,46.2617],[-119.3848,46.2654],[-119.3687,46.2647],[-119.3687,46.2717],[-119.3887,46.2715],[-119.3884,46.283],[-119.4042,46.2935],[-119.3988,46.2934],[-119.3991,46.3008],[-119.415,46.3006],[-119.4303,46.3107],[-119.4284,46.3593],[-119.4376,46.3653],[-119.4356,46.3735],[-119.5122,46.3737],[-119.5966,46.3749],[-119.597,46.3891],[-119.6182,46.3895]]]},"properties":{"ZCTA5CE10":"99320"}},{"type":"Feature","geometry":{"type":"Polygon","coordinates":[[[-119.3476,46.2283],[-119.3457,46.2425],[-119.3204,46.2279],[-119.2964,46.2277],[-119.2965,46.2238],[-119.2862,46.2131],[-119.2713,46.213],[-119.2745,46.2064],[-119.264,46.2072],[-119.264,46.1992],[-119.259,46.2041],[-119.2456,46.2084],[-119.2437,46.2272],[-119.2491,46.2272],[-119.2437,46.2356],[-119.2319,46.2301],[-119.2128,46.2319],[-119.2128,46.2412],[-119.2367,46.2609],[-119.2588,46.2691],[-119.2689,46.278],[-119.2636,46.2932],[-119.2524,46.3051],[-119.2501,46.319],[-119.2563,46.345],[-119.2617,46.3514],[-119.266,46.3513],[-119.2604,46.3265],[-119.2599,46.3147],[-119.2719,46.2828],[-119.2849,46.2857],[-119.2832,46.2804],[-119.3179,46.279],[-119.3275,46.2878],[-119.3232,46.2932],[-119.3236,46.2949],[-119.3263,46.2961],[-119.3331,46.2975],[-119.3242,46.2947],[-119.3245,46.2925],[-119.3285,46.2888],[-119.3146,46.2716],[-119.3263,46.2714],[-119.3282,46.2571],[-119.3583,46.2571],[-119.3687,46.2647],[-119.3848,46.2654],[-119.4104,46.2617],[-119.396,46.2613],[-119.369,46.2496],[-119.3624,46.244],[-119.3543,46.2282],[-119.3476,46.2283]]]},"properties":{"ZCTA5CE10":"99352"}},{"type":"Feature","geometry":{"type":"Polygon","coordinates":[[[-119.3331,46.2975],[-119.3263,46.2961],[-119.3236,46.2949],[-119.3232,46.2932],[-119.3275,46.2878],[-119.3179,46.279],[-119.2832,46.2804],[-119.2849,46.2857],[-119.2719,46.2828],[-119.2599,46.3147],[-119.2604,46.3265],[-119.266,46.3513],[-119.2731,46.3511],[-119.2836,46.3609],[-119.3348,46.3611],[-119.3585,46.3629],[-119.3659,46.3613],[-119.3938,46.3675],[-119.3462,46.3415],[-119.3486,46.3334],[-119.3409,46.3298],[-119.3396,46.3129],[-119.3291,46.3093],[-119.3331,46.2975]]]},"properties":{"ZCTA5CE10":"99354"}},{"type":"Feature","geometry":{"type":"Polygon","coordinates":[[[-119.8735,46.3314],[-119.8736,46.3022],[-119.9263,46.3019],[-119.9364,46.2959],[-119.9364,46.2874],[-119.9472,46.2883],[-119.9585,46.2964],[-119.9677,46.2924],[-119.9677,46.2992],[-119.9782,46.3023],[-119.9783,46.2878],[-119.9975,46.2874],[-119.9992,46.2831],[-119.9785,46.2777],[-119.9786,46.2731],[-119.9889,46.273],[-119.989,46.2657],[-119.9993,46.2655],[-119.9994,46.2583],[-119.9788,46.2527],[-119.9788,46.2402],[-119.9995,46.2401],[-119.9995,46.2309],[-119.9943,46.2296],[-119.9872,46.236],[-119.9806,46.2361],[-119.9559,46.2245],[-119.9354,46.2234],[-119.9162,46.2159],[-119.903,46.2156],[-119.8857,46.2093],[-119.877,46.2014],[-119.877,46.208],[-119.8666,46.2079],[-119.8665,46.2146],[-119.8574,46.2166],[-119.8525,46.2303],[-119.8522,46.2511],[-119.8417,46.251],[-119.8415,46.2584],[-119.8312,46.2583],[-119.8315,46.2876],[-119.8107,46.2825],[-119.8105,46.3028],[-119.7468,46.3029],[-119.7467,46.3098],[-119.7891,46.3099],[-119.7897,46.3164],[-119.8106,46.3165],[-119.8104,46.3311],[-119.8735,46.3314]]]},"properties":{"ZCTA5CE10":"98930"}},{"type":"Feature","geometry":{"type":"Polygon","coordinates":[[[-120.0316,46.4764],[-120.0623,46.4691],[-120.0627,46.4052],[-120.062,46.3458],[-120.0569,46.3458],[-120.0596,46.3318],[-120.0516,46.3275],[-120.0548,46.3166],[-120.0387,46.3034],[-120.0596,46.3067],[-120.0675,46.3099],[-120.0835,46.311],[-120.0834,46.3167],[-120.1136,46.317],[-120.133,46.3174],[-120.1475,46.3209],[-120.1439,46.3124],[-120.1371,46.3156],[-120.1262,46.3046],[-120.1235,46.298],[-120.1138,46.2958],[-120.1116,46.3014],[-120.1061,46.2935],[-120.0958,46.2962],[-120.0922,46.289],[-120.094,46.2701],[-120.0991,46.2662],[-120.0968,46.2604],[-120.1067,46.259],[-120.1054,46.2506],[-120.0957,46.2528],[-120.0793,46.2499],[-120.0659,46.2586],[-120.0641,46.2659],[-120.0833,46.2659],[-120.0833,46.2801],[-120.071,46.2803],[-120.0658,46.2733],[-120.0133,46.2729],[-120.0192,46.2657],[-120.0098,46.2656],[-120.0101,46.2584],[-119.9994,46.2583],[-119.9993,46.2655],[-119.989,46.2657],[-119.9889,46.273],[-119.9786,46.2731],[-119.9785,46.2777],[-119.9992,46.2831],[-119.9975,46.2874],[-119.9783,46.2878],[-119.9782,46.3023],[-119.9677,46.2992],[-119.9677,46.2924],[-119.9585,46.2964],[-119.9472,46.2883],[-119.9364,46.2874],[-119.9364,46.2959],[-119.9263,46.3019],[-119.8736,46.3022],[-119.8735,46.3314],[-119.8731,46.391],[-119.8734,46.4466],[-119.8745,46.4764],[-119.7234,46.4766],[-119.6156,46.4754],[-119.6182,46.3895],[-119.597,46.3891],[-119.5966,46.3749],[-119.5122,46.3737],[-119.4356,46.3735],[-119.4318,46.3798],[-119.4164,46.3792],[-119.3938,46.3675],[-119.3659,46.3613],[-119.3585,46.3629],[-119.3348,46.3611],[-119.2836,46.3609],[-119.2731,46.3511],[-119.266,46.3513],[-119.2617,46.3514],[-119.2701,46.3749],[-119.2655,46.3814],[-119.2668,46.4026],[-119.2594,46.4328],[-119.2631,46.4552],[-119.2611,46.4665],[-119.2634,46.4763],[-119.2583,46.4895],[-119.2718,46.5233],[-119.3046,46.539],[-119.3138,46.5504],[-119.3316,46.5658],[-119.354,46.5746],[-119.3708,46.5842],[-119.3761,46.5911],[-119.4054,46.6149],[-119.4078,46.6404],[-119.4105,46.6493],[-119.4197,46.6571],[-119.4304,46.6592],[-119.4572,46.6721],[-119.4532,46.6792],[-119.4524,46.6898],[-119.4657,46.6959],[-119.4875,46.7175],[-119.5011,46.7247],[-119.5157,46.7274],[-119.5543,46.6959],[-119.5769,46.6733],[-119.6032,46.6557],[-119.6261,46.645],[-119.6496,46.6406],[-119.6629,46.6406],[-119.6832,46.6474],[-119.7003,46.6492],[-119.7182,46.6476],[-119.7484,46.6358],[-119.7801,46.6338],[-119.8293,46.6252],[-119.8648,46.6269],[-119.8741,46.6286],[-119.8751,46.5772],[-119.8742,46.5453],[-119.8792,46.5423],[-119.9376,46.5343],[-119.9368,46.4938],[-119.9505,46.4968],[-119.969,46.4935],[-119.9785,46.4889],[-119.9868,46.4892],[-120.0038,46.4815],[-120.0053,46.476],[-120.0316,46.4764]]]},"properties":{"ZCTA5CE10":"98944"}},{"type":"Feature","geometry":{"type":"Polygon","coordinates":[[[-120.0664,47.9665],[-120.0581,47.9529],[-120.055,47.9369],[-120.0613,47.9261],[-120.0598,47.9208],[-120.0668,47.9171],[-120.0689,47.9102],[-120.0806,47.9012],[-120.0797,47.8875],[-120.0897,47.8941],[-120.0976,47.8869],[-120.0794,47.8757],[-120.0922,47.8729],[-120.0936,47.8588],[-120.0985,47.8546],[-120.122,47.862],[-120.1622,47.8675],[-120.1743,47.8724],[-120.1819,47.8807],[-120.1987,47.888],[-120.2048,47.9104],[-120.2047,47.9326],[-120.1973,47.9457],[-120.1999,47.9659],[-120.1867,47.9713],[-120.1781,47.983],[-120.1679,47.9879],[-120.1582,47.9971],[-120.1446,47.9993],[-120.1231,48.0062],[-120.1067,48.0063],[-120.1045,48.0129],[-120.0933,48.0195],[-120.1139,48.0249],[-120.1217,48.0323],[-120.1467,48.0376],[-120.1488,48.0531],[-120.1425,48.0537],[-120.1348,48.0526],[-120.1347,48.0585],[-120.1433,48.0651],[-120.1706,48.0698],[-120.1874,48.0785],[-120.2008,48.0772],[-120.2135,48.0791],[-120.2192,48.0847],[-120.2359,48.0892],[-120.2381,48.0954],[-120.2495,48.0971],[-120.2629,48.0952],[-120.2777,48.106],[-120.2834,48.1039],[-120.2928,48.085],[-120.3015,48.0887],[-120.2972,48.1129],[-120.2933,48.1177],[-120.3021,48.1207],[-120.3072,48.1147],[-120.3146,48.1163],[-120.3266,48.1082],[-120.3454,48.1049],[-120.3306,48.0913],[-120.3399,48.0745],[-120.325,48.0823],[-120.3229,48.0774],[-120.3309,48.0667],[-120.3606,48.0428],[-120.373,48.0444],[-120.383,48.049],[-120.3997,48.0489],[-120.4288,48.0572],[-120.4588,48.0741],[-120.4619,48.083],[-120.4732,48.094],[-120.486,48.102],[-120.4919,48.1109],[-120.4902,48.1264],[-120.4921,48.1433],[-120.4981,48.1462],[-120.4999,48.1544],[-120.5148,48.1588],[-120.5426,48.1956],[-120.548,48.1983],[-120.5543,48.1933],[-120.582,48.2001],[-120.6042,48.2127],[-120.6134,48.2243],[-120.623,48.2243],[-120.6222,48.222],[-120.6738,48.222],[-120.6849,48.2112],[-120.7033,48.21],[-120.7238,48.2151],[-120.738,48.2281],[-120.7589,48.2335],[-120.7654,48.2319],[-120.7786,48.2385],[-120.7822,48.2443],[-120.7992,48.2411],[-120.8137,48.244],[-120.8252,48.2421],[-120.8728,48.2439],[-120.8829,48.2313],[-120.9007,48.2199],[-120.9378,48.2121],[-120.9632,48.2107],[-120.9513,48.2091],[-120.9473,48.2019],[-120.9188,48.1906],[-120.9156,48.1789],[-120.9062,48.1638],[-120.8886,48.1658],[-120.8817,48.1696],[-120.8811,48.1764],[-120.8642,48.1805],[-120.8462,48.1572],[-120.8169,48.1484],[-120.8104,48.1603],[-120.8044,48.1621],[-120.7874,48.1566],[-120.7717,48.1587],[-120.7676,48.1631],[-120.7512,48.1588],[-120.7345,48.1672],[-120.7223,48.1668],[-120.7025,48.1587],[-120.6889,48.1401],[-120.6742,48.1403],[-120.6709,48.1302],[-120.664,48.127],[-120.656,48.1313],[-120.6469,48.122],[-120.6298,48.1154],[-120.6247,48.1095],[-120.6142,48.1055],[-120.5905,48.0896],[-120.5761,48.0903],[-120.5721,48.0815],[-120.5475,48.0728],[-120.5501,48.0686],[-120.5304,48.0617],[-120.5305,48.055],[-120.5233,48.0546],[-120.5188,48.0434],[-120.5269,48.0254],[-120.5226,48.0194],[-120.4993,48.0179],[-120.492,48.0151],[-120.4849,47.9988],[-120.4539,47.9908],[-120.4419,47.9829],[-120.4184,47.9761],[-120.4105,47.9578],[-120.4189,47.9398],[-120.4013,47.9355],[-120.3996,47.9293],[-120.3915,47.9315],[-120.3842,47.9275],[-120.3826,47.9182],[-120.3736,47.9145],[-120.3586,47.9002],[-120.3484,47.8966],[-120.343,47.8891],[-120.3255,47.8782],[-120.3277,47.8649],[-120.3247,47.8603],[-120.3128,47.8584],[-120.3059,47.8522],[-120.2875,47.8535],[-120.2714,47.8449],[-120.2669,47.8486],[-120.245,47.8524],[-120.2369,47.8579],[-120.2371,47.8508],[-120.2156,47.8508],[-120.2156,47.8211],[-120.2427,47.8081],[-120.2401,47.7958],[-120.2496,47.7891],[-120.2285,47.7746],[-120.2013,47.7635],[-120.1981,47.7604],[-120.185,47.7615],[-120.1431,47.7742],[-120.1309,47.7766],[-120.1159,47.7744],[-120.0942,47.7636],[-120.0695,47.7667],[-120.0383,47.7759],[-120.0205,47.7793],[-120.0116,47.7828],[-119.997,47.7956],[-119.9847,47.8113],[-119.9847,47.8044],[-119.9784,47.8007],[-119.9754,47.8118],[-119.9707,47.8103],[-119.9652,47.8218],[-119.9539,47.8336],[-119.9444,47.8373],[-119.9208,47.8331],[-119.9208,47.8592],[-119.9084,47.8794],[-119.9147,47.8942],[-119.9151,47.9014],[-119.9051,47.9103],[-119.8893,47.9172],[-119.8816,47.9252],[-119.8634,47.937],[-119.8599,47.9432],[-119.8703,47.9603],[-120.0488,47.9606],[-120.0664,47.9665]]]},"properties":{"ZCTA5CE10":"98816"}},{"type":"Feature","geometry":{"type":"Polygon","coordinates":[[[-120.2481,47.381],[-120.2526,47.3719],[-120.2666,47.3624],[-120.2601,47.3622],[-120.2604,47.3478],[-120.2389,47.3479],[-120.2389,47.3339],[-120.2171,47.334],[-120.2174,47.341],[-120.1921,47.3411],[-120.1935,47.3372],[-120.2424,47.3108],[-120.2364,47.3057],[-120.2465,47.2961],[-120.2311,47.2893],[-120.2215,47.2927],[-120.2018,47.2842],[-120.1964,47.2768],[-120.2067,47.2769],[-120.2073,47.2618],[-120.2594,47.2614],[-120.2589,47.2076],[-120.2328,47.2174],[-120.2134,47.2187],[-120.1895,47.2441],[-120.1661,47.261],[-120.1615,47.2619],[-120.0945,47.2622],[-120.0899,47.2771],[-120.086,47.3003],[-120.0903,47.3192],[-120.0833,47.3337],[-120.0896,47.3414],[-120.0983,47.3424],[-120.1186,47.3598],[-120.1296,47.3663],[-120.1656,47.3677],[-120.1856,47.373],[-120.2016,47.3765],[-120.2481,47.381]]]},"properties":{"ZCTA5CE10":"98828"}},{"type":"Feature","geometry":{"type":"Polygon","coordinates":[[[-124.631,47.8958],[-124.6114,47.8944],[-124.6008,47.8903],[-124.5902,47.8934],[-124.5902,47.9122],[-124.6307,47.9198],[-124.6386,47.9153],[-124.6396,47.9203],[-124.6415,47.9078],[-124.6317,47.9029],[-124.631,47.8958]]]},"properties":{"ZCTA5CE10":"98350"}},{"type":"Feature","geometry":{"type":"Polygon","coordinates":[[[-122.6648,45.6316],[-122.6716,45.6319],[-122.6705,45.6545],[-122.6853,45.6554],[-122.6882,45.6503],[-122.6916,45.6708],[-122.6932,45.6665],[-122.7101,45.6583],[-122.7215,45.6554],[-122.7215,45.6605],[-122.7289,45.6679],[-122.7169,45.6641],[-122.6997,45.6713],[-122.695,45.6813],[-122.7064,45.6935],[-122.7247,45.7124],[-122.7349,45.7339],[-122.7433,45.7518],[-122.7463,45.7629],[-122.7443,45.7765],[-122.7616,45.7857],[-122.7706,45.7818],[-122.7615,45.7592],[-122.7601,45.7344],[-122.7725,45.6996],[-122.7745,45.6804],[-122.7638,45.6571],[-122.7381,45.6441],[-122.7133,45.6374],[-122.691,45.6247],[-122.6753,45.6182],[-122.6648,45.6316]]]},"properties":{"ZCTA5CE10":"98660"}},{"type":"Feature","geometry":{"type":"Polygon","coordinates":[[[-122.6022,45.6788],[-122.5994,45.6788],[-122.5992,45.6493],[-122.5944,45.6404],[-122.5804,45.6394],[-122.5631,45.6421],[-122.57,45.657],[-122.5544,45.6637],[-122.5526,45.6673],[-122.5527,45.708],[-122.5525,45.7253],[-122.5688,45.7237],[-122.5771,45.7295],[-122.5899,45.73],[-122.5905,45.7367],[-122.5846,45.7367],[-122.5848,45.7478],[-122.5996,45.7477],[-122.595,45.744],[-122.5996,45.7368],[-122.5994,45.715],[-122.589,45.715],[-122.589,45.7077],[-122.5994,45.7077],[-122.5994,45.6933],[-122.6008,45.6873],[-122.5934,45.683],[-122.6022,45.6788]]]},"properties":{"ZCTA5CE10":"98662"}},{"type":"Feature","geometry":{"type":"Polygon","coordinates":[[[-122.6205,45.7654],[-122.6315,45.7573],[-122.6359,45.7435],[-122.6276,45.734],[-122.6462,45.7363],[-122.6462,45.7399],[-122.6576,45.7348],[-122.6526,45.7183],[-122.653,45.7104],[-122.6612,45.693],[-122.5994,45.6933],[-122.5994,45.7077],[-122.589,45.7077],[-122.589,45.715],[-122.5994,45.715],[-122.5996,45.7368],[-122.595,45.744],[-122.5996,45.7477],[-122.5996,45.7657],[-122.6205,45.7654]]]},"properties":{"ZCTA5CE10":"98686"}},{"type":"Feature","geometry":{"type":"Polygon","coordinates":[[[-122.2451,45.9098],[-122.3486,45.91],[-122.3487,45.9245],[-122.3694,45.9243],[-122.3693,45.9171],[-122.3994,45.9171],[-122.422,45.9085],[-122.4211,45.9136],[-122.4401,45.9121],[-122.4486,45.8957],[-122.4797,45.8979],[-122.5039,45.8956],[-122.5117,45.9015],[-122.5116,45.8889],[-122.5243,45.8847],[-122.5219,45.8788],[-122.5298,45.8747],[-122.5164,45.8724],[-122.5218,45.8593],[-122.498,45.8601],[-122.498,45.8486],[-122.5071,45.844],[-122.5071,45.8353],[-122.5007,45.8332],[-122.4591,45.8367],[-122.4549,45.8387],[-122.4196,45.8369],[-122.404,45.8322],[-122.3862,45.8318],[-122.3757,45.8191],[-122.3677,45.8147],[-122.3712,45.8058],[-122.3671,45.8009],[-122.3734,45.797],[-122.373,45.7573],[-122.3672,45.75],[-122.3705,45.744],[-122.3646,45.7348],[-122.364,45.7267],[-122.3464,45.716],[-122.3417,45.7131],[-122.3297,45.7161],[-122.3225,45.7214],[-122.323,45.7311],[-122.3153,45.7193],[-122.2937,45.7047],[-122.2786,45.6994],[-122.2737,45.6937],[-122.2737,45.6843],[-122.2668,45.6799],[-122.2706,45.6745],[-122.2666,45.6696],[-122.2509,45.6648],[-122.2496,45.6732],[-122.2492,45.7224],[-122.2495,45.8055],[-122.2501,45.8226],[-122.2489,45.8665],[-122.2447,45.8665],[-122.2451,45.9098]]]},"properties":{"ZCTA5CE10":"98675"}},{"type":"Feature","geometry":{"type":"Polygon","coordinates":[[[-118.2242,46.6912],[-118.2217,46.681],[-118.2289,46.6641],[-118.2337,46.6585],[-118.2283,46.6381],[-118.2229,46.6293],[-118.2189,46.6133],[-118.2195,46.6033],[-118.2289,46.5936],[-118.2284,46.5604],[-118.2426,46.5599],[-118.2417,46.4915],[-118.2206,46.4908],[-118.2163,46.4846],[-118.2039,46.4848],[-118.1952,46.4894],[-118.1975,46.4812],[-118.207,46.4698],[-118.2,46.4699],[-118.2,46.45],[-118.1841,46.4485],[-118.1712,46.4626],[-118.1675,46.4702],[-118.1167,46.4705],[-118.1163,46.4411],[-118.0956,46.4413],[-118.0861,46.4527],[-118.0848,46.4587],[-118.0737,46.4576],[-118.0674,46.4519],[-118.0633,46.4589],[-118.0658,46.4714],[-118.058,46.4716],[-118.0495,46.4834],[-118.0537,46.4945],[-118.065,46.5047],[-118.0969,46.5078],[-118.0932,46.5108],[-118.0778,46.5081],[-118.0756,46.5159],[-118.0629,46.5232],[-118.0536,46.5369],[-118.0263,46.5432],[-118.0011,46.5545],[-117.9906,46.5544],[-117.9869,46.5495],[-117.9873,46.5297],[-118.0315,46.5295],[-118.0318,46.5031],[-117.974,46.513],[-117.9716,46.5097],[-117.9475,46.5108],[-117.9335,46.5225],[-117.9174,46.5305],[-117.9231,46.5312],[-117.9384,46.5447],[-117.9387,46.5554],[-117.9655,46.555],[-117.9797,46.5702],[-117.9801,46.5878],[-118,46.5884],[-118.0275,46.5861],[-118.0483,46.5793],[-118.0691,46.5747],[-118.0929,46.5745],[-118.1001,46.5702],[-118.1044,46.5616],[-118.1184,46.5568],[-118.1431,46.5578],[-118.1583,46.5549],[-118.1726,46.5569],[-118.193,46.5718],[-118.2111,46.5876],[-118.2157,46.5889],[-118.2139,46.5996],[-118.2086,46.6093],[-118.1995,46.6079],[-118.1998,46.6242],[-118.2165,46.6333],[-118.2146,46.6387],[-118.2255,46.6466],[-118.2308,46.657],[-118.2241,46.6634],[-118.2237,46.6738],[-118.2175,46.6793],[-118.2242,46.6912]]]},"properties":{"ZCTA5CE10":"99359"}},{"type":"Feature","geometry":{"type":"MultiPolygon","coordinates":[[[[-122.3289,46.0915],[-122.3233,46.0893],[-122.3176,46.0768],[-122.3141,46.0822],[-122.3174,46.0946],[-122.3209,46.0938],[-122.3253,46.1071],[-122.3324,46.1048],[-122.3289,46.0915]]],[[[-122.2458,46.1429],[-122.2457,46.064],[-122.2786,46.0632],[-122.2936,46.0588],[-122.2976,46.0704],[-122.3071,46.073],[-122.3033,46.0612],[-122.3159,46.0578],[-122.3118,46.0432],[-122.3066,46.0382],[-122.2983,46.048],[-122.2987,46.054],[-122.2873,46.0534],[-122.2845,46.0589],[-122.2621,46.0585],[-122.2456,46.0539],[-122.2457,46.0632],[-122.1999,46.0635],[-122.1829,46.0561],[-122.1786,46.0581],[-122.1503,46.0586],[-122.1217,46.0505],[-122.1221,46.0612],[-122.1008,46.0624],[-122.0867,46.0613],[-122.0805,46.0571],[-122.0805,46.0405],[-121.9972,46.0402],[-121.9972,46.1214],[-122.0061,46.1162],[-122.0192,46.1249],[-122.0195,46.1359],[-122.0289,46.1471],[-122.0283,46.1604],[-122.0326,46.1674],[-122.0288,46.1725],[-122.0196,46.1963],[-122.0171,46.2088],[-122.0265,46.2234],[-122.0363,46.2314],[-122.0522,46.2503],[-122.0529,46.254],[-122.0735,46.2643],[-122.0872,46.2774],[-122.0941,46.2941],[-122.0944,46.3486],[-122.1054,46.3472],[-122.1145,46.3514],[-122.1143,46.3862],[-122.1558,46.3859],[-122.2417,46.3864],[-122.2399,46.3853],[-122.241,46.3216],[-122.2414,46.2113],[-122.2463,46.2114],[-122.2458,46.1429]]]]},"properties":{"ZCTA5CE10":"98616"}},{"type":"Feature","geometry":{"type":"Polygon","coordinates":[[[-120.1549,47.6547],[-120.148,47.6599],[-120.1374,47.6589],[-120.1316,47.668],[-120.1153,47.6687],[-120.1307,47.6503],[-120.1396,47.6491],[-120.1457,47.6403],[-120.1327,47.6323],[-120.1612,47.6331],[-120.1751,47.6249],[-120.1669,47.6186],[-120.1693,47.6097],[-120.1817,47.6181],[-120.1926,47.6119],[-120.1935,47.6024],[-120.1856,47.5964],[-120.1867,47.5914],[-120.1971,47.5795],[-120.188,47.5796],[-120.1804,47.5907],[-120.1669,47.5974],[-120.1582,47.6048],[-120.1464,47.6082],[-120.1321,47.6065],[-120.1329,47.5927],[-120.139,47.5842],[-120.108,47.5852],[-120.1005,47.593],[-120.0826,47.6034],[-120.0698,47.6035],[-120.0697,47.6128],[-120.0484,47.6113],[-120.0485,47.5863],[-120.0324,47.5808],[-120.0325,47.5723],[-120.0271,47.5694],[-120.0253,47.5496],[-120.0356,47.5411],[-120.0527,47.5368],[-120.0616,47.5305],[-120.0501,47.5223],[-120.0486,47.5114],[-120.0347,47.4919],[-120.0451,47.4874],[-120.0486,47.4814],[-120.0482,47.4136],[-120.059,47.4112],[-120.0522,47.3915],[-119.9621,47.3922],[-119.9623,47.4951],[-119.9409,47.4952],[-119.9412,47.5097],[-119.9176,47.5098],[-119.9061,47.4952],[-119.8544,47.4954],[-119.8331,47.4957],[-119.8326,47.5359],[-119.8355,47.5396],[-119.7907,47.5401],[-119.7908,47.5546],[-119.7693,47.5549],[-119.7695,47.5695],[-119.748,47.5697],[-119.7484,47.6091],[-119.7362,47.6041],[-119.7205,47.5909],[-119.7054,47.586],[-119.7055,47.57],[-119.6706,47.599],[-119.669,47.6063],[-119.6791,47.6275],[-119.6788,47.6438],[-119.6743,47.6503],[-119.6485,47.6599],[-119.6377,47.658],[-119.6323,47.6612],[-119.602,47.6654],[-119.5993,47.6849],[-119.6105,47.6982],[-119.6213,47.7003],[-119.6211,47.728],[-119.6639,47.7284],[-119.6639,47.7319],[-119.6853,47.732],[-119.6853,47.718],[-119.6884,47.7138],[-119.7602,47.714],[-119.7804,47.7068],[-119.7915,47.7107],[-119.792,47.7574],[-119.8136,47.7575],[-119.8136,47.8496],[-119.7982,47.8598],[-119.8634,47.937],[-119.8816,47.9252],[-119.8893,47.9172],[-119.9051,47.9103],[-119.9151,47.9014],[-119.9147,47.8942],[-119.9084,47.8794],[-119.9208,47.8592],[-119.878,47.8588],[-119.8781,47.8446],[-119.8622,47.8434],[-119.8616,47.8308],[-119.8779,47.8294],[-119.8778,47.7723],[-119.921,47.7724],[-119.921,47.7579],[-119.9862,47.7578],[-120.0006,47.7589],[-120.0164,47.7523],[-120.0017,47.7463],[-120.0255,47.7438],[-120.0319,47.7463],[-120.0512,47.7441],[-120.0571,47.7401],[-120.0688,47.7399],[-120.0801,47.7341],[-120.0955,47.7403],[-120.1218,47.7336],[-120.1154,47.7245],[-120.1233,47.7236],[-120.1346,47.7144],[-120.134,47.7089],[-120.1558,47.7013],[-120.1622,47.6972],[-120.1642,47.6883],[-120.1556,47.6865],[-120.1574,47.673],[-120.172,47.6641],[-120.1732,47.6503],[-120.196,47.6404],[-120.1903,47.6391],[-120.1696,47.6446],[-120.1661,47.65],[-120.1549,47.6547]]]},"properties":{"ZCTA5CE10":"98858"}},{"type":"Feature","geometry":{"type":"Polygon","coordinates":[[[-118.5473,48.9531],[-118.5549,48.9377],[-118.5359,48.9356],[-118.5321,48.9297],[-118.5152,48.9196],[-118.4892,48.9154],[-118.4798,48.9176],[-118.467,48.9123],[-118.4665,48.9073],[-118.4472,48.9055],[-118.4511,48.8906],[-118.4733,48.8816],[-118.4341,48.8671],[-118.4236,48.8672],[-118.4171,48.8626],[-118.3952,48.8639],[-118.3951,48.8788],[-118.3793,48.8834],[-118.3836,48.8993],[-118.3916,48.9037],[-118.3952,48.9119],[-118.3823,48.9126],[-118.3904,48.9229],[-118.3764,48.9234],[-118.3751,48.9298],[-118.3873,48.9336],[-118.3917,48.9474],[-118.3987,48.95],[-118.3981,48.9627],[-118.3932,48.9663],[-118.3946,48.9818],[-118.375,48.9894],[-118.3647,49.0002],[-118.3761,49.0005],[-118.5791,49.0003],[-118.5776,48.9846],[-118.5873,48.9733],[-118.5777,48.9633],[-118.5712,48.9498],[-118.5574,48.9408],[-118.5473,48.9531]],[[-118.5473,48.9531],[-118.5629,48.9627],[-118.5343,48.9662],[-118.5359,48.9565],[-118.5473,48.9531]]]},"properties":{"ZCTA5CE10":"99121"}},{"type":"Feature","geometry":{"type":"Polygon","coordinates":[[[-118.8457,48.0501],[-118.8458,47.9635],[-118.852,47.9577],[-118.8376,47.9549],[-118.833,47.9505],[-118.8294,47.9331],[-118.8231,47.9262],[-118.8119,47.9203],[-118.7832,47.9157],[-118.7557,47.9086],[-118.7454,47.9032],[-118.7303,47.9002],[-118.7117,47.9033],[-118.7111,47.9192],[-118.7076,47.9336],[-118.6975,47.9405],[-118.6884,47.9427],[-118.662,47.9374],[-118.652,47.9271],[-118.6414,47.926],[-118.6343,47.9299],[-118.6248,47.9276],[-118.598,47.9292],[-118.5846,47.9326],[-118.5704,47.9323],[-118.5634,47.9276],[-118.541,47.9204],[-118.5335,47.9149],[-118.5346,47.9012],[-118.544,47.8886],[-118.5426,47.8806],[-118.5369,47.8768],[-118.5332,47.8755],[-118.5011,47.8738],[-118.4757,47.8772],[-118.4658,47.8822],[-118.4656,47.928],[-118.4699,47.9297],[-118.4689,47.9485],[-118.4656,47.9633],[-118.4586,47.9632],[-118.458,48.0701],[-118.4784,48.0644],[-118.4927,48.0637],[-118.5195,48.0694],[-118.532,48.0625],[-118.5383,48.0548],[-118.5701,48.0541],[-118.5792,48.0454],[-118.5825,48.0602],[-118.5896,48.0668],[-118.5886,48.0868],[-118.5798,48.107],[-118.5944,48.1131],[-118.5817,48.1308],[-118.586,48.1372],[-118.5722,48.148],[-118.5631,48.15],[-118.5602,48.1553],[-118.5372,48.1557],[-118.5301,48.1681],[-118.5319,48.1746],[-118.5269,48.1858],[-118.5371,48.2],[-118.5537,48.2085],[-118.5617,48.2209],[-118.5787,48.2313],[-118.5948,48.2283],[-118.5979,48.2348],[-118.5963,48.2468],[-118.5867,48.2617],[-118.6009,48.2699],[-118.6,48.2838],[-118.5846,48.2916],[-118.5678,48.3078],[-118.5586,48.3108],[-118.5448,48.3266],[-118.5415,48.3496],[-118.5682,48.3514],[-118.5752,48.3538],[-118.5908,48.3558],[-118.5901,48.3495],[-118.5989,48.3437],[-118.6039,48.3468],[-118.6124,48.3334],[-118.6117,48.323],[-118.6215,48.3139],[-118.6241,48.3073],[-118.6421,48.2983],[-118.6498,48.322],[-118.6588,48.3295],[-118.6669,48.3238],[-118.6872,48.2981],[-118.6937,48.2714],[-118.7103,48.2708],[-118.7306,48.2906],[-118.7493,48.3381],[-118.7408,48.3597],[-118.7484,48.3683],[-118.7482,48.3803],[-118.7621,48.3841],[-118.7744,48.3839],[-118.7748,48.3965],[-118.8444,48.3965],[-118.8462,48.2373],[-118.8422,48.2434],[-118.8272,48.2468],[-118.8146,48.2461],[-118.8166,48.2351],[-118.8106,48.2322],[-118.8118,48.2241],[-118.8228,48.2234],[-118.819,48.2193],[-118.8242,48.2009],[-118.8324,48.196],[-118.821,48.1904],[-118.8055,48.1988],[-118.7965,48.1917],[-118.7843,48.1894],[-118.7896,48.176],[-118.7878,48.157],[-118.7889,48.1457],[-118.7944,48.1388],[-118.794,48.1294],[-118.8006,48.1243],[-118.8005,48.1165],[-118.8086,48.1125],[-118.7974,48.0957],[-118.7972,48.0834],[-118.82,48.0832],[-118.8445,48.0919],[-118.8452,48.0834],[-118.8393,48.0784],[-118.8459,48.074],[-118.8457,48.0501]]]},"properties":{"ZCTA5CE10":"99140"}},{"type":"Feature","geometry":{"type":"Polygon","coordinates":[[[-119.0136,48.0634],[-119.0204,48.0813],[-119.0208,48.1014],[-119.0309,48.1194],[-119.0422,48.1274],[-119.0304,48.1295],[-119.0152,48.1251],[-119.0064,48.1265],[-119.0007,48.1209],[-118.9891,48.1236],[-118.9786,48.1226],[-118.9861,48.1126],[-118.9891,48.1025],[-118.9825,48.0937],[-118.9823,48.0764],[-118.9741,48.0657],[-118.9744,48.0502],[-118.8796,48.0501],[-118.8679,48.0571],[-118.8457,48.0501],[-118.8459,48.074],[-118.8393,48.0784],[-118.8452,48.0834],[-118.8445,48.0919],[-118.82,48.0832],[-118.7972,48.0834],[-118.7974,48.0957],[-118.8086,48.1125],[-118.8005,48.1165],[-118.8006,48.1243],[-118.794,48.1294],[-118.7944,48.1388],[-118.7889,48.1457],[-118.7878,48.157],[-118.7896,48.176],[-118.7843,48.1894],[-118.7965,48.1917],[-118.8055,48.1988],[-118.821,48.1904],[-118.8324,48.196],[-118.8242,48.2009],[-118.819,48.2193],[-118.8228,48.2234],[-118.8118,48.2241],[-118.8106,48.2322],[-118.8166,48.2351],[-118.8146,48.2461],[-118.8272,48.2468],[-118.8422,48.2434],[-118.8462,48.2373],[-118.8444,48.3965],[-118.8439,48.4389],[-118.8529,48.4479],[-118.8704,48.4515],[-118.8915,48.4518],[-118.8988,48.446],[-118.9134,48.4469],[-118.9151,48.4429],[-118.9443,48.4281],[-118.9634,48.4391],[-118.9614,48.4474],[-118.9764,48.4491],[-119.0009,48.4479],[-119.0317,48.4589],[-119.0721,48.449],[-119.0835,48.4502],[-119.1002,48.4417],[-119.1046,48.4314],[-119.1109,48.4296],[-119.1111,48.4045],[-119.0962,48.3852],[-119.0806,48.3773],[-119.0601,48.3712],[-119.0582,48.3581],[-119.0542,48.3538],[-119.0674,48.3354],[-119.0764,48.3277],[-119.0743,48.3133],[-119.0813,48.2981],[-119.0895,48.2903],[-119.0939,48.2776],[-119.0908,48.2706],[-119.0811,48.2627],[-119.0984,48.244],[-119.1188,48.2412],[-119.1023,48.2337],[-119.1085,48.223],[-119.0977,48.2159],[-119.102,48.2072],[-119.1162,48.1921],[-119.1193,48.1715],[-119.1029,48.163],[-119.1001,48.1477],[-119.1141,48.1453],[-119.1038,48.1388],[-119.0917,48.1367],[-119.0752,48.1405],[-119.0622,48.1384],[-119.0526,48.1335],[-119.0304,48.1154],[-119.0218,48.0934],[-119.0224,48.0827],[-119.0136,48.0634]]]},"properties":{"ZCTA5CE10":"99155"}},{"type":"Feature","geometry":{"type":"Polygon","coordinates":[[[-118.6497,46.5916],[-118.6529,46.5756],[-118.6599,46.5695],[-118.6594,46.5616],[-118.6824,46.5589],[-118.7105,46.5607],[-118.7247,46.5585],[-118.7409,46.5505],[-118.7428,46.5412],[-118.767,46.5279],[-118.7903,46.5015],[-118.8876,46.5021],[-118.922,46.5028],[-118.9318,46.4939],[-118.977,46.4794],[-118.9871,46.4722],[-118.987,46.4664],[-118.9762,46.4601],[-118.931,46.4595],[-118.9257,46.4529],[-118.9314,46.4382],[-118.92,46.4361],[-118.9132,46.441],[-118.8939,46.4418],[-118.9089,46.4299],[-118.9777,46.4312],[-119.0247,46.4312],[-119.0177,46.448],[-119.0301,46.4456],[-119.0365,46.4311],[-119.058,46.431],[-119.0668,46.434],[-119.0809,46.4453],[-119.1285,46.4454],[-119.1389,46.4496],[-119.1326,46.4529],[-119.1323,46.4598],[-119.1742,46.4597],[-119.1742,46.4754],[-119.1836,46.4762],[-119.1848,46.4823],[-119.1953,46.4776],[-119.1954,46.4907],[-119.2059,46.4915],[-119.2196,46.5007],[-119.227,46.5005],[-119.2376,46.4984],[-119.2462,46.4763],[-119.2634,46.4763],[-119.2611,46.4665],[-119.2631,46.4552],[-119.2594,46.4328],[-119.2668,46.4026],[-119.2655,46.3814],[-119.2701,46.3749],[-119.2617,46.3514],[-119.2563,46.345],[-119.2501,46.319],[-119.2524,46.3051],[-119.2636,46.2932],[-119.2689,46.278],[-119.2588,46.2691],[-119.2367,46.2609],[-119.2128,46.2412],[-119.2084,46.2376],[-119.1717,46.2283],[-119.1418,46.2269],[-119.1173,46.2226],[-119.0975,46.215],[-119.0908,46.2117],[-119.0499,46.1972],[-119.0414,46.1929],[-119.0234,46.2167],[-118.9903,46.2293],[-118.9728,46.2387],[-118.951,46.2393],[-118.9212,46.243],[-118.8829,46.2499],[-118.8607,46.2525],[-118.8507,46.2598],[-118.8483,46.2658],[-118.8351,46.2727],[-118.8301,46.2816],[-118.8157,46.2879],[-118.7935,46.2906],[-118.7772,46.2902],[-118.7686,46.2948],[-118.7665,46.3014],[-118.7743,46.3131],[-118.7737,46.318],[-118.7623,46.325],[-118.7574,46.3433],[-118.7462,46.3595],[-118.7209,46.3613],[-118.7049,46.3596],[-118.6971,46.3633],[-118.6954,46.376],[-118.6912,46.3811],[-118.6745,46.3852],[-118.6689,46.3892],[-118.6608,46.4025],[-118.6374,46.4107],[-118.6338,46.414],[-118.638,46.4334],[-118.6311,46.4479],[-118.6319,46.4543],[-118.619,46.4744],[-118.6207,46.4886],[-118.6156,46.5045],[-118.5924,46.5259],[-118.5821,46.5311],[-118.5654,46.535],[-118.548,46.5559],[-118.5372,46.5616],[-118.5422,46.5665],[-118.5349,46.5735],[-118.5472,46.5946],[-118.5611,46.6271],[-118.5546,46.6375],[-118.5678,46.6377],[-118.5699,46.6313],[-118.5809,46.6215],[-118.5938,46.6048],[-118.5766,46.6044],[-118.5763,46.5907],[-118.5693,46.5856],[-118.5724,46.574],[-118.5837,46.5561],[-118.6497,46.5916]]]},"properties":{"ZCTA5CE10":"99301"}},{"type":"Feature","geometry":{"type":"Polygon","coordinates":[[[-118.978,47.5534],[-118.9779,47.6099],[-118.9764,47.6623],[-118.9758,47.7136],[-119.029,47.7135],[-119.0406,47.7082],[-119.0405,47.7134],[-119.0838,47.7136],[-119.0839,47.7281],[-119.1216,47.7281],[-119.1119,47.7428],[-119.1052,47.7428],[-119.1049,47.801],[-119.0836,47.801],[-119.0832,47.7917],[-119.0609,47.83],[-119.0615,47.8404],[-119.0724,47.8445],[-119.0829,47.8444],[-119.0828,47.8635],[-119.0702,47.8679],[-119.055,47.8648],[-119.054,47.8728],[-119.0703,47.872],[-119.0843,47.8653],[-119.0926,47.8681],[-119.0984,47.8598],[-119.1112,47.8526],[-119.1234,47.8419],[-119.1361,47.8265],[-119.185,47.7987],[-119.2171,47.7595],[-119.2328,47.7386],[-119.2292,47.732],[-119.2131,47.7313],[-119.2198,47.7266],[-119.2191,47.7137],[-119.2323,47.7137],[-119.2345,47.7071],[-119.2349,47.663],[-119.2135,47.663],[-119.2135,47.66],[-119.1919,47.6645],[-119.192,47.6123],[-119.1705,47.6123],[-119.1708,47.568],[-119.1494,47.5678],[-119.1494,47.5242],[-119.128,47.524],[-119.1281,47.5385],[-119.0858,47.5385],[-119.0857,47.5095],[-119.0145,47.5096],[-119.0019,47.5041],[-118.9777,47.5091],[-118.978,47.5534]]]},"properties":{"ZCTA5CE10":"99135"}},{"type":"Feature","geometry":{"type":"Polygon","coordinates":[[[-118.974,47.9064],[-118.9867,47.909],[-119.0039,47.9308],[-119.0221,47.9289],[-119.0227,47.918],[-119.0389,47.9147],[-119.0387,47.9253],[-119.0278,47.9254],[-119.0287,47.9342],[-119.0221,47.9366],[-119.022,47.9453],[-119.0274,47.9511],[-119.0178,47.9511],[-119.0138,47.9621],[-119.104,47.9618],[-119.1038,47.9467],[-119.1252,47.9467],[-119.1257,47.9173],[-119.1473,47.9174],[-119.1473,47.9027],[-119.1906,47.9025],[-119.1907,47.8879],[-119.2121,47.8876],[-119.2122,47.8358],[-119.2125,47.8007],[-119.2339,47.8007],[-119.2341,47.7719],[-119.2558,47.7717],[-119.2559,47.7423],[-119.2775,47.7425],[-119.2773,47.7281],[-119.2987,47.7283],[-119.2988,47.6702],[-119.3204,47.6702],[-119.3206,47.6268],[-119.33,47.6263],[-119.3,47.6174],[-119.2935,47.6249],[-119.2733,47.6693],[-119.2721,47.6803],[-119.2782,47.6835],[-119.2657,47.7034],[-119.2663,47.7116],[-119.2527,47.7281],[-119.2463,47.7284],[-119.2328,47.7386],[-119.2171,47.7595],[-119.185,47.7987],[-119.1361,47.8265],[-119.1234,47.8419],[-119.1112,47.8526],[-119.0984,47.8598],[-119.0926,47.8681],[-119.0843,47.8653],[-119.0703,47.872],[-119.054,47.8728],[-119.055,47.8648],[-119.0345,47.8583],[-119.0305,47.8648],[-119.0144,47.8788],[-119.0052,47.88],[-118.9843,47.8683],[-118.9746,47.8663],[-118.974,47.9064]]]},"properties":{"ZCTA5CE10":"99123"}},{"type":"Feature","geometry":{"type":"Polygon","coordinates":[[[-119.2762,47.4998],[-119.2578,47.4951],[-119.2467,47.4875],[-119.2339,47.4717],[-119.2339,47.4308],[-119.2575,47.4253],[-119.2768,47.4275],[-119.2771,47.3954],[-119.2129,47.3938],[-119.1918,47.3936],[-119.1909,47.403],[-119.1783,47.4033],[-119.1721,47.4079],[-119.1287,47.4078],[-119.0991,47.3904],[-119.0971,47.3929],[-119.1068,47.4029],[-119.0836,47.4055],[-119.0822,47.409],[-119.0644,47.4144],[-119.0532,47.4108],[-119.0364,47.4135],[-119.0646,47.4168],[-119.1069,47.4129],[-119.107,47.4265],[-119.0994,47.4489],[-119.0911,47.4497],[-119.0846,47.4595],[-119.0672,47.4652],[-119.0486,47.4801],[-119.0408,47.491],[-119.032,47.4878],[-119.0215,47.4954],[-119.0118,47.4961],[-119.0019,47.5041],[-119.0145,47.5096],[-119.0857,47.5095],[-119.0858,47.5385],[-119.1281,47.5385],[-119.128,47.524],[-119.1494,47.5242],[-119.1495,47.5098],[-119.1922,47.5102],[-119.1924,47.5392],[-119.214,47.5401],[-119.2546,47.5399],[-119.2768,47.5079],[-119.2762,47.4998]]]},"properties":{"ZCTA5CE10":"98860"}},{"type":"Feature","geometry":{"type":"Polygon","coordinates":[[[-123.4932,46.9996],[-123.4816,46.9993],[-123.4816,47.0027],[-123.495,47.0013],[-123.4932,46.9996]]]},"properties":{"ZCTA5CE10":"98583"}},{"type":"Feature","geometry":{"type":"Polygon","coordinates":[[[-123.7994,47.5178],[-124.0471,47.5181],[-124.0472,47.534],[-124.0822,47.5338],[-124.1171,47.5195],[-124.1339,47.5226],[-124.1226,47.5178],[-124.1303,47.5138],[-124.1295,47.5024],[-124.1383,47.5006],[-124.1143,47.4964],[-124.1045,47.4907],[-124.0663,47.48],[-124.0656,47.4754],[-124.0782,47.4578],[-124.0655,47.4519],[-124.0646,47.4427],[-124.0736,47.4325],[-124.0243,47.4325],[-124.0243,47.4225],[-124.034,47.4126],[-124.0356,47.4001],[-124.0426,47.3975],[-124.043,47.3895],[-124.0539,47.3892],[-124.0624,47.3758],[-124.0619,47.3687],[-124.0496,47.3631],[-124.0405,47.3631],[-124.0302,47.369],[-124.0212,47.3602],[-124.0111,47.3589],[-124.0111,47.3666],[-123.9937,47.3625],[-123.982,47.3627],[-123.9673,47.3692],[-123.9293,47.4037],[-123.9059,47.4227],[-123.8703,47.4549],[-123.8377,47.4741],[-123.8311,47.4802],[-123.8447,47.4902],[-123.8308,47.4986],[-123.8251,47.4953],[-123.8085,47.5062],[-123.7994,47.5178]]]},"properties":{"ZCTA5CE10":"98526"}},{"type":"Feature","geometry":{"type":"Polygon","coordinates":[[[-123.9346,46.7055],[-123.9353,46.7258],[-123.9223,46.7287],[-123.9164,46.744],[-123.9152,46.7926],[-123.9654,46.7929],[-123.9632,46.8138],[-123.9687,46.8185],[-123.9741,46.8324],[-123.9905,46.84],[-124.0088,46.8386],[-124.0408,46.8575],[-124.0636,46.8589],[-124.0708,46.8618],[-124.083,46.8588],[-124.1091,46.8588],[-124.105,46.8458],[-124.1118,46.8457],[-124.1165,46.8587],[-124.1206,46.8586],[-124.1127,46.8375],[-124.1023,46.7941],[-124.0996,46.7578],[-124.1013,46.7436],[-124.0974,46.734],[-124.0909,46.731],[-124.0869,46.7172],[-124.064,46.7149],[-124.0525,46.7112],[-124.0286,46.6984],[-124.0204,46.6902],[-124.0124,46.6972],[-124.0099,46.7065],[-124.0153,46.7063],[-124.0384,46.7163],[-124.0358,46.732],[-124.0141,46.7321],[-124.0143,46.7257],[-123.9998,46.7271],[-123.9652,46.7185],[-123.9496,46.7078],[-123.9359,46.7054],[-123.9346,46.7055]]]},"properties":{"ZCTA5CE10":"98547"}},{"type":"Feature","geometry":{"type":"Polygon","coordinates":[[[-123.2657,47.0991],[-123.2656,47.0922],[-123.2763,47.092],[-123.2762,47.0848],[-123.3292,47.084],[-123.3291,47.0403],[-123.328,47.0073],[-123.3118,47.0119],[-123.3109,47.0087],[-123.3289,46.9985],[-123.3286,46.9881],[-123.3069,46.9887],[-123.2642,46.9998],[-123.219,47.0125],[-123.2,47.0148],[-123.201,47.0566],[-123.2021,47.0849],[-123.2445,47.0848],[-123.2444,47.0992],[-123.2657,47.0991]]]},"properties":{"ZCTA5CE10":"98557"}},{"type":"Feature","geometry":{"type":"Polygon","coordinates":[[[-124.1587,47.0657],[-124.1445,47.0662],[-124.1368,47.0635],[-124.1232,47.0748],[-124.1108,47.0757],[-124.1095,47.1146],[-124.0853,47.1154],[-124.079,47.1126],[-124.0962,47.1368],[-124.1175,47.1326],[-124.1376,47.1239],[-124.1506,47.1204],[-124.1561,47.1224],[-124.1735,47.115],[-124.1823,47.1374],[-124.19,47.1474],[-124.1958,47.1729],[-124.2001,47.1728],[-124.181,47.093],[-124.1729,47.0911],[-124.1599,47.0977],[-124.136,47.0953],[-124.1329,47.0875],[-124.1242,47.0825],[-124.1351,47.0751],[-124.1507,47.0754],[-124.1587,47.0657]]]},"properties":{"ZCTA5CE10":"98535"}},{"type":"Feature","geometry":{"type":"Polygon","coordinates":[[[-122.3998,47.5124],[-122.3819,47.5138],[-122.3815,47.5575],[-122.401,47.5573],[-122.4098,47.5603],[-122.4028,47.5493],[-122.4012,47.5369],[-122.4055,47.5314],[-122.4004,47.5246],[-122.4036,47.5162],[-122.3998,47.5124]]]},"properties":{"ZCTA5CE10":"98136"}},{"type":"Feature","geometry":{"type":"Polygon","coordinates":[[[-122.308,47.4228],[-122.2844,47.4228],[-122.2727,47.4307],[-122.2773,47.423],[-122.2664,47.4234],[-122.2625,47.4342],[-122.2485,47.4334],[-122.2414,47.4412],[-122.2412,47.4653],[-122.2509,47.4749],[-122.2516,47.4748],[-122.2529,47.4689],[-122.2596,47.4714],[-122.2706,47.4677],[-122.2706,47.4722],[-122.2807,47.4687],[-122.3124,47.4701],[-122.3128,47.4657],[-122.2971,47.4638],[-122.2941,47.4551],[-122.2971,47.4472],[-122.2955,47.4345],[-122.305,47.4346],[-122.308,47.4228]]]},"properties":{"ZCTA5CE10":"98188"}},{"type":"Feature","geometry":{"type":"Polygon","coordinates":[[[-122.4143,47.6757],[-122.3574,47.676],[-122.3581,47.7015],[-122.3934,47.7016],[-122.3986,47.7039],[-122.4092,47.6977],[-122.4116,47.6867],[-122.4195,47.6789],[-122.4143,47.6757]]]},"properties":{"ZCTA5CE10":"98117"}},{"type":"Feature","geometry":{"type":"Polygon","coordinates":[[[-122.2921,47.5702],[-122.2766,47.5708],[-122.2621,47.5759],[-122.2681,47.5893],[-122.2676,47.6015],[-122.317,47.6009],[-122.3193,47.5958],[-122.3201,47.5724],[-122.2991,47.5725],[-122.2921,47.5702]]]},"properties":{"ZCTA5CE10":"98144"}},{"type":"Feature","geometry":{"type":"Polygon","coordinates":[[[-122.2635,47.6243],[-122.2802,47.6262],[-122.2797,47.6164],[-122.2913,47.6189],[-122.3156,47.6188],[-122.3279,47.6185],[-122.3231,47.6122],[-122.317,47.6009],[-122.2676,47.6015],[-122.2657,47.6136],[-122.2635,47.6243]]]},"properties":{"ZCTA5CE10":"98122"}},{"type":"Feature","geometry":{"type":"Polygon","coordinates":[[[-122.271,47.777],[-122.2707,47.7567],[-122.267,47.7521],[-122.2761,47.7397],[-122.2699,47.7341],[-122.2498,47.7356],[-122.2452,47.7318],[-122.2188,47.7332],[-122.2211,47.7525],[-122.2285,47.7537],[-122.2273,47.7766],[-122.267,47.777],[-122.271,47.777]]]},"properties":{"ZCTA5CE10":"98028"}},{"type":"Feature","geometry":{"type":"Polygon","coordinates":[[[-122.2318,47.6901],[-122.2093,47.704],[-122.1644,47.7041],[-122.1617,47.7115],[-122.1543,47.7114],[-122.1519,47.7186],[-122.164,47.734],[-122.1754,47.7367],[-122.1875,47.7365],[-122.1872,47.7427],[-122.2019,47.726],[-122.2435,47.7259],[-122.2452,47.7318],[-122.2498,47.7356],[-122.2699,47.7341],[-122.2698,47.7335],[-122.2671,47.7188],[-122.2541,47.6978],[-122.2439,47.6922],[-122.2318,47.6901]]]},"properties":{"ZCTA5CE10":"98034"}},{"type":"Feature","geometry":{"type":"Polygon","coordinates":[[[-122.1214,47.5741],[-122.134,47.5783],[-122.1511,47.5793],[-122.1876,47.5795],[-122.1991,47.574],[-122.202,47.546],[-122.1906,47.5421],[-122.1656,47.54],[-122.1664,47.5546],[-122.1584,47.5446],[-122.1361,47.5401],[-122.125,47.5283],[-122.1087,47.5259],[-122.1122,47.5323],[-122.1088,47.5406],[-122.1005,47.5449],[-122.0991,47.563],[-122.1161,47.5671],[-122.1143,47.563],[-122.1281,47.5636],[-122.1214,47.5741]]]},"properties":{"ZCTA5CE10":"98006"}},{"type":"Feature","geometry":{"type":"Polygon","coordinates":[[[-121.9717,47.5584],[-121.9717,47.5521],[-121.9786,47.5386],[-121.9941,47.5318],[-122.011,47.5364],[-122.0174,47.5358],[-122.022,47.5489],[-122.0348,47.5433],[-122.0418,47.5464],[-122.0473,47.5575],[-122.0557,47.5658],[-122.0751,47.5656],[-122.0897,47.5776],[-122.098,47.5878],[-122.0991,47.5649],[-122.1214,47.5741],[-122.1281,47.5636],[-122.1143,47.563],[-122.1161,47.5671],[-122.0991,47.563],[-122.1005,47.5449],[-122.1088,47.5406],[-122.0976,47.5447],[-122.0936,47.5413],[-122.0788,47.5412],[-122.0794,47.5127],[-122.0898,47.5062],[-122.0983,47.5059],[-122.0991,47.4982],[-122.0937,47.4915],[-122.0582,47.4728],[-122.0583,47.4661],[-122.0543,47.457],[-122.042,47.4554],[-122.0368,47.45],[-122.0521,47.4378],[-122.0372,47.4443],[-121.9943,47.4439],[-121.9884,47.4333],[-121.9731,47.4269],[-121.9728,47.4341],[-121.9645,47.4383],[-121.9594,47.4483],[-121.9468,47.4608],[-121.9359,47.4656],[-121.9214,47.4667],[-121.9108,47.4722],[-121.8915,47.4782],[-121.8845,47.5046],[-121.8834,47.5097],[-121.8968,47.5136],[-121.9012,47.5195],[-121.8955,47.5217],[-121.9087,47.5295],[-121.918,47.5303],[-121.9088,47.5434],[-121.918,47.5434],[-121.9126,47.5393],[-121.9169,47.5351],[-121.9244,47.5379],[-121.935,47.5294],[-121.9569,47.5333],[-121.9639,47.5364],[-121.9684,47.5445],[-121.957,47.5446],[-121.9591,47.5583],[-121.9717,47.5584]]]},"properties":{"ZCTA5CE10":"98027"}},{"type":"Feature","geometry":{"type":"Polygon","coordinates":[[[-122.0038,47.7052],[-121.9955,47.709],[-121.9949,47.7],[-121.9811,47.7014],[-121.9722,47.6943],[-121.9496,47.689],[-121.9431,47.6916],[-121.9466,47.7041],[-121.9431,47.7089],[-121.9348,47.7065],[-121.9366,47.7012],[-121.9138,47.7052],[-121.9002,47.6944],[-121.8924,47.7098],[-121.8785,47.7074],[-121.8782,47.7134],[-121.8941,47.7145],[-121.8871,47.7241],[-121.8639,47.7203],[-121.8565,47.7229],[-121.8423,47.7123],[-121.8313,47.6943],[-121.8163,47.6955],[-121.8071,47.6889],[-121.7972,47.6892],[-121.7916,47.6936],[-121.7853,47.6981],[-121.7671,47.7005],[-121.7536,47.6988],[-121.7465,47.6927],[-121.7265,47.6927],[-121.7154,47.6889],[-121.7076,47.7064],[-121.71,47.7175],[-121.7199,47.726],[-121.7141,47.7378],[-121.6914,47.7479],[-121.6707,47.75],[-121.6661,47.7668],[-121.6669,47.7769],[-121.8497,47.7772],[-121.8879,47.7765],[-121.9281,47.777],[-122.0077,47.7753],[-122.0087,47.744],[-122.0247,47.7473],[-122.0235,47.7325],[-122.0123,47.7325],[-122.0082,47.717],[-122.014,47.7141],[-122.0084,47.7023],[-122.0038,47.7052]]]},"properties":{"ZCTA5CE10":"98019"}},{"type":"Feature","geometry":{"type":"Polygon","coordinates":[[[-122.3046,47.6474],[-122.3122,47.6528],[-122.3124,47.6472],[-122.3104,47.6471],[-122.3046,47.6474]]]},"properties":{"ZCTA5CE10":"98195"}},{"type":"Feature","geometry":{"type":"Polygon","coordinates":[[[-122.6828,47.5275],[-122.6702,47.5294],[-122.6615,47.5255],[-122.6576,47.5168],[-122.6457,47.5012],[-122.6408,47.5049],[-122.5683,47.5053],[-122.5024,47.5049],[-122.4976,47.503],[-122.4917,47.5072],[-122.4926,47.5155],[-122.5008,47.5215],[-122.5139,47.5234],[-122.5256,47.5282],[-122.5421,47.5276],[-122.5355,47.5467],[-122.539,47.5551],[-122.5282,47.5631],[-122.5296,47.5691],[-122.5406,47.5732],[-122.5439,47.5858],[-122.5504,47.5908],[-122.5704,47.5879],[-122.6044,47.5687],[-122.6071,47.5618],[-122.6185,47.5531],[-122.6499,47.5468],[-122.6696,47.541],[-122.673,47.5345],[-122.6828,47.5275]]]},"properties":{"ZCTA5CE10":"98366"}},{"type":"Feature","geometry":{"type":"Polygon","coordinates":[[[-122.5219,47.9145],[-122.5373,47.917],[-122.5475,47.9235],[-122.5881,47.9252],[-122.5955,47.9302],[-122.6,47.9432],[-122.6151,47.9443],[-122.6229,47.94],[-122.6252,47.9331],[-122.6178,47.9211],[-122.5993,47.9166],[-122.5946,47.9112],[-122.5966,47.9047],[-122.5896,47.899],[-122.5814,47.8807],[-122.5751,47.8823],[-122.5692,47.8715],[-122.5538,47.8736],[-122.5413,47.8715],[-122.5395,47.8895],[-122.5262,47.8861],[-122.5173,47.8881],[-122.5233,47.8994],[-122.5253,47.9123],[-122.5219,47.9145]]]},"properties":{"ZCTA5CE10":"98340"}},{"type":"Feature","geometry":{"type":"Polygon","coordinates":[[[-121.0632,45.8251],[-121.0611,45.8217],[-121.0466,45.8199],[-121.0308,45.8211],[-121.0309,45.8033],[-120.9899,45.8034],[-120.9895,45.7817],[-120.9267,45.7813],[-120.9262,45.7958],[-120.9376,45.7958],[-120.9475,45.8041],[-120.9466,45.8088],[-120.9285,45.8127],[-120.9093,45.8134],[-120.9058,45.7957],[-120.8848,45.7972],[-120.885,45.7551],[-120.8642,45.7553],[-120.8636,45.7589],[-120.8442,45.7589],[-120.8439,45.7375],[-120.8346,45.7413],[-120.8233,45.7371],[-120.823,45.7458],[-120.8162,45.7308],[-120.8231,45.7296],[-120.8228,45.7078],[-120.8437,45.7078],[-120.8543,45.7043],[-120.858,45.6968],[-120.8501,45.6971],[-120.8436,45.6921],[-120.8835,45.6765],[-120.9083,45.6696],[-120.9318,45.6683],[-120.9318,45.6729],[-120.9426,45.6729],[-120.9425,45.6677],[-120.9396,45.6596],[-120.9278,45.6566],[-120.9071,45.6573],[-120.8949,45.6633],[-120.8855,45.6634],[-120.8857,45.65],[-120.8557,45.6715],[-120.7889,45.6862],[-120.7242,45.7064],[-120.6894,45.7158],[-120.6689,45.7301],[-120.635,45.7458],[-120.5912,45.7465],[-120.5595,45.7383],[-120.5533,45.7337],[-120.5483,45.7426],[-120.5339,45.735],[-120.5115,45.7167],[-120.4983,45.7312],[-120.4803,45.7379],[-120.4802,45.7584],[-120.5179,45.7584],[-120.5344,45.7601],[-120.5376,45.7779],[-120.5312,45.7826],[-120.521,45.8086],[-120.5032,45.8432],[-120.5123,45.886],[-120.4986,45.8963],[-120.4919,45.9042],[-120.4925,45.9121],[-120.4838,45.9145],[-120.4499,45.9363],[-120.4426,45.9433],[-120.4361,45.956],[-120.4316,45.9572],[-120.4353,45.9638],[-120.4478,45.9647],[-120.4512,45.9708],[-120.4695,45.9689],[-120.4821,45.9753],[-120.4797,45.9658],[-120.4902,45.9581],[-120.4901,45.9902],[-120.5162,45.9863],[-120.5403,45.9895],[-120.5789,45.9908],[-120.6108,45.995],[-120.6215,45.9876],[-120.6393,45.9828],[-120.6525,45.9846],[-120.6572,45.9886],[-120.6747,45.995],[-120.6971,45.9972],[-120.7039,45.9998],[-120.7391,46.0046],[-120.765,46.0017],[-120.7877,46.0049],[-120.8106,46.0109],[-120.8181,46.0088],[-120.8234,45.9941],[-120.8403,45.9976],[-120.8544,46.0141],[-120.8805,46.019],[-120.8873,46.0118],[-120.9008,46.0088],[-120.9031,46.0043],[-120.9155,46.008],[-120.9305,46.0034],[-120.9593,46.0048],[-120.9666,46.0018],[-120.979,46.0033],[-120.9865,45.9993],[-121.027,45.9923],[-121.0393,45.9968],[-121.0707,45.9898],[-121.083,45.9909],[-121.1259,45.987],[-121.1255,45.9789],[-121.1202,45.9752],[-121.1112,45.9777],[-121.1037,45.9746],[-121.1003,45.9665],[-121.1098,45.949],[-121.1092,45.9411],[-121.114,45.9357],[-121.1265,45.9417],[-121.1311,45.939],[-121.1276,45.9274],[-121.1132,45.9223],[-121.1062,45.9268],[-121.0882,45.9264],[-121.0923,45.914],[-121.0925,45.8918],[-121.0839,45.9002],[-121.0768,45.8965],[-121.0792,45.883],[-121.0718,45.8829],[-121.0718,45.8725],[-121.0668,45.8687],[-121.0508,45.8687],[-121.0517,45.8252],[-121.0632,45.8251]]]},"properties":{"ZCTA5CE10":"98620"}},{"type":"Feature","geometry":{"type":"Polygon","coordinates":[[[-121.3316,45.8119],[-121.3382,45.8111],[-121.3442,45.8011],[-121.3524,45.7986],[-121.3633,45.7891],[-121.3696,45.7875],[-121.37,45.7782],[-121.3782,45.759],[-121.3649,45.7403],[-121.3567,45.7333],[-121.35,45.7183],[-121.3513,45.7042],[-121.3378,45.7049],[-121.3122,45.6999],[-121.2873,45.687],[-121.2512,45.6784],[-121.2158,45.6712],[-121.1999,45.6479],[-121.1925,45.6487],[-121.1801,45.6393],[-121.1825,45.6459],[-121.1781,45.6603],[-121.1843,45.6676],[-121.1767,45.6704],[-121.1489,45.6635],[-121.1197,45.6796],[-121.0995,45.6882],[-121.093,45.6784],[-121.0991,45.6779],[-121.1101,45.6575],[-121.0929,45.6603],[-121.0931,45.6541],[-121.0809,45.6586],[-121.0743,45.6577],[-121.0515,45.6618],[-121.0516,45.6708],[-121.0517,45.6948],[-121.0723,45.6948],[-121.0724,45.7091],[-121.093,45.7092],[-121.0929,45.7237],[-121.0723,45.7203],[-121.0722,45.7237],[-121.0874,45.7237],[-121.0876,45.7383],[-121.0724,45.7419],[-121.0719,45.825],[-121.0632,45.8251],[-121.0827,45.8269],[-121.0949,45.8224],[-121.1136,45.8252],[-121.1168,45.819],[-121.1327,45.8206],[-121.1405,45.8182],[-121.1488,45.8204],[-121.1504,45.8151],[-121.1678,45.8132],[-121.1748,45.8099],[-121.1753,45.8216],[-121.1753,45.8109],[-121.1963,45.8113],[-121.1992,45.8005],[-121.2144,45.808],[-121.228,45.8045],[-121.2367,45.8107],[-121.2704,45.8044],[-121.2703,45.812],[-121.3037,45.8118],[-121.3007,45.7986],[-121.3352,45.7922],[-121.3316,45.8119]]]},"properties":{"ZCTA5CE10":"98635"}},{"type":"Feature","geometry":{"type":"Polygon","coordinates":[[[-121.1091,45.898],[-121.195,45.8984],[-121.1963,45.8995],[-121.1964,45.8404],[-121.1858,45.8404],[-121.1858,45.8259],[-121.1753,45.823],[-121.1753,45.8257],[-121.1545,45.8245],[-121.1393,45.8196],[-121.1306,45.821],[-121.1204,45.8197],[-121.117,45.826],[-121.1059,45.8248],[-121.0824,45.8325],[-121.0794,45.8376],[-121.0658,45.8396],[-121.0657,45.8535],[-121.0947,45.864],[-121.1041,45.8796],[-121.1141,45.8841],[-121.1142,45.8948],[-121.1091,45.898]]]},"properties":{"ZCTA5CE10":"98670"}},{"type":"Feature","geometry":{"type":"Polygon","coordinates":[[[-121.6086,45.8426],[-121.5996,45.836],[-121.5849,45.8354],[-121.5751,45.8448],[-121.5832,45.8491],[-121.589,45.8575],[-121.5968,45.8619],[-121.5928,45.8771],[-121.5857,45.8777],[-121.5836,45.8869],[-121.5753,45.8914],[-121.5802,45.9061],[-121.5771,45.9166],[-121.5904,45.9186],[-121.5994,45.9245],[-121.5855,45.9306],[-121.578,45.9279],[-121.5671,45.9295],[-121.5622,45.9267],[-121.5645,45.92],[-121.5431,45.9242],[-121.5329,45.9294],[-121.5291,45.9273],[-121.5375,45.9062],[-121.5267,45.903],[-121.508,45.9036],[-121.5028,45.9102],[-121.4772,45.9045],[-121.4595,45.9049],[-121.4535,45.9168],[-121.4485,45.9286],[-121.4525,45.9521],[-121.4456,45.9615],[-121.442,45.9826],[-121.4362,45.9919],[-121.4165,46.0128],[-121.4255,46.0445],[-121.5696,46.0436],[-121.6125,46.0438],[-121.612,46.0036],[-121.6127,45.9626],[-121.6126,45.8703],[-121.6085,45.8703],[-121.6086,45.8582],[-121.6086,45.8426]]]},"properties":{"ZCTA5CE10":"98650"}},{"type":"Feature","geometry":{"type":"Polygon","coordinates":[[[-121.8508,46.7292],[-121.845,46.7261],[-121.8318,46.7274],[-121.8138,46.7095],[-121.8114,46.7025],[-121.8009,46.691],[-121.7847,46.6849],[-121.7674,46.6814],[-121.7245,46.6608],[-121.7183,46.6448],[-121.7113,46.6379],[-121.7139,46.6314],[-121.7228,46.6321],[-121.7252,46.6206],[-121.7328,46.6148],[-121.7225,46.6003],[-121.7248,46.5887],[-121.7331,46.5805],[-121.7276,46.5764],[-121.7251,46.5662],[-121.7117,46.5697],[-121.702,46.5823],[-121.6938,46.5843],[-121.6978,46.5894],[-121.6934,46.6002],[-121.687,46.5888],[-121.6756,46.5861],[-121.664,46.5892],[-121.6706,46.5801],[-121.6823,46.575],[-121.6961,46.5732],[-121.7116,46.5675],[-121.7222,46.5562],[-121.7355,46.5526],[-121.7738,46.5304],[-121.7801,46.5303],[-121.8003,46.5181],[-121.8013,46.4804],[-121.8086,46.4805],[-121.8084,46.4461],[-121.79,46.4509],[-121.7632,46.4333],[-121.7605,46.4251],[-121.7497,46.4191],[-121.7312,46.3967],[-121.7314,46.3881],[-121.5951,46.3881],[-121.458,46.3885],[-121.4027,46.388],[-121.3939,46.3898],[-121.3866,46.4106],[-121.3968,46.4225],[-121.4078,46.4309],[-121.408,46.4388],[-121.4146,46.4514],[-121.412,46.4595],[-121.4254,46.4641],[-121.4359,46.4759],[-121.4351,46.4822],[-121.4232,46.4927],[-121.43,46.4984],[-121.4487,46.5026],[-121.4558,46.5147],[-121.4512,46.5335],[-121.4283,46.5397],[-121.4167,46.5468],[-121.4203,46.5519],[-121.4129,46.5585],[-121.4244,46.5698],[-121.4124,46.5786],[-121.4067,46.5814],[-121.4017,46.5932],[-121.4078,46.6009],[-121.4006,46.6102],[-121.3882,46.6169],[-121.3896,46.627],[-121.3865,46.6349],[-121.3987,46.6412],[-121.3947,46.6457],[-121.413,46.6483],[-121.4172,46.6554],[-121.4115,46.6654],[-121.4136,46.6753],[-121.3991,46.6877],[-121.3762,46.6859],[-121.3736,46.6907],[-121.3795,46.7025],[-121.3574,46.7125],[-121.3523,46.7124],[-121.3681,46.7261],[-121.3816,46.7288],[-121.4064,46.7273],[-121.4121,46.7356],[-121.4296,46.7395],[-121.4311,46.7429],[-121.4236,46.7532],[-121.4251,46.7578],[-121.4419,46.7578],[-121.4389,46.7628],[-121.4469,46.7682],[-121.4564,46.7837],[-121.6214,46.7836],[-121.6262,46.7839],[-121.7589,46.7837],[-121.7878,46.7699],[-121.7909,46.7642],[-121.8053,46.7564],[-121.8038,46.7513],[-121.8181,46.7468],[-121.8326,46.7297],[-121.8508,46.7292]]]},"properties":{"ZCTA5CE10":"98361"}},{"type":"Feature","geometry":{"type":"Polygon","coordinates":[[[-123.068,46.5195],[-123.0815,46.5258],[-123.0852,46.5181],[-123.0992,46.5263],[-123.103,46.5401],[-123.097,46.5405],[-123.117,46.5682],[-123.1201,46.5795],[-123.1344,46.573],[-123.1856,46.5935],[-123.1985,46.5958],[-123.2041,46.6035],[-123.2052,46.6201],[-123.2412,46.6193],[-123.2418,46.5913],[-123.2206,46.5913],[-123.2215,46.5777],[-123.2198,46.5579],[-123.2126,46.5487],[-123.2018,46.5476],[-123.2,46.539],[-123.181,46.539],[-123.1598,46.5281],[-123.144,46.5297],[-123.1396,46.5464],[-123.1319,46.5463],[-123.1279,46.54],[-123.1338,46.5344],[-123.1326,46.5278],[-123.1424,46.5212],[-123.1403,46.5052],[-123.1597,46.5156],[-123.1702,46.5168],[-123.1732,46.5317],[-123.1886,46.5363],[-123.1956,46.5318],[-123.2039,46.535],[-123.219,46.5318],[-123.2191,46.5168],[-123.2386,46.5171],[-123.2387,46.474],[-123.2416,46.4462],[-123.2414,46.4117],[-123.2393,46.3848],[-123.1389,46.3869],[-123.0913,46.3879],[-123.0468,46.388],[-123.0393,46.3942],[-123.0457,46.3988],[-123.0471,46.4102],[-123.0622,46.4095],[-123.0701,46.4048],[-123.0793,46.4062],[-123.0806,46.4169],[-123.0517,46.416],[-123.0524,46.4312],[-123.0526,46.4744],[-123.0433,46.4745],[-123.0283,46.4794],[-123.031,46.4832],[-123.0484,46.4846],[-123.0632,46.508],[-123.068,46.5195]]]},"properties":{"ZCTA5CE10":"98538"}},{"type":"Feature","geometry":{"type":"Polygon","coordinates":[[[-117.1755,48.3974],[-117.1762,48.3779],[-117.1748,48.3099],[-117.1984,48.3098],[-117.198,48.2961],[-117.2271,48.2958],[-117.2298,48.2888],[-117.2272,48.2708],[-117.2323,48.2693],[-117.2455,48.2853],[-117.2509,48.2958],[-117.2556,48.2957],[-117.2516,48.2751],[-117.2328,48.2449],[-117.2412,48.2498],[-117.2517,48.2486],[-117.252,48.214],[-117.2635,48.2142],[-117.2636,48.2104],[-117.2902,48.2104],[-117.2934,48.2014],[-117.3019,48.1979],[-117.3178,48.2145],[-117.3478,48.241],[-117.3515,48.2337],[-117.3727,48.2447],[-117.3776,48.2443],[-117.3873,48.2547],[-117.4174,48.2577],[-117.4209,48.2604],[-117.4272,48.2525],[-117.4452,48.2387],[-117.4636,48.23],[-117.4651,48.2252],[-117.4859,48.2216],[-117.5021,48.2091],[-117.5022,48.2004],[-117.5022,48.1947],[-117.4375,48.1945],[-117.4375,48.1383],[-117.4177,48.1299],[-117.4185,48.1181],[-117.4097,48.112],[-117.4119,48.0881],[-117.4055,48.0752],[-117.3495,48.0752],[-117.3496,48.0607],[-117.3449,48.0607],[-117.3408,48.0726],[-117.3237,48.0808],[-117.3256,48.0875],[-117.3098,48.0832],[-117.3062,48.0895],[-117.2625,48.0896],[-117.2625,48.0824],[-117.2408,48.0823],[-117.2409,48.0699],[-117.2308,48.075],[-117.2082,48.0751],[-117.2081,48.0822],[-117.1753,48.0823],[-117.1757,48.0603],[-117.1973,48.0603],[-117.1972,48.0459],[-117.1868,48.0458],[-117.1868,48.0313],[-117.176,48.0295],[-117.1762,48.0164],[-117.1452,48.0163],[-117.1451,48.0022],[-117.1341,48.0024],[-117.1345,47.9733],[-117.1238,47.9733],[-117.1239,47.9588],[-117.1076,47.9589],[-117.0423,47.9584],[-117.0411,48.1249],[-117.0386,48.2079],[-117.0351,48.3852],[-117.0353,48.4382],[-117.0493,48.4271],[-117.06,48.4246],[-117.0829,48.4126],[-117.1041,48.415],[-117.1079,48.4019],[-117.1141,48.4093],[-117.1298,48.4096],[-117.1363,48.3966],[-117.1445,48.3964],[-117.1582,48.401],[-117.1669,48.3959],[-117.1755,48.3974]]]},"properties":{"ZCTA5CE10":"99156"}},{"type":"Feature","geometry":{"type":"Polygon","coordinates":[[[-122.5053,47.2429],[-122.5008,47.2138],[-122.5052,47.2138],[-122.5027,47.2087],[-122.5052,47.1943],[-122.5049,47.1847],[-122.4638,47.1847],[-122.4612,47.2041],[-122.4626,47.2147],[-122.4614,47.2301],[-122.4409,47.2314],[-122.4436,47.236],[-122.4639,47.2334],[-122.4678,47.2353],[-122.4956,47.2348],[-122.5052,47.2436],[-122.5053,47.2429]]]},"properties":{"ZCTA5CE10":"98409"}},{"type":"Feature","geometry":{"type":"Polygon","coordinates":[[[-122.4638,47.1847],[-122.4725,47.1702],[-122.4667,47.165],[-122.468,47.1542],[-122.4697,47.1443],[-122.4638,47.1387],[-122.4692,47.1323],[-122.4557,47.1256],[-122.4349,47.1195],[-122.4348,47.116],[-122.429,47.1273],[-122.4319,47.1315],[-122.4314,47.1809],[-122.458,47.181],[-122.4638,47.1847]],[[-122.4425,47.1434],[-122.4478,47.1441],[-122.444,47.1457],[-122.4425,47.1434]]]},"properties":{"ZCTA5CE10":"98444"}},{"type":"Feature","geometry":{"type":"Polygon","coordinates":[[[-122.4314,47.1809],[-122.3891,47.1809],[-122.3945,47.1886],[-122.3891,47.199],[-122.3891,47.2281],[-122.3921,47.2361],[-122.3997,47.241],[-122.4171,47.2384],[-122.4312,47.2334],[-122.4313,47.2152],[-122.4314,47.1809]]]},"properties":{"ZCTA5CE10":"98404"}},{"type":"Feature","geometry":{"type":"Polygon","coordinates":[[[-122.2262,47.1403],[-122.2201,47.1464],[-122.2201,47.1172],[-122.2128,47.1084],[-122.1919,47.0979],[-122.1899,47.0906],[-122.1752,47.0889],[-122.1562,47.1002],[-122.1528,47.1074],[-122.1339,47.1199],[-122.1341,47.1353],[-122.1232,47.1385],[-122.1239,47.1522],[-122.1305,47.1514],[-122.1443,47.1582],[-122.1287,47.1656],[-122.1174,47.1651],[-122.1185,47.1689],[-122.1442,47.1687],[-122.1326,47.1732],[-122.1441,47.1774],[-122.1441,47.1911],[-122.1405,47.1969],[-122.1321,47.1962],[-122.1349,47.2184],[-122.1409,47.2211],[-122.1157,47.2208],[-122.1144,47.2282],[-122.1254,47.2321],[-122.1258,47.241],[-122.1377,47.2468],[-122.1353,47.2529],[-122.144,47.2573],[-122.2084,47.2575],[-122.2084,47.2537],[-122.1869,47.2541],[-122.1899,47.2469],[-122.2054,47.2466],[-122.2081,47.2389],[-122.2189,47.2382],[-122.2189,47.2172],[-122.2137,47.2172],[-122.2096,47.2064],[-122.2029,47.2064],[-122.2032,47.1977],[-122.1975,47.1842],[-122.1976,47.1621],[-122.2111,47.1562],[-122.2154,47.1697],[-122.2132,47.1565],[-122.221,47.1551],[-122.2262,47.1403]]]},"properties":{"ZCTA5CE10":"98391"}},{"type":"Feature","geometry":{"type":"Polygon","coordinates":[[[-122.4348,47.116],[-122.4304,47.1103],[-122.4,47.1078],[-122.4003,47.0823],[-122.3887,47.0821],[-122.3918,47.0891],[-122.3892,47.0968],[-122.3893,47.1276],[-122.3938,47.1294],[-122.3959,47.1404],[-122.3905,47.1415],[-122.3936,47.1736],[-122.3891,47.1809],[-122.4314,47.1809],[-122.4319,47.1315],[-122.429,47.1273],[-122.4348,47.116]]]},"properties":{"ZCTA5CE10":"98445"}},{"type":"Feature","geometry":{"type":"Polygon","coordinates":[[[-122.3921,47.2361],[-122.3891,47.2281],[-122.3891,47.199],[-122.3945,47.1886],[-122.3891,47.1809],[-122.3572,47.1809],[-122.3593,47.2101],[-122.3576,47.2173],[-122.3417,47.2139],[-122.3564,47.2221],[-122.3921,47.2361]]]},"properties":{"ZCTA5CE10":"98443"}},{"type":"Feature","geometry":{"type":"Polygon","coordinates":[[[-122.3999,46.9622],[-122.3998,46.9544],[-122.3874,46.9442],[-122.3861,46.9387],[-122.3786,46.9368],[-122.381,46.9295],[-122.3821,46.9071],[-122.3793,46.9015],[-122.3871,46.8981],[-122.4114,46.8926],[-122.4108,46.8666],[-122.4209,46.8644],[-122.4214,46.8497],[-122.401,46.8441],[-122.3887,46.8451],[-122.3793,46.8394],[-122.3742,46.8448],[-122.3495,46.8375],[-122.3386,46.8379],[-122.3282,46.8444],[-122.3251,46.8305],[-122.3038,46.8286],[-122.3021,46.8091],[-122.3128,46.7969],[-122.3086,46.7894],[-122.2959,46.7852],[-122.2839,46.7737],[-122.2788,46.7763],[-122.2698,46.7669],[-122.2624,46.7653],[-122.2602,46.7719],[-122.2507,46.7713],[-122.2406,46.7759],[-122.2267,46.7688],[-122.209,46.7689],[-122.2027,46.7626],[-122.1922,46.7623],[-122.1985,46.7712],[-122.2166,46.784],[-122.2178,46.7879],[-122.1847,46.7806],[-122.1824,46.7877],[-122.1723,46.797],[-122.1628,46.7968],[-122.1657,46.8058],[-122.1505,46.7957],[-122.1465,46.7984],[-122.1565,46.8124],[-122.176,46.8207],[-122.1715,46.8208],[-122.1714,46.8393],[-122.1489,46.8434],[-122.1403,46.8394],[-122.1387,46.8208],[-122.1288,46.8209],[-122.1286,46.8353],[-122.1145,46.8353],[-122.1115,46.8226],[-122.1004,46.8134],[-122.0685,46.7966],[-122.0453,46.7989],[-122.045,46.764],[-121.9627,46.7649],[-121.9477,46.7626],[-121.9423,46.7645],[-121.9183,46.7644],[-121.9173,46.8581],[-121.9295,46.8618],[-121.9589,46.8649],[-121.9618,46.8692],[-121.995,46.8794],[-122.0038,46.8835],[-122.0192,46.8953],[-122.0252,46.8965],[-122.0396,46.906],[-122.0531,46.9183],[-122.061,46.9326],[-122.0659,46.9507],[-122.0749,46.9576],[-122.0844,46.9553],[-122.093,46.9637],[-122.1036,46.9637],[-122.1034,46.9338],[-122.1215,46.9386],[-122.1356,46.9369],[-122.1537,46.9419],[-122.1709,46.9372],[-122.1922,46.9452],[-122.2274,46.9408],[-122.2349,46.9332],[-122.2414,46.9389],[-122.2586,46.926],[-122.2522,46.9431],[-122.2386,46.9485],[-122.2359,46.954],[-122.2545,46.954],[-122.2549,46.9606],[-122.2976,46.9607],[-122.298,46.9801],[-122.3268,46.9802],[-122.3287,46.9727],[-122.3331,46.9802],[-122.3579,46.9802],[-122.3636,46.9724],[-122.3752,46.9725],[-122.3859,46.9657],[-122.3999,46.9622]]]},"properties":{"ZCTA5CE10":"98328"}},{"type":"Feature","geometry":{"type":"Polygon","coordinates":[[[-122.4841,47.2646],[-122.4841,47.2599],[-122.4779,47.2599],[-122.4841,47.2646]]]},"properties":{"ZCTA5CE10":"98416"}},{"type":"Feature","geometry":{"type":"Polygon","coordinates":[[[-122.8065,47.3435],[-122.7865,47.3422],[-122.7945,47.32],[-122.7928,47.3073],[-122.7885,47.2998],[-122.7939,47.2927],[-122.7909,47.2866],[-122.7823,47.2862],[-122.7642,47.2952],[-122.7689,47.2988],[-122.7532,47.3095],[-122.7529,47.3183],[-122.7599,47.3153],[-122.7582,47.3358],[-122.7633,47.3441],[-122.7747,47.3427],[-122.7746,47.349],[-122.7904,47.3491],[-122.793,47.3605],[-122.802,47.3588],[-122.8045,47.3535],[-122.8065,47.3435]]]},"properties":{"ZCTA5CE10":"98394"}},{"type":"Feature","geometry":{"type":"Polygon","coordinates":[[[-122.958,48.6319],[-122.9448,48.6308],[-122.9445,48.618],[-122.9291,48.6162],[-122.9227,48.6238],[-122.9159,48.6148],[-122.8887,48.6184],[-122.8814,48.6256],[-122.8637,48.6131],[-122.8652,48.6013],[-122.8763,48.5935],[-122.8763,48.5847],[-122.8424,48.5854],[-122.8475,48.6094],[-122.8551,48.6202],[-122.8874,48.649],[-122.8992,48.667],[-122.883,48.6667],[-122.8819,48.6538],[-122.8739,48.6435],[-122.8672,48.6469],[-122.8525,48.6276],[-122.8517,48.6318],[-122.8664,48.6507],[-122.8655,48.6582],[-122.856,48.6569],[-122.8474,48.6491],[-122.836,48.645],[-122.8204,48.6524],[-122.8322,48.6543],[-122.8379,48.6665],[-122.8247,48.6667],[-122.8245,48.6811],[-122.7895,48.6814],[-122.804,48.6898],[-122.8347,48.7036],[-122.8666,48.7104],[-122.8716,48.715],[-122.8867,48.7183],[-122.9233,48.7168],[-122.9397,48.7134],[-122.9545,48.7142],[-122.9482,48.7039],[-122.9568,48.696],[-122.9676,48.6919],[-122.9693,48.6859],[-122.9855,48.6801],[-122.9919,48.6722],[-123.0016,48.6671],[-123.0059,48.6573],[-122.9935,48.6327],[-122.9856,48.6297],[-122.9727,48.6336],[-122.9683,48.6288],[-122.958,48.6319]]]},"properties":{"ZCTA5CE10":"98245"}},{"type":"Feature","geometry":{"type":"Polygon","coordinates":[[[-122.192,48.428],[-122.1914,48.3836],[-122.2086,48.3994],[-122.2108,48.4053],[-122.2205,48.4091],[-122.227,48.4041],[-122.2386,48.408],[-122.257,48.4281],[-122.2663,48.4299],[-122.2699,48.4208],[-122.3349,48.4211],[-122.3317,48.4147],[-122.3307,48.3869],[-122.3356,48.3761],[-122.336,48.3441],[-122.3335,48.3318],[-122.3219,48.3127],[-122.3034,48.2976],[-122.2039,48.2973],[-122.1263,48.298],[-122.0013,48.2975],[-121.9356,48.2977],[-121.9366,48.3019],[-121.9532,48.3095],[-121.9579,48.3179],[-121.9661,48.3202],[-121.9654,48.4],[-122.0135,48.427],[-122.0948,48.427],[-122.1169,48.4276],[-122.192,48.428]]]},"properties":{"ZCTA5CE10":"98274"}},{"type":"Feature","geometry":{"type":"Polygon","coordinates":[[[-122.2341,48.4607],[-122.2326,48.4609],[-122.2344,48.4642],[-122.2341,48.4607]]]},"properties":{"ZCTA5CE10":"98235"}},{"type":"Feature","geometry":{"type":"Polygon","coordinates":[[[-122.2528,47.8769],[-122.2644,47.8787],[-122.2752,47.8732],[-122.2782,47.8832],[-122.2839,47.8884],[-122.28,47.8827],[-122.2932,47.8751],[-122.2984,47.8643],[-122.2962,47.8473],[-122.288,47.851],[-122.275,47.8465],[-122.2742,47.85],[-122.2359,47.8494],[-122.228,47.8638],[-122.2317,47.8696],[-122.244,47.8724],[-122.2393,47.8778],[-122.2443,47.8724],[-122.2528,47.8769]]]},"properties":{"ZCTA5CE10":"98087"}},{"type":"Feature","geometry":{"type":"Polygon","coordinates":[[[-122.3273,47.7777],[-122.287,47.7772],[-122.287,47.7909],[-122.2815,47.7936],[-122.287,47.8069],[-122.3171,47.8067],[-122.3301,47.7996],[-122.3334,47.7853],[-122.3273,47.7777]]]},"properties":{"ZCTA5CE10":"98043"}},{"type":"Feature","geometry":{"type":"Polygon","coordinates":[[[-122.2528,47.8769],[-122.2443,47.8724],[-122.2393,47.8778],[-122.2302,47.8853],[-122.2363,47.8892],[-122.2335,47.8955],[-122.2358,47.9136],[-122.228,47.9219],[-122.2337,47.9234],[-122.2607,47.9225],[-122.2901,47.9236],[-122.2927,47.9184],[-122.2928,47.9018],[-122.2839,47.8884],[-122.2782,47.8832],[-122.2752,47.8732],[-122.2644,47.8787],[-122.2528,47.8769]]]},"properties":{"ZCTA5CE10":"98204"}},{"type":"Feature","geometry":{"type":"Polygon","coordinates":[[[-122.2962,47.8473],[-122.3191,47.8543],[-122.3305,47.8484],[-122.3197,47.8447],[-122.3324,47.8303],[-122.3318,47.8286],[-122.2711,47.8281],[-122.2646,47.8315],[-122.2539,47.8257],[-122.2432,47.829],[-122.2465,47.841],[-122.2356,47.8436],[-122.2359,47.8494],[-122.2742,47.85],[-122.275,47.8465],[-122.288,47.851],[-122.2962,47.8473]]]},"properties":{"ZCTA5CE10":"98037"}},{"type":"Feature","geometry":{"type":"Polygon","coordinates":[[[-117.3053,47.318],[-117.3263,47.3272],[-117.3262,47.3314],[-117.3438,47.3255],[-117.3446,47.3324],[-117.3373,47.35],[-117.3373,47.3618],[-117.366,47.3618],[-117.3846,47.3751],[-117.3924,47.3909],[-117.4126,47.3909],[-117.4126,47.3763],[-117.4352,47.3762],[-117.4454,47.3658],[-117.4564,47.3688],[-117.4563,47.3613],[-117.4778,47.3614],[-117.4779,47.3398],[-117.4924,47.3398],[-117.4833,47.3154],[-117.4937,47.3082],[-117.4924,47.3039],[-117.508,47.3069],[-117.5125,47.2961],[-117.5342,47.2961],[-117.5414,47.2881],[-117.5518,47.2881],[-117.5696,47.2724],[-117.573,47.2598],[-117.596,47.2355],[-117.5856,47.2363],[-117.5783,47.2281],[-117.5599,47.2212],[-117.5579,47.2088],[-117.5347,47.1925],[-117.5209,47.179],[-117.5033,47.1549],[-117.4868,47.1579],[-117.4611,47.1499],[-117.4377,47.1462],[-117.4085,47.1308],[-117.401,47.1301],[-117.3988,47.1375],[-117.3646,47.1376],[-117.3461,47.1375],[-117.3433,47.1269],[-117.3149,47.1273],[-117.3101,47.1409],[-117.3113,47.1487],[-117.3007,47.154],[-117.3015,47.1669],[-117.2885,47.1675],[-117.2685,47.162],[-117.2682,47.1669],[-117.2576,47.1678],[-117.2578,47.186],[-117.2686,47.1888],[-117.2688,47.2126],[-117.2491,47.2159],[-117.254,47.2259],[-117.2527,47.2331],[-117.2366,47.2331],[-117.2366,47.2404],[-117.2097,47.2405],[-117.2044,47.2479],[-117.2044,47.2596],[-117.2899,47.2597],[-117.2826,47.2672],[-117.2828,47.2791],[-117.2684,47.289],[-117.2524,47.3035],[-117.2802,47.3035],[-117.2808,47.3157],[-117.3023,47.3149],[-117.3053,47.318]],[[-117.4697,47.2022],[-117.4679,47.208],[-117.4731,47.2251],[-117.4859,47.2281],[-117.4783,47.2363],[-117.4652,47.2363],[-117.4516,47.2273],[-117.4511,47.2],[-117.4653,47.1933],[-117.4697,47.2022]]]},"properties":{"ZCTA5CE10":"99170"}},{"type":"Feature","geometry":{"type":"Polygon","coordinates":[[[-117.4524,47.6802],[-117.4492,47.6729],[-117.4598,47.674],[-117.4629,47.6661],[-117.4547,47.6628],[-117.4616,47.6575],[-117.4439,47.6496],[-117.4295,47.6525],[-117.4113,47.6526],[-117.4111,47.6718],[-117.4128,47.6728],[-117.4173,47.6713],[-117.4427,47.6722],[-117.4524,47.6802]]]},"properties":{"ZCTA5CE10":"99201"}},{"type":"Feature","geometry":{"type":"Polygon","coordinates":[[[-117.0399,47.1818],[-117.0399,47.3105],[-117.0562,47.3069],[-117.0563,47.3032],[-117.0776,47.3034],[-117.078,47.2741],[-117.0883,47.2741],[-117.0886,47.2595],[-117.1721,47.2596],[-117.1719,47.237],[-117.1829,47.2297],[-117.1612,47.2182],[-117.1825,47.2052],[-117.1852,47.1968],[-117.1718,47.1967],[-117.1717,47.182],[-117.1613,47.1852],[-117.1407,47.1963],[-117.1288,47.1959],[-117.1285,47.1812],[-117.0856,47.182],[-117.0858,47.204],[-117.0688,47.2038],[-117.069,47.1853],[-117.0652,47.1818],[-117.0399,47.1818]]]},"properties":{"ZCTA5CE10":"99033"}},{"type":"Feature","geometry":{"type":"Polygon","coordinates":[[[-117.7361,48.0617],[-117.7298,48.0658],[-117.7242,48.0619],[-117.703,48.0671],[-117.6827,48.0641],[-117.6916,48.0795],[-117.6751,48.0758],[-117.6758,48.0703],[-117.6625,48.0665],[-117.6627,48.0927],[-117.6358,48.0925],[-117.6561,48.1357],[-117.6448,48.1357],[-117.6451,48.1451],[-117.631,48.1452],[-117.6182,48.1554],[-117.6071,48.1695],[-117.6155,48.1787],[-117.6245,48.1779],[-117.6308,48.1716],[-117.6473,48.1704],[-117.6574,48.162],[-117.6611,48.176],[-117.6601,48.1922],[-117.6725,48.1945],[-117.6701,48.1803],[-117.681,48.1793],[-117.6928,48.1983],[-117.6936,48.2083],[-117.7154,48.2082],[-117.7154,48.2211],[-117.7267,48.218],[-117.745,48.2031],[-117.7622,48.2022],[-117.7858,48.2116],[-117.7954,48.2182],[-117.8073,48.2167],[-117.8076,48.212],[-117.8181,48.2081],[-117.8613,48.2068],[-117.8817,48.1916],[-117.8889,48.1914],[-117.8942,48.185],[-117.8968,48.1721],[-117.914,48.1635],[-117.9093,48.1514],[-117.9094,48.1427],[-117.8912,48.1295],[-117.8943,48.1257],[-117.9072,48.1236],[-117.9078,48.1137],[-117.9294,48.1087],[-117.9292,48.106],[-117.9004,48.1062],[-117.8789,48.0688],[-117.8683,48.0667],[-117.8708,48.0737],[-117.8622,48.087],[-117.8522,48.09],[-117.8603,48.0938],[-117.8597,48.1032],[-117.839,48.1039],[-117.8266,48.1071],[-117.8169,48.0967],[-117.8029,48.0965],[-117.7888,48.0877],[-117.7842,48.0926],[-117.7578,48.0924],[-117.7578,48.1043],[-117.7516,48.1069],[-117.7558,48.0954],[-117.7474,48.0823],[-117.7471,48.0705],[-117.7361,48.0617]]]},"properties":{"ZCTA5CE10":"99181"}},{"type":"Feature","geometry":{"type":"Polygon","coordinates":[[[-117.7361,48.0617],[-117.7471,48.0705],[-117.7474,48.0823],[-117.7558,48.0954],[-117.7516,48.1069],[-117.7578,48.1043],[-117.7578,48.0924],[-117.7842,48.0926],[-117.7888,48.0877],[-117.8029,48.0965],[-117.8169,48.0967],[-117.8266,48.1071],[-117.839,48.1039],[-117.8597,48.1032],[-117.8603,48.0938],[-117.8522,48.09],[-117.8622,48.087],[-117.8708,48.0737],[-117.8683,48.0667],[-117.8789,48.0688],[-117.9004,48.1062],[-117.9292,48.106],[-117.9294,48.1087],[-117.9515,48.1131],[-117.9606,48.1125],[-117.9813,48.1197],[-117.9852,48.1304],[-117.9947,48.1292],[-118.0019,48.1228],[-118.0103,48.1229],[-118.0145,48.1159],[-118.0267,48.113],[-118.0306,48.1037],[-118.0214,48.0907],[-118.0149,48.0876],[-118.0197,48.0694],[-118.0294,48.0568],[-118.0465,48.05],[-118.0643,48.0471],[-118.0684,48.0382],[-118.0785,48.0344],[-118.0856,48.0275],[-118.1088,48.028],[-118.1053,48.0021],[-118.0804,48.002],[-118.0041,48.0019],[-118.0011,48.0026],[-117.9229,48.0024],[-117.8716,48.0019],[-117.7314,48.0018],[-117.727,47.9949],[-117.7387,47.9904],[-117.7546,47.9929],[-117.7606,47.975],[-117.7753,47.966],[-117.7808,47.9502],[-117.7853,47.9458],[-117.7776,47.9408],[-117.7665,47.9432],[-117.7587,47.9527],[-117.7454,47.9524],[-117.7184,47.9419],[-117.7146,47.9342],[-117.7023,47.9332],[-117.7013,47.9449],[-117.6828,47.9472],[-117.6495,47.9467],[-117.6492,47.9613],[-117.672,47.9615],[-117.6713,48.0043],[-117.6302,48.0046],[-117.6291,48.0191],[-117.6926,48.0192],[-117.693,48.0557],[-117.6827,48.0558],[-117.6826,48.0626],[-117.7005,48.0608],[-117.7095,48.0546],[-117.7234,48.0605],[-117.7413,48.0567],[-117.7361,48.0617]]]},"properties":{"ZCTA5CE10":"99173"}},{"type":"Feature","geometry":{"type":"Polygon","coordinates":[[[-117.7146,47.9342],[-117.7184,47.9419],[-117.7454,47.9524],[-117.7587,47.9527],[-117.7665,47.9432],[-117.7586,47.9455],[-117.741,47.9395],[-117.7447,47.9269],[-117.7614,47.921],[-117.7689,47.9228],[-117.7718,47.9114],[-117.7693,47.9056],[-117.7777,47.8874],[-117.7792,47.8789],[-117.7887,47.875],[-117.7912,47.8678],[-117.7807,47.8536],[-117.7894,47.8538],[-117.7928,47.8588],[-117.8001,47.8549],[-117.7995,47.8456],[-117.7732,47.8459],[-117.7609,47.8385],[-117.7447,47.8402],[-117.7186,47.8493],[-117.7118,47.8577],[-117.7,47.8606],[-117.7026,47.8637],[-117.6981,47.8748],[-117.7086,47.8748],[-117.735,47.875],[-117.7354,47.9191],[-117.7147,47.9182],[-117.7146,47.9342]]]},"properties":{"ZCTA5CE10":"99034"}},{"type":"Feature","geometry":{"type":"Polygon","coordinates":[[[-122.9095,47.0595],[-122.9012,47.0625],[-122.8941,47.0446],[-122.8591,47.0463],[-122.8519,47.0414],[-122.8392,47.0454],[-122.8337,47.0458],[-122.8337,47.0885],[-122.8221,47.0906],[-122.8289,47.0948],[-122.8315,47.115],[-122.8384,47.1207],[-122.8428,47.1309],[-122.8368,47.1365],[-122.8404,47.1453],[-122.8344,47.1513],[-122.8366,47.1602],[-122.8366,47.1876],[-122.8573,47.1687],[-122.8817,47.1563],[-122.8911,47.1577],[-122.9057,47.1556],[-122.9131,47.1443],[-122.9157,47.1339],[-122.9163,47.0819],[-122.9095,47.0595]]]},"properties":{"ZCTA5CE10":"98506"}},{"type":"Feature","geometry":{"type":"Polygon","coordinates":[[[-123.5299,46.3133],[-123.5193,46.313],[-123.4914,46.2968],[-123.4986,46.2888],[-123.5205,46.287],[-123.531,46.2893],[-123.5381,46.2845],[-123.5392,46.2766],[-123.5556,46.2701],[-123.5523,46.2586],[-123.5381,46.2606],[-123.5012,46.271],[-123.4796,46.2691],[-123.4687,46.2645],[-123.4476,46.2498],[-123.4364,46.2382],[-123.4223,46.2392],[-123.4228,46.2788],[-123.4082,46.2787],[-123.3973,46.2743],[-123.3767,46.2746],[-123.3661,46.2832],[-123.3574,46.2827],[-123.3516,46.2883],[-123.3401,46.292],[-123.3344,46.2961],[-123.3251,46.2946],[-123.3305,46.3049],[-123.3269,46.3222],[-123.3338,46.328],[-123.3233,46.3279],[-123.3279,46.3317],[-123.3195,46.3422],[-123.3286,46.3517],[-123.3199,46.3469],[-123.3201,46.3684],[-123.3378,46.3682],[-123.3465,46.3646],[-123.3543,46.3569],[-123.3521,46.346],[-123.3579,46.339],[-123.367,46.3463],[-123.3673,46.3509],[-123.3814,46.3469],[-123.3735,46.3556],[-123.3855,46.3621],[-123.4086,46.3647],[-123.426,46.3607],[-123.4396,46.3696],[-123.4549,46.373],[-123.4603,46.3837],[-123.515,46.3836],[-123.523,46.378],[-123.523,46.3475],[-123.5151,46.3454],[-123.5115,46.3394],[-123.5139,46.3317],[-123.5298,46.3211],[-123.5299,46.3133]]]},"properties":{"ZCTA5CE10":"98647"}},{"type":"Feature","geometry":{"type":"Polygon","coordinates":[[[-122.4426,48.8698],[-122.4425,48.8918],[-122.4321,48.9014],[-122.4191,48.9064],[-122.3974,48.9061],[-122.3976,48.9098],[-122.3863,48.9098],[-122.3839,48.9215],[-122.3788,48.9227],[-122.4083,48.9312],[-122.4075,48.9641],[-122.3744,48.9638],[-122.3742,48.9711],[-122.3659,48.971],[-122.3607,48.9637],[-122.3522,48.9636],[-122.3518,48.9818],[-122.331,48.982],[-122.33,49.0005],[-122.3391,49.0024],[-122.3763,49.0022],[-122.5507,49.0024],[-122.5521,48.9648],[-122.5464,48.9647],[-122.5467,48.95],[-122.574,48.95],[-122.5744,48.9353],[-122.5495,48.9353],[-122.5429,48.9284],[-122.5365,48.9353],[-122.5073,48.935],[-122.4973,48.9279],[-122.5076,48.9242],[-122.5244,48.924],[-122.5348,48.9123],[-122.5102,48.9108],[-122.509,48.9143],[-122.4962,48.9146],[-122.4855,48.9201],[-122.4856,48.9048],[-122.5028,48.9033],[-122.5139,48.8982],[-122.5102,48.8879],[-122.5102,48.8843],[-122.4979,48.8841],[-122.4969,48.8769],[-122.4859,48.8624],[-122.4717,48.8626],[-122.4687,48.8589],[-122.4536,48.8635],[-122.4646,48.8647],[-122.4647,48.8699],[-122.4426,48.8698]]]},"properties":{"ZCTA5CE10":"98264"}},{"type":"Feature","geometry":{"type":"Polygon","coordinates":[[[-117.0398,46.8259],[-117.0396,46.9611],[-117.0522,46.9576],[-117.0633,46.9614],[-117.0635,46.954],[-117.0699,46.954],[-117.074,46.9651],[-117.1116,46.9614],[-117.131,46.9548],[-117.1442,46.9472],[-117.1546,46.9459],[-117.1565,46.9589],[-117.17,46.9571],[-117.1698,46.9613],[-117.1832,46.9612],[-117.1897,46.9522],[-117.2002,46.955],[-117.2,46.9613],[-117.2133,46.9614],[-117.2134,46.9343],[-117.2367,46.925],[-117.2481,46.9249],[-117.2706,46.9128],[-117.2584,46.8963],[-117.2396,46.8918],[-117.244,46.8822],[-117.1913,46.8807],[-117.1915,46.8662],[-117.1813,46.8662],[-117.1864,46.8589],[-117.2018,46.859],[-117.2018,46.8517],[-117.1812,46.8516],[-117.1811,46.8346],[-117.166,46.8348],[-117.1407,46.8296],[-117.1277,46.8406],[-117.1207,46.8377],[-117.1144,46.8432],[-117.087,46.846],[-117.0727,46.8378],[-117.1016,46.826],[-117.0867,46.8184],[-117.0658,46.8121],[-117.0573,46.8257],[-117.0398,46.8259]]]},"properties":{"ZCTA5CE10":"99161"}},{"type":"Feature","geometry":{"type":"Polygon","coordinates":[[[-117.9143,47.0882],[-117.9068,47.0867],[-117.8921,47.089],[-117.8849,47.0823],[-117.87,47.0795],[-117.8511,47.0824],[-117.8519,47.0761],[-117.8422,47.075],[-117.8421,47.062],[-117.8474,47.0466],[-117.8109,47.0468],[-117.8106,47.0187],[-117.8084,47.0029],[-117.7972,47.0029],[-117.7706,46.9982],[-117.7575,46.9915],[-117.7615,46.9878],[-117.7466,46.984],[-117.7465,46.9742],[-117.725,46.9742],[-117.725,46.9794],[-117.704,46.9818],[-117.7042,46.989],[-117.6612,46.9894],[-117.6613,47.0039],[-117.6403,46.9907],[-117.6407,47.0038],[-117.5764,47.0044],[-117.5761,46.9896],[-117.5867,46.9823],[-117.565,46.9824],[-117.5651,46.9897],[-117.5336,46.9899],[-117.5335,46.9791],[-117.5386,46.9827],[-117.5379,46.9743],[-117.5434,46.9676],[-117.5308,46.9673],[-117.5184,46.959],[-117.5078,46.9574],[-117.5041,46.9529],[-117.4685,46.9892],[-117.4615,46.9998],[-117.4671,47.0098],[-117.4895,47.0143],[-117.4981,47.0318],[-117.5043,47.0367],[-117.4919,47.0444],[-117.4888,47.0506],[-117.4798,47.0533],[-117.4626,47.0636],[-117.4779,47.0673],[-117.4712,47.0736],[-117.4709,47.0801],[-117.4635,47.0875],[-117.4695,47.1054],[-117.4764,47.1163],[-117.4715,47.1234],[-117.4634,47.1254],[-117.4502,47.1232],[-117.4504,47.1375],[-117.4609,47.1374],[-117.4611,47.1499],[-117.4868,47.1579],[-117.5033,47.1549],[-117.5209,47.179],[-117.5347,47.1925],[-117.5579,47.2088],[-117.5599,47.2212],[-117.5783,47.2281],[-117.5856,47.2363],[-117.596,47.2355],[-117.573,47.2598],[-117.6656,47.2598],[-117.6652,47.2378],[-117.678,47.2378],[-117.6863,47.223],[-117.7281,47.2228],[-117.7279,47.2083],[-117.7707,47.2077],[-117.7857,47.1984],[-117.8071,47.1953],[-117.8304,47.1883],[-117.8331,47.1779],[-117.8085,47.1777],[-117.8125,47.1605],[-117.7915,47.1603],[-117.7912,47.156],[-117.802,47.156],[-117.8019,47.134],[-117.8254,47.1335],[-117.8291,47.1403],[-117.8452,47.1544],[-117.8708,47.1577],[-117.8751,47.1566],[-117.8827,47.1324],[-117.8854,47.1152],[-117.8946,47.1061],[-117.8858,47.1053],[-117.8629,47.1102],[-117.8533,47.1099],[-117.8531,47.0915],[-117.8574,47.09],[-117.9078,47.09],[-117.9143,47.0882]]]},"properties":{"ZCTA5CE10":"99171"}},{"type":"Feature","geometry":{"type":"Polygon","coordinates":[[[-117.2682,47.0279],[-117.2844,47.0178],[-117.2845,47.0068],[-117.3053,46.9981],[-117.3108,46.993],[-117.2925,46.9898],[-117.2976,46.9777],[-117.3005,46.9617],[-117.2983,46.9542],[-117.2888,46.9523],[-117.285,46.9374],[-117.2861,46.9284],[-117.2797,46.9255],[-117.2706,46.9128],[-117.2481,46.9249],[-117.2367,46.925],[-117.2134,46.9343],[-117.2133,46.9614],[-117.2,46.9613],[-117.2002,46.955],[-117.1897,46.9522],[-117.1832,46.9612],[-117.1698,46.9613],[-117.17,46.9571],[-117.1565,46.9589],[-117.1546,46.9459],[-117.1442,46.9472],[-117.131,46.9548],[-117.1116,46.9614],[-117.074,46.9651],[-117.0699,46.954],[-117.0635,46.954],[-117.0633,46.9614],[-117.0522,46.9576],[-117.0396,46.9611],[-117.0399,47.0196],[-117.0603,47.02],[-117.0691,47.0073],[-117.0908,47.0082],[-117.1189,47.0114],[-117.1307,47.0054],[-117.1215,47.0136],[-117.1167,47.034],[-117.1167,47.0639],[-117.1402,47.0642],[-117.1469,47.0716],[-117.182,47.0721],[-117.1846,47.0646],[-117.2234,47.0642],[-117.2234,47.0567],[-117.2383,47.067],[-117.2458,47.0619],[-117.255,47.0379],[-117.2682,47.0279]]]},"properties":{"ZCTA5CE10":"99130"}},{"type":"Feature","geometry":{"type":"Polygon","coordinates":[[[-118.0002,46.6245],[-117.9897,46.6278],[-117.9759,46.6274],[-117.9661,46.6376],[-117.9507,46.6415],[-117.9197,46.6587],[-117.9115,46.6714],[-117.91,46.6822],[-117.9042,46.6847],[-117.904,46.6969],[-117.9072,46.7018],[-117.8928,46.7152],[-117.8928,46.7209],[-117.9361,46.7208],[-117.9358,46.7061],[-117.9573,46.7059],[-117.9575,46.6911],[-117.9833,46.6905],[-118.0013,46.6876],[-118.0157,46.6821],[-118.0167,46.6706],[-118.0277,46.6559],[-118.0267,46.6501],[-118.0209,46.6567],[-118.0137,46.6569],[-118.0089,46.6643],[-118.0012,46.6615],[-117.9802,46.6614],[-117.9801,46.6471],[-118.0013,46.6471],[-118.0002,46.6245]]]},"properties":{"ZCTA5CE10":"99136"}},{"type":"Feature","geometry":{"type":"Polygon","coordinates":[[[-120.8878,46.6167],[-120.9122,46.6073],[-121.1499,46.6079],[-121.1518,46.6118],[-121.1612,46.6079],[-121.1944,46.6078],[-121.2186,46.5924],[-121.2311,46.5894],[-121.241,46.5787],[-121.4124,46.5786],[-121.4244,46.5698],[-121.4129,46.5585],[-121.4203,46.5519],[-121.4167,46.5468],[-121.4283,46.5397],[-121.4512,46.5335],[-121.4558,46.5147],[-121.4487,46.5026],[-121.43,46.4984],[-121.4232,46.4927],[-121.4068,46.4882],[-121.406,46.4829],[-121.3804,46.4681],[-121.3581,46.4669],[-121.3501,46.4613],[-121.3387,46.4621],[-121.319,46.4547],[-121.3034,46.4554],[-121.2653,46.4701],[-121.2725,46.4771],[-121.2699,46.4822],[-121.2542,46.4958],[-121.24,46.4998],[-121.2341,46.5051],[-121.221,46.5064],[-121.2096,46.5125],[-121.1952,46.5071],[-121.1869,46.4988],[-121.1784,46.4998],[-121.1626,46.493],[-121.1536,46.4916],[-121.1453,46.483],[-121.144,46.4769],[-121.1337,46.4698],[-121.1262,46.471],[-121.1237,46.4502],[-121.105,46.457],[-121.0963,46.4641],[-121.0686,46.4674],[-121.0421,46.4653],[-121.0238,46.4673],[-121.0017,46.4785],[-120.9706,46.49],[-120.9504,46.4923],[-120.9185,46.5094],[-120.9196,46.5008],[-120.9324,46.4934],[-120.9217,46.4928],[-120.8756,46.5034],[-120.8675,46.5082],[-120.8392,46.5053],[-120.8305,46.5081],[-120.8173,46.5074],[-120.8012,46.5019],[-120.7653,46.5022],[-120.7596,46.4973],[-120.747,46.4998],[-120.7255,46.5078],[-120.6823,46.5033],[-120.6677,46.4986],[-120.6617,46.4981],[-120.6517,46.5066],[-120.6293,46.5091],[-120.6291,46.5212],[-120.5446,46.5209],[-120.5443,46.5299],[-120.532,46.5251],[-120.5109,46.5307],[-120.51,46.5353],[-120.4805,46.5353],[-120.4731,46.5316],[-120.4702,46.5571],[-120.4717,46.5776],[-120.4974,46.5778],[-120.5095,46.5707],[-120.5395,46.5709],[-120.5566,46.5782],[-120.562,46.5747],[-120.5688,46.571],[-120.6043,46.5711],[-120.6096,46.5749],[-120.6362,46.5748],[-120.6363,46.5678],[-120.6423,46.5639],[-120.6994,46.5639],[-120.7389,46.5572],[-120.7471,46.5584],[-120.7754,46.551],[-120.7917,46.55],[-120.8208,46.5511],[-120.8188,46.567],[-120.8288,46.5735],[-120.8451,46.5938],[-120.8448,46.6072],[-120.888,46.6071],[-120.8878,46.6167]]]},"properties":{"ZCTA5CE10":"98903"}},{"type":"Feature","geometry":{"type":"MultiPolygon","coordinates":[[[[-120.5026,46.1738],[-120.5112,46.1446],[-120.5016,46.1636],[-120.4861,46.1899],[-120.4764,46.1993],[-120.4805,46.2029],[-120.4879,46.1965],[-120.5026,46.1738]]],[[[-120.5021,46.3007],[-120.501,46.2772],[-120.4877,46.2829],[-120.4761,46.2832],[-120.4541,46.2783],[-120.4391,46.267],[-120.4287,46.2653],[-120.4155,46.267],[-120.3934,46.2764],[-120.3762,46.2764],[-120.3671,46.2788],[-120.3455,46.2795],[-120.3453,46.2721],[-120.3569,46.2721],[-120.3571,46.2649],[-120.377,46.2648],[-120.3771,46.2145],[-120.3675,46.2146],[-120.3669,46.1054],[-120.3495,46.1178],[-120.3216,46.1267],[-120.2987,46.1253],[-120.2791,46.132],[-120.2662,46.1435],[-120.2647,46.1479],[-120.253,46.1506],[-120.248,46.1363],[-120.2264,46.1602],[-120.2127,46.185],[-120.1961,46.1993],[-120.1807,46.2271],[-120.1603,46.2317],[-120.1493,46.2234],[-120.1407,46.2263],[-120.1413,46.2373],[-120.126,46.2325],[-120.1261,46.255],[-120.225,46.3208],[-120.1998,46.3306],[-120.1976,46.3377],[-120.2013,46.3436],[-120.2124,46.346],[-120.2239,46.3553],[-120.2222,46.3705],[-120.2231,46.3761],[-120.2317,46.3843],[-120.2406,46.3815],[-120.2524,46.3948],[-120.2612,46.3974],[-120.2658,46.3941],[-120.2802,46.3981],[-120.2899,46.4056],[-120.3089,46.4037],[-120.3121,46.4093],[-120.3228,46.4154],[-120.3271,46.4138],[-120.3411,46.4221],[-120.343,46.4286],[-120.3514,46.4272],[-120.3504,46.433],[-120.3877,46.4334],[-120.3752,46.4261],[-120.3753,46.4188],[-120.4174,46.4188],[-120.4174,46.3919],[-120.4067,46.386],[-120.3998,46.3753],[-120.4207,46.3755],[-120.428,46.3888],[-120.428,46.3756],[-120.4702,46.3754],[-120.4659,46.3682],[-120.4811,46.3682],[-120.4812,46.3608],[-120.5021,46.361],[-120.5021,46.3684],[-120.544,46.3681],[-120.544,46.3609],[-120.5546,46.3606],[-120.5547,46.3534],[-120.5653,46.3569],[-120.5649,46.3461],[-120.5439,46.3461],[-120.5437,46.3316],[-120.5541,46.3316],[-120.5552,46.3101],[-120.5319,46.3098],[-120.5229,46.3118],[-120.5228,46.3025],[-120.5021,46.3007]]]]},"properties":{"ZCTA5CE10":"98948"}}]}